Operator,Mode,Vehicle,Origin,Destination,Departure Date,Departure Time,Arrival Time,Return Date,Accommodation,Price,Additional Price,Tickets Available,Rate Tier,Has Bed
Starlite,ferry,ANNAPOLIS,Batangas,Calapan,03/09/2026,01:00,04:00,,Reclining Seat,680,0,50,regular,0
Starlite,ferry,ANNAPOLIS,Batangas,Calapan,03/09/2026,01:00,04:00,,Economy Bed Bunk,680,0,50,regular,1
Starlite,ferry,ANNAPOLIS,Batangas,Calapan,03/09/2026,01:00,04:00,,Tourist Bed Bunk,680,0,50,regular,1
Starlite,ferry,ANNAPOLIS,Batangas,Calapan,03/09/2026,03:00,06:00,,Reclining Seat,680,0,50,regular,0
Starlite,ferry,ANNAPOLIS,Batangas,Calapan,03/09/2026,03:00,06:00,,Economy Bed Bunk,680,0,50,regular,1
Starlite,ferry,ANNAPOLIS,Batangas,Calapan,03/09/2026,03:00,06:00,,Tourist Bed Bunk,680,0,50,regular,1
Starlite,ferry,ANNAPOLIS,Batangas,Calapan,03/09/2026,05:00,08:00,,Reclining Seat,680,0,50,regular,0
Starlite,ferry,ANNAPOLIS,Batangas,Calapan,03/09/2026,05:00,08:00,,Economy Bed Bunk,680,0,50,regular,1
Starlite,ferry,ANNAPOLIS,Batangas,Calapan,03/09/2026,05:00,08:00,,Tourist Bed Bunk,680,0,50,regular,1
Starlite,ferry,ANNAPOLIS,Batangas,Calapan,03/09/2026,07:00,10:00,,Reclining Seat,680,0,50,regular,0
Starlite,ferry,ANNAPOLIS,Batangas,Calapan,03/09/2026,07:00,10:00,,Economy Bed Bunk,680,0,50,regular,1
Starlite,ferry,ANNAPOLIS,Batangas,Calapan,03/09/2026,07:00,10:00,,Tourist Bed Bunk,680,0,50,regular,1
Starlite,ferry,ANNAPOLIS,Batangas,Calapan,03/09/2026,09:00,12:00,,Reclining Seat,680,0,50,regular,0
Starlite,ferry,ANNAPOLIS,Batangas,Calapan,03/09/2026,09:00,12:00,,Economy Bed Bunk,680,0,50,regular,1
Starlite,ferry,ANNAPOLIS,Batangas,Calapan,03/09/2026,09:00,12:00,,Tourist Bed Bunk,680,0,50,regular,1
Starlite,ferry,ANNAPOLIS,Batangas,Calapan,03/09/2026,11:00,14:00,,Reclining Seat,680,0,50,regular,0
Starlite,ferry,ANNAPOLIS,Batangas,Calapan,03/09/2026,11:00,14:00,,Economy Bed Bunk,680,0,50,regular,1
Starlite,ferry,ANNAPOLIS,Batangas,Calapan,03/09/2026,11:00,14:00,,Tourist Bed Bunk,680,0,50,regular,1
Starlite,ferry,ANNAPOLIS,Batangas,Calapan,03/09/2026,13:00,16:00,,Reclining Seat,680,0,50,regular,0
Starlite,ferry,ANNAPOLIS,Batangas,Calapan,03/09/2026,13:00,16:00,,Economy Bed Bunk,680,0,50,regular,1
Starlite,ferry,ANNAPOLIS,Batangas,Calapan,03/09/2026,13:00,16:00,,Tourist Bed Bunk,680,0,50,regular,1
Starlite,ferry,ANNAPOLIS,Batangas,Calapan,03/09/2026,15:00,18:00,,Reclining Seat,680,0,50,regular,0
Starlite,ferry,ANNAPOLIS,Batangas,Calapan,03/09/2026,15:00,18:00,,Economy Bed Bunk,680,0,50,regular,1
Starlite,ferry,ANNAPOLIS,Batangas,Calapan,03/09/2026,15:00,18:00,,Tourist Bed Bunk,680,0,50,regular,1
Starlite,ferry,ANNAPOLIS,Batangas,Calapan,03/09/2026,17:00,20:00,,Reclining Seat,680,0,50,regular,0
Starlite,ferry,ANNAPOLIS,Batangas,Calapan,03/09/2026,17:00,20:00,,Economy Bed Bunk,680,0,50,regular,1
Starlite,ferry,ANNAPOLIS,Batangas,Calapan,03/09/2026,17:00,20:00,,Tourist Bed Bunk,680,0,50,regular,1
Starlite,ferry,ANNAPOLIS,Batangas,Calapan,03/09/2026,19:00,22:00,,Reclining Seat,680,0,50,regular,0
Starlite,ferry,ANNAPOLIS,Batangas,Calapan,03/09/2026,19:00,22:00,,Economy Bed Bunk,680,0,50,regular,1
Starlite,ferry,ANNAPOLIS,Batangas,Calapan,03/09/2026,19:00,22:00,,Tourist Bed Bunk,680,0,50,regular,1
Starlite,ferry,ANNAPOLIS,Batangas,Calapan,03/09/2026,21:00,00:00,,Reclining Seat,680,0,50,regular,0
Starlite,ferry,ANNAPOLIS,Batangas,Calapan,03/09/2026,21:00,00:00,,Economy Bed Bunk,680,0,50,regular,1
Starlite,ferry,ANNAPOLIS,Batangas,Calapan,03/09/2026,21:00,00:00,,Tourist Bed Bunk,680,0,50,regular,1
Starlite,ferry,ANNAPOLIS,Batangas,Calapan,03/09/2026,23:00,02:00,,Reclining Seat,680,0,50,regular,0
Starlite,ferry,ANNAPOLIS,Batangas,Calapan,03/09/2026,23:00,02:00,,Economy Bed Bunk,680,0,50,regular,1
Starlite,ferry,ANNAPOLIS,Batangas,Calapan,03/09/2026,23:00,02:00,,Tourist Bed Bunk,680,0,50,regular,1
Starlite,ferry,ANNAPOLIS,Batangas,Calapan,04/09/2026,01:00,04:00,,Reclining Seat,680,0,50,regular,0
Starlite,ferry,ANNAPOLIS,Batangas,Calapan,04/09/2026,01:00,04:00,,Economy Bed Bunk,680,0,50,regular,1
Starlite,ferry,ANNAPOLIS,Batangas,Calapan,04/09/2026,01:00,04:00,,Tourist Bed Bunk,680,0,50,regular,1
Starlite,ferry,ANNAPOLIS,Batangas,Calapan,04/09/2026,03:00,06:00,,Reclining Seat,680,0,50,regular,0
Starlite,ferry,ANNAPOLIS,Batangas,Calapan,04/09/2026,03:00,06:00,,Economy Bed Bunk,680,0,50,regular,1
Starlite,ferry,ANNAPOLIS,Batangas,Calapan,04/09/2026,03:00,06:00,,Tourist Bed Bunk,680,0,50,regular,1
Starlite,ferry,ANNAPOLIS,Batangas,Calapan,04/09/2026,05:00,08:00,,Reclining Seat,680,0,50,regular,0
Starlite,ferry,ANNAPOLIS,Batangas,Calapan,04/09/2026,05:00,08:00,,Economy Bed Bunk,680,0,50,regular,1
Starlite,ferry,ANNAPOLIS,Batangas,Calapan,04/09/2026,05:00,08:00,,Tourist Bed Bunk,680,0,50,regular,1
Starlite,ferry,ANNAPOLIS,Batangas,Calapan,04/09/2026,07:00,10:00,,Reclining Seat,680,0,50,regular,0
Starlite,ferry,ANNAPOLIS,Batangas,Calapan,04/09/2026,07:00,10:00,,Economy Bed Bunk,680,0,50,regular,1
Starlite,ferry,ANNAPOLIS,Batangas,Calapan,04/09/2026,07:00,10:00,,Tourist Bed Bunk,680,0,50,regular,1
Starlite,ferry,ANNAPOLIS,Batangas,Calapan,04/09/2026,09:00,12:00,,Reclining Seat,680,0,50,regular,0
Starlite,ferry,ANNAPOLIS,Batangas,Calapan,04/09/2026,09:00,12:00,,Economy Bed Bunk,680,0,50,regular,1
Starlite,ferry,ANNAPOLIS,Batangas,Calapan,04/09/2026,09:00,12:00,,Tourist Bed Bunk,680,0,50,regular,1
Starlite,ferry,ANNAPOLIS,Batangas,Calapan,04/09/2026,11:00,14:00,,Reclining Seat,680,0,50,regular,0
Starlite,ferry,ANNAPOLIS,Batangas,Calapan,04/09/2026,11:00,14:00,,Economy Bed Bunk,680,0,50,regular,1
Starlite,ferry,ANNAPOLIS,Batangas,Calapan,04/09/2026,11:00,14:00,,Tourist Bed Bunk,680,0,50,regular,1
Starlite,ferry,ANNAPOLIS,Batangas,Calapan,04/09/2026,13:00,16:00,,Reclining Seat,680,0,50,regular,0
Starlite,ferry,ANNAPOLIS,Batangas,Calapan,04/09/2026,13:00,16:00,,Economy Bed Bunk,680,0,50,regular,1
Starlite,ferry,ANNAPOLIS,Batangas,Calapan,04/09/2026,13:00,16:00,,Tourist Bed Bunk,680,0,50,regular,1
Starlite,ferry,ANNAPOLIS,Batangas,Calapan,04/09/2026,15:00,18:00,,Reclining Seat,680,0,50,regular,0
Starlite,ferry,ANNAPOLIS,Batangas,Calapan,04/09/2026,15:00,18:00,,Economy Bed Bunk,680,0,50,regular,1
Starlite,ferry,ANNAPOLIS,Batangas,Calapan,04/09/2026,15:00,18:00,,Tourist Bed Bunk,680,0,50,regular,1
Starlite,ferry,ANNAPOLIS,Batangas,Calapan,04/09/2026,17:00,20:00,,Reclining Seat,680,0,50,regular,0
Starlite,ferry,ANNAPOLIS,Batangas,Calapan,04/09/2026,17:00,20:00,,Economy Bed Bunk,680,0,50,regular,1
Starlite,ferry,ANNAPOLIS,Batangas,Calapan,04/09/2026,17:00,20:00,,Tourist Bed Bunk,680,0,50,regular,1
Starlite,ferry,ANNAPOLIS,Batangas,Calapan,04/09/2026,19:00,22:00,,Reclining Seat,680,0,50,regular,0
Starlite,ferry,ANNAPOLIS,Batangas,Calapan,04/09/2026,19:00,22:00,,Economy Bed Bunk,680,0,50,regular,1
Starlite,ferry,ANNAPOLIS,Batangas,Calapan,04/09/2026,19:00,22:00,,Tourist Bed Bunk,680,0,50,regular,1
Starlite,ferry,ANNAPOLIS,Batangas,Calapan,04/09/2026,21:00,00:00,,Reclining Seat,680,0,50,regular,0
Starlite,ferry,ANNAPOLIS,Batangas,Calapan,04/09/2026,21:00,00:00,,Economy Bed Bunk,680,0,50,regular,1
Starlite,ferry,ANNAPOLIS,Batangas,Calapan,04/09/2026,21:00,00:00,,Tourist Bed Bunk,680,0,50,regular,1
Starlite,ferry,ANNAPOLIS,Batangas,Calapan,04/09/2026,23:00,02:00,,Reclining Seat,680,0,50,regular,0
Starlite,ferry,ANNAPOLIS,Batangas,Calapan,04/09/2026,23:00,02:00,,Economy Bed Bunk,680,0,50,regular,1
Starlite,ferry,ANNAPOLIS,Batangas,Calapan,04/09/2026,23:00,02:00,,Tourist Bed Bunk,680,0,50,regular,1
Starlite,ferry,ANNAPOLIS,Batangas,Calapan,05/09/2026,01:00,04:00,,Reclining Seat,680,0,50,regular,0
Starlite,ferry,ANNAPOLIS,Batangas,Calapan,05/09/2026,01:00,04:00,,Economy Bed Bunk,680,0,50,regular,1
Starlite,ferry,ANNAPOLIS,Batangas,Calapan,05/09/2026,01:00,04:00,,Tourist Bed Bunk,680,0,50,regular,1
Starlite,ferry,ANNAPOLIS,Batangas,Calapan,05/09/2026,03:00,06:00,,Reclining Seat,680,0,50,regular,0
Starlite,ferry,ANNAPOLIS,Batangas,Calapan,05/09/2026,03:00,06:00,,Economy Bed Bunk,680,0,50,regular,1
Starlite,ferry,ANNAPOLIS,Batangas,Calapan,05/09/2026,03:00,06:00,,Tourist Bed Bunk,680,0,50,regular,1
Starlite,ferry,ANNAPOLIS,Batangas,Calapan,05/09/2026,05:00,08:00,,Reclining Seat,680,0,50,regular,0
Starlite,ferry,ANNAPOLIS,Batangas,Calapan,05/09/2026,05:00,08:00,,Economy Bed Bunk,680,0,50,regular,1
Starlite,ferry,ANNAPOLIS,Batangas,Calapan,05/09/2026,05:00,08:00,,Tourist Bed Bunk,680,0,50,regular,1
Starlite,ferry,ANNAPOLIS,Batangas,Calapan,05/09/2026,07:00,10:00,,Reclining Seat,680,0,50,regular,0
Starlite,ferry,ANNAPOLIS,Batangas,Calapan,05/09/2026,07:00,10:00,,Economy Bed Bunk,680,0,50,regular,1
Starlite,ferry,ANNAPOLIS,Batangas,Calapan,05/09/2026,07:00,10:00,,Tourist Bed Bunk,680,0,50,regular,1
Starlite,ferry,ANNAPOLIS,Batangas,Calapan,05/09/2026,09:00,12:00,,Reclining Seat,680,0,50,regular,0
Starlite,ferry,ANNAPOLIS,Batangas,Calapan,05/09/2026,09:00,12:00,,Economy Bed Bunk,680,0,50,regular,1
Starlite,ferry,ANNAPOLIS,Batangas,Calapan,05/09/2026,09:00,12:00,,Tourist Bed Bunk,680,0,50,regular,1
Starlite,ferry,ANNAPOLIS,Batangas,Calapan,05/09/2026,11:00,14:00,,Reclining Seat,680,0,50,regular,0
Starlite,ferry,ANNAPOLIS,Batangas,Calapan,05/09/2026,11:00,14:00,,Economy Bed Bunk,680,0,50,regular,1
Starlite,ferry,ANNAPOLIS,Batangas,Calapan,05/09/2026,11:00,14:00,,Tourist Bed Bunk,680,0,50,regular,1
Starlite,ferry,ANNAPOLIS,Batangas,Calapan,05/09/2026,13:00,16:00,,Reclining Seat,680,0,50,regular,0
Starlite,ferry,ANNAPOLIS,Batangas,Calapan,05/09/2026,13:00,16:00,,Economy Bed Bunk,680,0,50,regular,1
Starlite,ferry,ANNAPOLIS,Batangas,Calapan,05/09/2026,13:00,16:00,,Tourist Bed Bunk,680,0,50,regular,1
Starlite,ferry,ANNAPOLIS,Batangas,Calapan,05/09/2026,15:00,18:00,,Reclining Seat,680,0,50,regular,0
Starlite,ferry,ANNAPOLIS,Batangas,Calapan,05/09/2026,15:00,18:00,,Economy Bed Bunk,680,0,50,regular,1
Starlite,ferry,ANNAPOLIS,Batangas,Calapan,05/09/2026,15:00,18:00,,Tourist Bed Bunk,680,0,50,regular,1
Starlite,ferry,ANNAPOLIS,Batangas,Calapan,05/09/2026,17:00,20:00,,Reclining Seat,680,0,50,regular,0
Starlite,ferry,ANNAPOLIS,Batangas,Calapan,05/09/2026,17:00,20:00,,Economy Bed Bunk,680,0,50,regular,1
Starlite,ferry,ANNAPOLIS,Batangas,Calapan,05/09/2026,17:00,20:00,,Tourist Bed Bunk,680,0,50,regular,1
Starlite,ferry,ANNAPOLIS,Batangas,Calapan,05/09/2026,19:00,22:00,,Reclining Seat,680,0,50,regular,0
Starlite,ferry,ANNAPOLIS,Batangas,Calapan,05/09/2026,19:00,22:00,,Economy Bed Bunk,680,0,50,regular,1
Starlite,ferry,ANNAPOLIS,Batangas,Calapan,05/09/2026,19:00,22:00,,Tourist Bed Bunk,680,0,50,regular,1
Starlite,ferry,ANNAPOLIS,Batangas,Calapan,05/09/2026,21:00,00:00,,Reclining Seat,680,0,50,regular,0
Starlite,ferry,ANNAPOLIS,Batangas,Calapan,05/09/2026,21:00,00:00,,Economy Bed Bunk,680,0,50,regular,1
Starlite,ferry,ANNAPOLIS,Batangas,Calapan,05/09/2026,21:00,00:00,,Tourist Bed Bunk,680,0,50,regular,1
Starlite,ferry,ANNAPOLIS,Batangas,Calapan,05/09/2026,23:00,02:00,,Reclining Seat,680,0,50,regular,0
Starlite,ferry,ANNAPOLIS,Batangas,Calapan,05/09/2026,23:00,02:00,,Economy Bed Bunk,680,0,50,regular,1
Starlite,ferry,ANNAPOLIS,Batangas,Calapan,05/09/2026,23:00,02:00,,Tourist Bed Bunk,680,0,50,regular,1
Starlite,ferry,ANNAPOLIS,Batangas,Calapan,06/09/2026,01:00,04:00,,Reclining Seat,680,0,50,regular,0
Starlite,ferry,ANNAPOLIS,Batangas,Calapan,06/09/2026,01:00,04:00,,Economy Bed Bunk,680,0,50,regular,1
Starlite,ferry,ANNAPOLIS,Batangas,Calapan,06/09/2026,01:00,04:00,,Tourist Bed Bunk,680,0,50,regular,1
Starlite,ferry,ANNAPOLIS,Batangas,Calapan,06/09/2026,03:00,06:00,,Reclining Seat,680,0,50,regular,0
Starlite,ferry,ANNAPOLIS,Batangas,Calapan,06/09/2026,03:00,06:00,,Economy Bed Bunk,680,0,50,regular,1
Starlite,ferry,ANNAPOLIS,Batangas,Calapan,06/09/2026,03:00,06:00,,Tourist Bed Bunk,680,0,50,regular,1
Starlite,ferry,ANNAPOLIS,Batangas,Calapan,06/09/2026,05:00,08:00,,Reclining Seat,680,0,50,regular,0
Starlite,ferry,ANNAPOLIS,Batangas,Calapan,06/09/2026,05:00,08:00,,Economy Bed Bunk,680,0,50,regular,1
Starlite,ferry,ANNAPOLIS,Batangas,Calapan,06/09/2026,05:00,08:00,,Tourist Bed Bunk,680,0,50,regular,1
Starlite,ferry,ANNAPOLIS,Batangas,Calapan,06/09/2026,07:00,10:00,,Reclining Seat,680,0,50,regular,0
Starlite,ferry,ANNAPOLIS,Batangas,Calapan,06/09/2026,07:00,10:00,,Economy Bed Bunk,680,0,50,regular,1
Starlite,ferry,ANNAPOLIS,Batangas,Calapan,06/09/2026,07:00,10:00,,Tourist Bed Bunk,680,0,50,regular,1
Starlite,ferry,ANNAPOLIS,Batangas,Calapan,06/09/2026,09:00,12:00,,Reclining Seat,680,0,50,regular,0
Starlite,ferry,ANNAPOLIS,Batangas,Calapan,06/09/2026,09:00,12:00,,Economy Bed Bunk,680,0,50,regular,1
Starlite,ferry,ANNAPOLIS,Batangas,Calapan,06/09/2026,09:00,12:00,,Tourist Bed Bunk,680,0,50,regular,1
Starlite,ferry,ANNAPOLIS,Batangas,Calapan,06/09/2026,11:00,14:00,,Reclining Seat,680,0,50,regular,0
Starlite,ferry,ANNAPOLIS,Batangas,Calapan,06/09/2026,11:00,14:00,,Economy Bed Bunk,680,0,50,regular,1
Starlite,ferry,ANNAPOLIS,Batangas,Calapan,06/09/2026,11:00,14:00,,Tourist Bed Bunk,680,0,50,regular,1
Starlite,ferry,ANNAPOLIS,Batangas,Calapan,06/09/2026,13:00,16:00,,Reclining Seat,680,0,50,regular,0
Starlite,ferry,ANNAPOLIS,Batangas,Calapan,06/09/2026,13:00,16:00,,Economy Bed Bunk,680,0,50,regular,1
Starlite,ferry,ANNAPOLIS,Batangas,Calapan,06/09/2026,13:00,16:00,,Tourist Bed Bunk,680,0,50,regular,1
Starlite,ferry,ANNAPOLIS,Batangas,Calapan,06/09/2026,15:00,18:00,,Reclining Seat,680,0,50,regular,0
Starlite,ferry,ANNAPOLIS,Batangas,Calapan,06/09/2026,15:00,18:00,,Economy Bed Bunk,680,0,50,regular,1
Starlite,ferry,ANNAPOLIS,Batangas,Calapan,06/09/2026,15:00,18:00,,Tourist Bed Bunk,680,0,50,regular,1
Starlite,ferry,ANNAPOLIS,Batangas,Calapan,06/09/2026,17:00,20:00,,Reclining Seat,680,0,50,regular,0
Starlite,ferry,ANNAPOLIS,Batangas,Calapan,06/09/2026,17:00,20:00,,Economy Bed Bunk,680,0,50,regular,1
Starlite,ferry,ANNAPOLIS,Batangas,Calapan,06/09/2026,17:00,20:00,,Tourist Bed Bunk,680,0,50,regular,1
Starlite,ferry,ANNAPOLIS,Batangas,Calapan,06/09/2026,19:00,22:00,,Reclining Seat,680,0,50,regular,0
Starlite,ferry,ANNAPOLIS,Batangas,Calapan,06/09/2026,19:00,22:00,,Economy Bed Bunk,680,0,50,regular,1
Starlite,ferry,ANNAPOLIS,Batangas,Calapan,06/09/2026,19:00,22:00,,Tourist Bed Bunk,680,0,50,regular,1
Starlite,ferry,ANNAPOLIS,Batangas,Calapan,06/09/2026,21:00,00:00,,Reclining Seat,680,0,50,regular,0
Starlite,ferry,ANNAPOLIS,Batangas,Calapan,06/09/2026,21:00,00:00,,Economy Bed Bunk,680,0,50,regular,1
Starlite,ferry,ANNAPOLIS,Batangas,Calapan,06/09/2026,21:00,00:00,,Tourist Bed Bunk,680,0,50,regular,1
Starlite,ferry,ANNAPOLIS,Batangas,Calapan,06/09/2026,23:00,02:00,,Reclining Seat,680,0,50,regular,0
Starlite,ferry,ANNAPOLIS,Batangas,Calapan,06/09/2026,23:00,02:00,,Economy Bed Bunk,680,0,50,regular,1
Starlite,ferry,ANNAPOLIS,Batangas,Calapan,06/09/2026,23:00,02:00,,Tourist Bed Bunk,680,0,50,regular,1
Starlite,ferry,ANNAPOLIS,Batangas,Calapan,07/09/2026,01:00,04:00,,Reclining Seat,680,0,50,regular,0
Starlite,ferry,ANNAPOLIS,Batangas,Calapan,07/09/2026,01:00,04:00,,Economy Bed Bunk,680,0,50,regular,1
Starlite,ferry,ANNAPOLIS,Batangas,Calapan,07/09/2026,01:00,04:00,,Tourist Bed Bunk,680,0,50,regular,1
Starlite,ferry,ANNAPOLIS,Batangas,Calapan,07/09/2026,03:00,06:00,,Reclining Seat,680,0,50,regular,0
Starlite,ferry,ANNAPOLIS,Batangas,Calapan,07/09/2026,03:00,06:00,,Economy Bed Bunk,680,0,50,regular,1
Starlite,ferry,ANNAPOLIS,Batangas,Calapan,07/09/2026,03:00,06:00,,Tourist Bed Bunk,680,0,50,regular,1
Starlite,ferry,ANNAPOLIS,Batangas,Calapan,07/09/2026,05:00,08:00,,Reclining Seat,680,0,50,regular,0
Starlite,ferry,ANNAPOLIS,Batangas,Calapan,07/09/2026,05:00,08:00,,Economy Bed Bunk,680,0,50,regular,1
Starlite,ferry,ANNAPOLIS,Batangas,Calapan,07/09/2026,05:00,08:00,,Tourist Bed Bunk,680,0,50,regular,1
Starlite,ferry,ANNAPOLIS,Batangas,Calapan,07/09/2026,07:00,10:00,,Reclining Seat,680,0,50,regular,0
Starlite,ferry,ANNAPOLIS,Batangas,Calapan,07/09/2026,07:00,10:00,,Economy Bed Bunk,680,0,50,regular,1
Starlite,ferry,ANNAPOLIS,Batangas,Calapan,07/09/2026,07:00,10:00,,Tourist Bed Bunk,680,0,50,regular,1
Starlite,ferry,ANNAPOLIS,Batangas,Calapan,07/09/2026,09:00,12:00,,Reclining Seat,680,0,50,regular,0
Starlite,ferry,ANNAPOLIS,Batangas,Calapan,07/09/2026,09:00,12:00,,Economy Bed Bunk,680,0,50,regular,1
Starlite,ferry,ANNAPOLIS,Batangas,Calapan,07/09/2026,09:00,12:00,,Tourist Bed Bunk,680,0,50,regular,1
Starlite,ferry,ANNAPOLIS,Batangas,Calapan,07/09/2026,11:00,14:00,,Reclining Seat,680,0,50,regular,0
Starlite,ferry,ANNAPOLIS,Batangas,Calapan,07/09/2026,11:00,14:00,,Economy Bed Bunk,680,0,50,regular,1
Starlite,ferry,ANNAPOLIS,Batangas,Calapan,07/09/2026,11:00,14:00,,Tourist Bed Bunk,680,0,50,regular,1
Starlite,ferry,ANNAPOLIS,Batangas,Calapan,07/09/2026,13:00,16:00,,Reclining Seat,680,0,50,regular,0
Starlite,ferry,ANNAPOLIS,Batangas,Calapan,07/09/2026,13:00,16:00,,Economy Bed Bunk,680,0,50,regular,1
Starlite,ferry,ANNAPOLIS,Batangas,Calapan,07/09/2026,13:00,16:00,,Tourist Bed Bunk,680,0,50,regular,1
Starlite,ferry,ANNAPOLIS,Batangas,Calapan,07/09/2026,15:00,18:00,,Reclining Seat,680,0,50,regular,0
Starlite,ferry,ANNAPOLIS,Batangas,Calapan,07/09/2026,15:00,18:00,,Economy Bed Bunk,680,0,50,regular,1
Starlite,ferry,ANNAPOLIS,Batangas,Calapan,07/09/2026,15:00,18:00,,Tourist Bed Bunk,680,0,50,regular,1
Starlite,ferry,ANNAPOLIS,Batangas,Calapan,07/09/2026,17:00,20:00,,Reclining Seat,680,0,50,regular,0
Starlite,ferry,ANNAPOLIS,Batangas,Calapan,07/09/2026,17:00,20:00,,Economy Bed Bunk,680,0,50,regular,1
Starlite,ferry,ANNAPOLIS,Batangas,Calapan,07/09/2026,17:00,20:00,,Tourist Bed Bunk,680,0,50,regular,1
Starlite,ferry,ANNAPOLIS,Batangas,Calapan,07/09/2026,19:00,22:00,,Reclining Seat,680,0,50,regular,0
Starlite,ferry,ANNAPOLIS,Batangas,Calapan,07/09/2026,19:00,22:00,,Economy Bed Bunk,680,0,50,regular,1
Starlite,ferry,ANNAPOLIS,Batangas,Calapan,07/09/2026,19:00,22:00,,Tourist Bed Bunk,680,0,50,regular,1
Starlite,ferry,ANNAPOLIS,Batangas,Calapan,07/09/2026,21:00,00:00,,Reclining Seat,680,0,50,regular,0
Starlite,ferry,ANNAPOLIS,Batangas,Calapan,07/09/2026,21:00,00:00,,Economy Bed Bunk,680,0,50,regular,1
Starlite,ferry,ANNAPOLIS,Batangas,Calapan,07/09/2026,21:00,00:00,,Tourist Bed Bunk,680,0,50,regular,1
Starlite,ferry,ANNAPOLIS,Batangas,Calapan,07/09/2026,23:00,02:00,,Reclining Seat,680,0,50,regular,0
Starlite,ferry,ANNAPOLIS,Batangas,Calapan,07/09/2026,23:00,02:00,,Economy Bed Bunk,680,0,50,regular,1
Starlite,ferry,ANNAPOLIS,Batangas,Calapan,07/09/2026,23:00,02:00,,Tourist Bed Bunk,680,0,50,regular,1
Starlite,ferry,ANNAPOLIS,Batangas,Calapan,08/09/2026,01:00,04:00,,Reclining Seat,680,0,50,regular,0
Starlite,ferry,ANNAPOLIS,Batangas,Calapan,08/09/2026,01:00,04:00,,Economy Bed Bunk,680,0,50,regular,1
Starlite,ferry,ANNAPOLIS,Batangas,Calapan,08/09/2026,01:00,04:00,,Tourist Bed Bunk,680,0,50,regular,1
Starlite,ferry,ANNAPOLIS,Batangas,Calapan,08/09/2026,03:00,06:00,,Reclining Seat,680,0,50,regular,0
Starlite,ferry,ANNAPOLIS,Batangas,Calapan,08/09/2026,03:00,06:00,,Economy Bed Bunk,680,0,50,regular,1
Starlite,ferry,ANNAPOLIS,Batangas,Calapan,08/09/2026,03:00,06:00,,Tourist Bed Bunk,680,0,50,regular,1
Starlite,ferry,ANNAPOLIS,Batangas,Calapan,08/09/2026,05:00,08:00,,Reclining Seat,680,0,50,regular,0
Starlite,ferry,ANNAPOLIS,Batangas,Calapan,08/09/2026,05:00,08:00,,Economy Bed Bunk,680,0,50,regular,1
Starlite,ferry,ANNAPOLIS,Batangas,Calapan,08/09/2026,05:00,08:00,,Tourist Bed Bunk,680,0,50,regular,1
Starlite,ferry,ANNAPOLIS,Batangas,Calapan,08/09/2026,07:00,10:00,,Reclining Seat,680,0,50,regular,0
Starlite,ferry,ANNAPOLIS,Batangas,Calapan,08/09/2026,07:00,10:00,,Economy Bed Bunk,680,0,50,regular,1
Starlite,ferry,ANNAPOLIS,Batangas,Calapan,08/09/2026,07:00,10:00,,Tourist Bed Bunk,680,0,50,regular,1
Starlite,ferry,ANNAPOLIS,Batangas,Calapan,08/09/2026,09:00,12:00,,Reclining Seat,680,0,50,regular,0
Starlite,ferry,ANNAPOLIS,Batangas,Calapan,08/09/2026,09:00,12:00,,Economy Bed Bunk,680,0,50,regular,1
Starlite,ferry,ANNAPOLIS,Batangas,Calapan,08/09/2026,09:00,12:00,,Tourist Bed Bunk,680,0,50,regular,1
Starlite,ferry,ANNAPOLIS,Batangas,Calapan,08/09/2026,11:00,14:00,,Reclining Seat,680,0,50,regular,0
Starlite,ferry,ANNAPOLIS,Batangas,Calapan,08/09/2026,11:00,14:00,,Economy Bed Bunk,680,0,50,regular,1
Starlite,ferry,ANNAPOLIS,Batangas,Calapan,08/09/2026,11:00,14:00,,Tourist Bed Bunk,680,0,50,regular,1
Starlite,ferry,ANNAPOLIS,Batangas,Calapan,08/09/2026,13:00,16:00,,Reclining Seat,680,0,50,regular,0
Starlite,ferry,ANNAPOLIS,Batangas,Calapan,08/09/2026,13:00,16:00,,Economy Bed Bunk,680,0,50,regular,1
Starlite,ferry,ANNAPOLIS,Batangas,Calapan,08/09/2026,13:00,16:00,,Tourist Bed Bunk,680,0,50,regular,1
Starlite,ferry,ANNAPOLIS,Batangas,Calapan,08/09/2026,15:00,18:00,,Reclining Seat,680,0,50,regular,0
Starlite,ferry,ANNAPOLIS,Batangas,Calapan,08/09/2026,15:00,18:00,,Economy Bed Bunk,680,0,50,regular,1
Starlite,ferry,ANNAPOLIS,Batangas,Calapan,08/09/2026,15:00,18:00,,Tourist Bed Bunk,680,0,50,regular,1
Starlite,ferry,ANNAPOLIS,Batangas,Calapan,08/09/2026,17:00,20:00,,Reclining Seat,680,0,50,regular,0
Starlite,ferry,ANNAPOLIS,Batangas,Calapan,08/09/2026,17:00,20:00,,Economy Bed Bunk,680,0,50,regular,1
Starlite,ferry,ANNAPOLIS,Batangas,Calapan,08/09/2026,17:00,20:00,,Tourist Bed Bunk,680,0,50,regular,1
Starlite,ferry,ANNAPOLIS,Batangas,Calapan,08/09/2026,19:00,22:00,,Reclining Seat,680,0,50,regular,0
Starlite,ferry,ANNAPOLIS,Batangas,Calapan,08/09/2026,19:00,22:00,,Economy Bed Bunk,680,0,50,regular,1
Starlite,ferry,ANNAPOLIS,Batangas,Calapan,08/09/2026,19:00,22:00,,Tourist Bed Bunk,680,0,50,regular,1
Starlite,ferry,ANNAPOLIS,Batangas,Calapan,08/09/2026,21:00,00:00,,Reclining Seat,680,0,50,regular,0
Starlite,ferry,ANNAPOLIS,Batangas,Calapan,08/09/2026,21:00,00:00,,Economy Bed Bunk,680,0,50,regular,1
Starlite,ferry,ANNAPOLIS,Batangas,Calapan,08/09/2026,21:00,00:00,,Tourist Bed Bunk,680,0,50,regular,1
Starlite,ferry,ANNAPOLIS,Batangas,Calapan,08/09/2026,23:00,02:00,,Reclining Seat,680,0,50,regular,0
Starlite,ferry,ANNAPOLIS,Batangas,Calapan,08/09/2026,23:00,02:00,,Economy Bed Bunk,680,0,50,regular,1
Starlite,ferry,ANNAPOLIS,Batangas,Calapan,08/09/2026,23:00,02:00,,Tourist Bed Bunk,680,0,50,regular,1
Starlite,ferry,ANNAPOLIS,Batangas,Calapan,09/09/2026,01:00,04:00,,Reclining Seat,680,0,50,regular,0
Starlite,ferry,ANNAPOLIS,Batangas,Calapan,09/09/2026,01:00,04:00,,Economy Bed Bunk,680,0,50,regular,1
Starlite,ferry,ANNAPOLIS,Batangas,Calapan,09/09/2026,01:00,04:00,,Tourist Bed Bunk,680,0,50,regular,1
Starlite,ferry,ANNAPOLIS,Batangas,Calapan,09/09/2026,03:00,06:00,,Reclining Seat,680,0,50,regular,0
Starlite,ferry,ANNAPOLIS,Batangas,Calapan,09/09/2026,03:00,06:00,,Economy Bed Bunk,680,0,50,regular,1
Starlite,ferry,ANNAPOLIS,Batangas,Calapan,09/09/2026,03:00,06:00,,Tourist Bed Bunk,680,0,50,regular,1
Starlite,ferry,ANNAPOLIS,Batangas,Calapan,09/09/2026,05:00,08:00,,Reclining Seat,680,0,50,regular,0
Starlite,ferry,ANNAPOLIS,Batangas,Calapan,09/09/2026,05:00,08:00,,Economy Bed Bunk,680,0,50,regular,1
Starlite,ferry,ANNAPOLIS,Batangas,Calapan,09/09/2026,05:00,08:00,,Tourist Bed Bunk,680,0,50,regular,1
Starlite,ferry,ANNAPOLIS,Batangas,Calapan,09/09/2026,07:00,10:00,,Reclining Seat,680,0,50,regular,0
Starlite,ferry,ANNAPOLIS,Batangas,Calapan,09/09/2026,07:00,10:00,,Economy Bed Bunk,680,0,50,regular,1
Starlite,ferry,ANNAPOLIS,Batangas,Calapan,09/09/2026,07:00,10:00,,Tourist Bed Bunk,680,0,50,regular,1
Starlite,ferry,ANNAPOLIS,Batangas,Calapan,09/09/2026,09:00,12:00,,Reclining Seat,680,0,50,regular,0
Starlite,ferry,ANNAPOLIS,Batangas,Calapan,09/09/2026,09:00,12:00,,Economy Bed Bunk,680,0,50,regular,1
Starlite,ferry,ANNAPOLIS,Batangas,Calapan,09/09/2026,09:00,12:00,,Tourist Bed Bunk,680,0,50,regular,1
Starlite,ferry,ANNAPOLIS,Batangas,Calapan,09/09/2026,11:00,14:00,,Reclining Seat,680,0,50,regular,0
Starlite,ferry,ANNAPOLIS,Batangas,Calapan,09/09/2026,11:00,14:00,,Economy Bed Bunk,680,0,50,regular,1
Starlite,ferry,ANNAPOLIS,Batangas,Calapan,09/09/2026,11:00,14:00,,Tourist Bed Bunk,680,0,50,regular,1
Starlite,ferry,ANNAPOLIS,Batangas,Calapan,09/09/2026,13:00,16:00,,Reclining Seat,680,0,50,regular,0
Starlite,ferry,ANNAPOLIS,Batangas,Calapan,09/09/2026,13:00,16:00,,Economy Bed Bunk,680,0,50,regular,1
Starlite,ferry,ANNAPOLIS,Batangas,Calapan,09/09/2026,13:00,16:00,,Tourist Bed Bunk,680,0,50,regular,1
Starlite,ferry,ANNAPOLIS,Batangas,Calapan,09/09/2026,15:00,18:00,,Reclining Seat,680,0,50,regular,0
Starlite,ferry,ANNAPOLIS,Batangas,Calapan,09/09/2026,15:00,18:00,,Economy Bed Bunk,680,0,50,regular,1
Starlite,ferry,ANNAPOLIS,Batangas,Calapan,09/09/2026,15:00,18:00,,Tourist Bed Bunk,680,0,50,regular,1
Starlite,ferry,ANNAPOLIS,Batangas,Calapan,09/09/2026,17:00,20:00,,Reclining Seat,680,0,50,regular,0
Starlite,ferry,ANNAPOLIS,Batangas,Calapan,09/09/2026,17:00,20:00,,Economy Bed Bunk,680,0,50,regular,1
Starlite,ferry,ANNAPOLIS,Batangas,Calapan,09/09/2026,17:00,20:00,,Tourist Bed Bunk,680,0,50,regular,1
Starlite,ferry,ANNAPOLIS,Batangas,Calapan,09/09/2026,19:00,22:00,,Reclining Seat,680,0,50,regular,0
Starlite,ferry,ANNAPOLIS,Batangas,Calapan,09/09/2026,19:00,22:00,,Economy Bed Bunk,680,0,50,regular,1
Starlite,ferry,ANNAPOLIS,Batangas,Calapan,09/09/2026,19:00,22:00,,Tourist Bed Bunk,680,0,50,regular,1
Starlite,ferry,ANNAPOLIS,Batangas,Calapan,09/09/2026,21:00,00:00,,Reclining Seat,680,0,50,regular,0
Starlite,ferry,ANNAPOLIS,Batangas,Calapan,09/09/2026,21:00,00:00,,Economy Bed Bunk,680,0,50,regular,1
Starlite,ferry,ANNAPOLIS,Batangas,Calapan,09/09/2026,21:00,00:00,,Tourist Bed Bunk,680,0,50,regular,1
Starlite,ferry,ANNAPOLIS,Batangas,Calapan,09/09/2026,23:00,02:00,,Reclining Seat,680,0,50,regular,0
Starlite,ferry,ANNAPOLIS,Batangas,Calapan,09/09/2026,23:00,02:00,,Economy Bed Bunk,680,0,50,regular,1
Starlite,ferry,ANNAPOLIS,Batangas,Calapan,09/09/2026,23:00,02:00,,Tourist Bed Bunk,680,0,50,regular,1
Starlite,ferry,ANNAPOLIS,Batangas,Calapan,10/09/2026,01:00,04:00,,Reclining Seat,680,0,50,regular,0
Starlite,ferry,ANNAPOLIS,Batangas,Calapan,10/09/2026,01:00,04:00,,Economy Bed Bunk,680,0,50,regular,1
Starlite,ferry,ANNAPOLIS,Batangas,Calapan,10/09/2026,01:00,04:00,,Tourist Bed Bunk,680,0,50,regular,1
Starlite,ferry,ANNAPOLIS,Batangas,Calapan,10/09/2026,03:00,06:00,,Reclining Seat,680,0,50,regular,0
Starlite,ferry,ANNAPOLIS,Batangas,Calapan,10/09/2026,03:00,06:00,,Economy Bed Bunk,680,0,50,regular,1
Starlite,ferry,ANNAPOLIS,Batangas,Calapan,10/09/2026,03:00,06:00,,Tourist Bed Bunk,680,0,50,regular,1
Starlite,ferry,ANNAPOLIS,Batangas,Calapan,10/09/2026,05:00,08:00,,Reclining Seat,680,0,50,regular,0
Starlite,ferry,ANNAPOLIS,Batangas,Calapan,10/09/2026,05:00,08:00,,Economy Bed Bunk,680,0,50,regular,1
Starlite,ferry,ANNAPOLIS,Batangas,Calapan,10/09/2026,05:00,08:00,,Tourist Bed Bunk,680,0,50,regular,1
Starlite,ferry,ANNAPOLIS,Batangas,Calapan,10/09/2026,07:00,10:00,,Reclining Seat,680,0,50,regular,0
Starlite,ferry,ANNAPOLIS,Batangas,Calapan,10/09/2026,07:00,10:00,,Economy Bed Bunk,680,0,50,regular,1
Starlite,ferry,ANNAPOLIS,Batangas,Calapan,10/09/2026,07:00,10:00,,Tourist Bed Bunk,680,0,50,regular,1
Starlite,ferry,ANNAPOLIS,Batangas,Calapan,10/09/2026,09:00,12:00,,Reclining Seat,680,0,50,regular,0
Starlite,ferry,ANNAPOLIS,Batangas,Calapan,10/09/2026,09:00,12:00,,Economy Bed Bunk,680,0,50,regular,1
Starlite,ferry,ANNAPOLIS,Batangas,Calapan,10/09/2026,09:00,12:00,,Tourist Bed Bunk,680,0,50,regular,1
Starlite,ferry,ANNAPOLIS,Batangas,Calapan,10/09/2026,11:00,14:00,,Reclining Seat,680,0,50,regular,0
Starlite,ferry,ANNAPOLIS,Batangas,Calapan,10/09/2026,11:00,14:00,,Economy Bed Bunk,680,0,50,regular,1
Starlite,ferry,ANNAPOLIS,Batangas,Calapan,10/09/2026,11:00,14:00,,Tourist Bed Bunk,680,0,50,regular,1
Starlite,ferry,ANNAPOLIS,Batangas,Calapan,10/09/2026,13:00,16:00,,Reclining Seat,680,0,50,regular,0
Starlite,ferry,ANNAPOLIS,Batangas,Calapan,10/09/2026,13:00,16:00,,Economy Bed Bunk,680,0,50,regular,1
Starlite,ferry,ANNAPOLIS,Batangas,Calapan,10/09/2026,13:00,16:00,,Tourist Bed Bunk,680,0,50,regular,1
Starlite,ferry,ANNAPOLIS,Batangas,Calapan,10/09/2026,15:00,18:00,,Reclining Seat,680,0,50,regular,0
Starlite,ferry,ANNAPOLIS,Batangas,Calapan,10/09/2026,15:00,18:00,,Economy Bed Bunk,680,0,50,regular,1
Starlite,ferry,ANNAPOLIS,Batangas,Calapan,10/09/2026,15:00,18:00,,Tourist Bed Bunk,680,0,50,regular,1
Starlite,ferry,ANNAPOLIS,Batangas,Calapan,10/09/2026,17:00,20:00,,Reclining Seat,680,0,50,regular,0
Starlite,ferry,ANNAPOLIS,Batangas,Calapan,10/09/2026,17:00,20:00,,Economy Bed Bunk,680,0,50,regular,1
Starlite,ferry,ANNAPOLIS,Batangas,Calapan,10/09/2026,17:00,20:00,,Tourist Bed Bunk,680,0,50,regular,1
Starlite,ferry,ANNAPOLIS,Batangas,Calapan,10/09/2026,19:00,22:00,,Reclining Seat,680,0,50,regular,0
Starlite,ferry,ANNAPOLIS,Batangas,Calapan,10/09/2026,19:00,22:00,,Economy Bed Bunk,680,0,50,regular,1
Starlite,ferry,ANNAPOLIS,Batangas,Calapan,10/09/2026,19:00,22:00,,Tourist Bed Bunk,680,0,50,regular,1
Starlite,ferry,ANNAPOLIS,Batangas,Calapan,10/09/2026,21:00,00:00,,Reclining Seat,680,0,50,regular,0
Starlite,ferry,ANNAPOLIS,Batangas,Calapan,10/09/2026,21:00,00:00,,Economy Bed Bunk,680,0,50,regular,1
Starlite,ferry,ANNAPOLIS,Batangas,Calapan,10/09/2026,21:00,00:00,,Tourist Bed Bunk,680,0,50,regular,1
Starlite,ferry,ANNAPOLIS,Batangas,Calapan,10/09/2026,23:00,02:00,,Reclining Seat,680,0,50,regular,0
Starlite,ferry,ANNAPOLIS,Batangas,Calapan,10/09/2026,23:00,02:00,,Economy Bed Bunk,680,0,50,regular,1
Starlite,ferry,ANNAPOLIS,Batangas,Calapan,10/09/2026,23:00,02:00,,Tourist Bed Bunk,680,0,50,regular,1
Starlite,ferry,ANNAPOLIS,Batangas,Calapan,11/09/2026,01:00,04:00,,Reclining Seat,680,0,50,regular,0
Starlite,ferry,ANNAPOLIS,Batangas,Calapan,11/09/2026,01:00,04:00,,Economy Bed Bunk,680,0,50,regular,1
Starlite,ferry,ANNAPOLIS,Batangas,Calapan,11/09/2026,01:00,04:00,,Tourist Bed Bunk,680,0,50,regular,1
Starlite,ferry,ANNAPOLIS,Batangas,Calapan,11/09/2026,03:00,06:00,,Reclining Seat,680,0,50,regular,0
Starlite,ferry,ANNAPOLIS,Batangas,Calapan,11/09/2026,03:00,06:00,,Economy Bed Bunk,680,0,50,regular,1
Starlite,ferry,ANNAPOLIS,Batangas,Calapan,11/09/2026,03:00,06:00,,Tourist Bed Bunk,680,0,50,regular,1
Starlite,ferry,ANNAPOLIS,Batangas,Calapan,11/09/2026,05:00,08:00,,Reclining Seat,680,0,50,regular,0
Starlite,ferry,ANNAPOLIS,Batangas,Calapan,11/09/2026,05:00,08:00,,Economy Bed Bunk,680,0,50,regular,1
Starlite,ferry,ANNAPOLIS,Batangas,Calapan,11/09/2026,05:00,08:00,,Tourist Bed Bunk,680,0,50,regular,1
Starlite,ferry,ANNAPOLIS,Batangas,Calapan,11/09/2026,07:00,10:00,,Reclining Seat,680,0,50,regular,0
Starlite,ferry,ANNAPOLIS,Batangas,Calapan,11/09/2026,07:00,10:00,,Economy Bed Bunk,680,0,50,regular,1
Starlite,ferry,ANNAPOLIS,Batangas,Calapan,11/09/2026,07:00,10:00,,Tourist Bed Bunk,680,0,50,regular,1
Starlite,ferry,ANNAPOLIS,Batangas,Calapan,11/09/2026,09:00,12:00,,Reclining Seat,680,0,50,regular,0
Starlite,ferry,ANNAPOLIS,Batangas,Calapan,11/09/2026,09:00,12:00,,Economy Bed Bunk,680,0,50,regular,1
Starlite,ferry,ANNAPOLIS,Batangas,Calapan,11/09/2026,09:00,12:00,,Tourist Bed Bunk,680,0,50,regular,1
Starlite,ferry,ANNAPOLIS,Batangas,Calapan,11/09/2026,11:00,14:00,,Reclining Seat,680,0,50,regular,0
Starlite,ferry,ANNAPOLIS,Batangas,Calapan,11/09/2026,11:00,14:00,,Economy Bed Bunk,680,0,50,regular,1
Starlite,ferry,ANNAPOLIS,Batangas,Calapan,11/09/2026,11:00,14:00,,Tourist Bed Bunk,680,0,50,regular,1
Starlite,ferry,ANNAPOLIS,Batangas,Calapan,11/09/2026,13:00,16:00,,Reclining Seat,680,0,50,regular,0
Starlite,ferry,ANNAPOLIS,Batangas,Calapan,11/09/2026,13:00,16:00,,Economy Bed Bunk,680,0,50,regular,1
Starlite,ferry,ANNAPOLIS,Batangas,Calapan,11/09/2026,13:00,16:00,,Tourist Bed Bunk,680,0,50,regular,1
Starlite,ferry,ANNAPOLIS,Batangas,Calapan,11/09/2026,15:00,18:00,,Reclining Seat,680,0,50,regular,0
Starlite,ferry,ANNAPOLIS,Batangas,Calapan,11/09/2026,15:00,18:00,,Economy Bed Bunk,680,0,50,regular,1
Starlite,ferry,ANNAPOLIS,Batangas,Calapan,11/09/2026,15:00,18:00,,Tourist Bed Bunk,680,0,50,regular,1
Starlite,ferry,ANNAPOLIS,Batangas,Calapan,11/09/2026,17:00,20:00,,Reclining Seat,680,0,50,regular,0
Starlite,ferry,ANNAPOLIS,Batangas,Calapan,11/09/2026,17:00,20:00,,Economy Bed Bunk,680,0,50,regular,1
Starlite,ferry,ANNAPOLIS,Batangas,Calapan,11/09/2026,17:00,20:00,,Tourist Bed Bunk,680,0,50,regular,1
Starlite,ferry,ANNAPOLIS,Batangas,Calapan,11/09/2026,19:00,22:00,,Reclining Seat,680,0,50,regular,0
Starlite,ferry,ANNAPOLIS,Batangas,Calapan,11/09/2026,19:00,22:00,,Economy Bed Bunk,680,0,50,regular,1
Starlite,ferry,ANNAPOLIS,Batangas,Calapan,11/09/2026,19:00,22:00,,Tourist Bed Bunk,680,0,50,regular,1
Starlite,ferry,ANNAPOLIS,Batangas,Calapan,11/09/2026,21:00,00:00,,Reclining Seat,680,0,50,regular,0
Starlite,ferry,ANNAPOLIS,Batangas,Calapan,11/09/2026,21:00,00:00,,Economy Bed Bunk,680,0,50,regular,1
Starlite,ferry,ANNAPOLIS,Batangas,Calapan,11/09/2026,21:00,00:00,,Tourist Bed Bunk,680,0,50,regular,1
Starlite,ferry,ANNAPOLIS,Batangas,Calapan,11/09/2026,23:00,02:00,,Reclining Seat,680,0,50,regular,0
Starlite,ferry,ANNAPOLIS,Batangas,Calapan,11/09/2026,23:00,02:00,,Economy Bed Bunk,680,0,50,regular,1
Starlite,ferry,ANNAPOLIS,Batangas,Calapan,11/09/2026,23:00,02:00,,Tourist Bed Bunk,680,0,50,regular,1
Starlite,ferry,ANNAPOLIS,Batangas,Calapan,12/09/2026,01:00,04:00,,Reclining Seat,680,0,50,regular,0
Starlite,ferry,ANNAPOLIS,Batangas,Calapan,12/09/2026,01:00,04:00,,Economy Bed Bunk,680,0,50,regular,1
Starlite,ferry,ANNAPOLIS,Batangas,Calapan,12/09/2026,01:00,04:00,,Tourist Bed Bunk,680,0,50,regular,1
Starlite,ferry,ANNAPOLIS,Batangas,Calapan,12/09/2026,03:00,06:00,,Reclining Seat,680,0,50,regular,0
Starlite,ferry,ANNAPOLIS,Batangas,Calapan,12/09/2026,03:00,06:00,,Economy Bed Bunk,680,0,50,regular,1
Starlite,ferry,ANNAPOLIS,Batangas,Calapan,12/09/2026,03:00,06:00,,Tourist Bed Bunk,680,0,50,regular,1
Starlite,ferry,ANNAPOLIS,Batangas,Calapan,12/09/2026,05:00,08:00,,Reclining Seat,680,0,50,regular,0
Starlite,ferry,ANNAPOLIS,Batangas,Calapan,12/09/2026,05:00,08:00,,Economy Bed Bunk,680,0,50,regular,1
Starlite,ferry,ANNAPOLIS,Batangas,Calapan,12/09/2026,05:00,08:00,,Tourist Bed Bunk,680,0,50,regular,1
Starlite,ferry,ANNAPOLIS,Batangas,Calapan,12/09/2026,07:00,10:00,,Reclining Seat,680,0,50,regular,0
Starlite,ferry,ANNAPOLIS,Batangas,Calapan,12/09/2026,07:00,10:00,,Economy Bed Bunk,680,0,50,regular,1
Starlite,ferry,ANNAPOLIS,Batangas,Calapan,12/09/2026,07:00,10:00,,Tourist Bed Bunk,680,0,50,regular,1
Starlite,ferry,ANNAPOLIS,Batangas,Calapan,12/09/2026,09:00,12:00,,Reclining Seat,680,0,50,regular,0
Starlite,ferry,ANNAPOLIS,Batangas,Calapan,12/09/2026,09:00,12:00,,Economy Bed Bunk,680,0,50,regular,1
Starlite,ferry,ANNAPOLIS,Batangas,Calapan,12/09/2026,09:00,12:00,,Tourist Bed Bunk,680,0,50,regular,1
Starlite,ferry,ANNAPOLIS,Batangas,Calapan,12/09/2026,11:00,14:00,,Reclining Seat,680,0,50,regular,0
Starlite,ferry,ANNAPOLIS,Batangas,Calapan,12/09/2026,11:00,14:00,,Economy Bed Bunk,680,0,50,regular,1
Starlite,ferry,ANNAPOLIS,Batangas,Calapan,12/09/2026,11:00,14:00,,Tourist Bed Bunk,680,0,50,regular,1
Starlite,ferry,ANNAPOLIS,Batangas,Calapan,12/09/2026,13:00,16:00,,Reclining Seat,680,0,50,regular,0
Starlite,ferry,ANNAPOLIS,Batangas,Calapan,12/09/2026,13:00,16:00,,Economy Bed Bunk,680,0,50,regular,1
Starlite,ferry,ANNAPOLIS,Batangas,Calapan,12/09/2026,13:00,16:00,,Tourist Bed Bunk,680,0,50,regular,1
Starlite,ferry,ANNAPOLIS,Batangas,Calapan,12/09/2026,15:00,18:00,,Reclining Seat,680,0,50,regular,0
Starlite,ferry,ANNAPOLIS,Batangas,Calapan,12/09/2026,15:00,18:00,,Economy Bed Bunk,680,0,50,regular,1
Starlite,ferry,ANNAPOLIS,Batangas,Calapan,12/09/2026,15:00,18:00,,Tourist Bed Bunk,680,0,50,regular,1
Starlite,ferry,ANNAPOLIS,Batangas,Calapan,12/09/2026,17:00,20:00,,Reclining Seat,680,0,50,regular,0
Starlite,ferry,ANNAPOLIS,Batangas,Calapan,12/09/2026,17:00,20:00,,Economy Bed Bunk,680,0,50,regular,1
Starlite,ferry,ANNAPOLIS,Batangas,Calapan,12/09/2026,17:00,20:00,,Tourist Bed Bunk,680,0,50,regular,1
Starlite,ferry,ANNAPOLIS,Batangas,Calapan,12/09/2026,19:00,22:00,,Reclining Seat,680,0,50,regular,0
Starlite,ferry,ANNAPOLIS,Batangas,Calapan,12/09/2026,19:00,22:00,,Economy Bed Bunk,680,0,50,regular,1
Starlite,ferry,ANNAPOLIS,Batangas,Calapan,12/09/2026,19:00,22:00,,Tourist Bed Bunk,680,0,50,regular,1
Starlite,ferry,ANNAPOLIS,Batangas,Calapan,12/09/2026,21:00,00:00,,Reclining Seat,680,0,50,regular,0
Starlite,ferry,ANNAPOLIS,Batangas,Calapan,12/09/2026,21:00,00:00,,Economy Bed Bunk,680,0,50,regular,1
Starlite,ferry,ANNAPOLIS,Batangas,Calapan,12/09/2026,21:00,00:00,,Tourist Bed Bunk,680,0,50,regular,1
Starlite,ferry,ANNAPOLIS,Batangas,Calapan,12/09/2026,23:00,02:00,,Reclining Seat,680,0,50,regular,0
Starlite,ferry,ANNAPOLIS,Batangas,Calapan,12/09/2026,23:00,02:00,,Economy Bed Bunk,680,0,50,regular,1
Starlite,ferry,ANNAPOLIS,Batangas,Calapan,12/09/2026,23:00,02:00,,Tourist Bed Bunk,680,0,50,regular,1
Starlite,ferry,SAGA,Batangas,Calapan,03/09/2026,01:00,04:00,,Reclining Seat,680,0,50,regular,0
Starlite,ferry,SAGA,Batangas,Calapan,03/09/2026,01:00,04:00,,Economy Bed Bunk,680,0,50,regular,1
Starlite,ferry,SAGA,Batangas,Calapan,03/09/2026,01:00,04:00,,Tourist Bed Bunk,680,0,50,regular,1
Starlite,ferry,SAGA,Batangas,Calapan,03/09/2026,03:00,06:00,,Reclining Seat,680,0,50,regular,0
Starlite,ferry,SAGA,Batangas,Calapan,03/09/2026,03:00,06:00,,Economy Bed Bunk,680,0,50,regular,1
Starlite,ferry,SAGA,Batangas,Calapan,03/09/2026,03:00,06:00,,Tourist Bed Bunk,680,0,50,regular,1
Starlite,ferry,SAGA,Batangas,Calapan,03/09/2026,05:00,08:00,,Reclining Seat,680,0,50,regular,0
Starlite,ferry,SAGA,Batangas,Calapan,03/09/2026,05:00,08:00,,Economy Bed Bunk,680,0,50,regular,1
Starlite,ferry,SAGA,Batangas,Calapan,03/09/2026,05:00,08:00,,Tourist Bed Bunk,680,0,50,regular,1
Starlite,ferry,SAGA,Batangas,Calapan,03/09/2026,07:00,10:00,,Reclining Seat,680,0,50,regular,0
Starlite,ferry,SAGA,Batangas,Calapan,03/09/2026,07:00,10:00,,Economy Bed Bunk,680,0,50,regular,1
Starlite,ferry,SAGA,Batangas,Calapan,03/09/2026,07:00,10:00,,Tourist Bed Bunk,680,0,50,regular,1
Starlite,ferry,SAGA,Batangas,Calapan,03/09/2026,09:00,12:00,,Reclining Seat,680,0,50,regular,0
Starlite,ferry,SAGA,Batangas,Calapan,03/09/2026,09:00,12:00,,Economy Bed Bunk,680,0,50,regular,1
Starlite,ferry,SAGA,Batangas,Calapan,03/09/2026,09:00,12:00,,Tourist Bed Bunk,680,0,50,regular,1
Starlite,ferry,SAGA,Batangas,Calapan,03/09/2026,11:00,14:00,,Reclining Seat,680,0,50,regular,0
Starlite,ferry,SAGA,Batangas,Calapan,03/09/2026,11:00,14:00,,Economy Bed Bunk,680,0,50,regular,1
Starlite,ferry,SAGA,Batangas,Calapan,03/09/2026,11:00,14:00,,Tourist Bed Bunk,680,0,50,regular,1
Starlite,ferry,SAGA,Batangas,Calapan,03/09/2026,13:00,16:00,,Reclining Seat,680,0,50,regular,0
Starlite,ferry,SAGA,Batangas,Calapan,03/09/2026,13:00,16:00,,Economy Bed Bunk,680,0,50,regular,1
Starlite,ferry,SAGA,Batangas,Calapan,03/09/2026,13:00,16:00,,Tourist Bed Bunk,680,0,50,regular,1
Starlite,ferry,SAGA,Batangas,Calapan,03/09/2026,15:00,18:00,,Reclining Seat,680,0,50,regular,0
Starlite,ferry,SAGA,Batangas,Calapan,03/09/2026,15:00,18:00,,Economy Bed Bunk,680,0,50,regular,1
Starlite,ferry,SAGA,Batangas,Calapan,03/09/2026,15:00,18:00,,Tourist Bed Bunk,680,0,50,regular,1
Starlite,ferry,SAGA,Batangas,Calapan,03/09/2026,17:00,20:00,,Reclining Seat,680,0,50,regular,0
Starlite,ferry,SAGA,Batangas,Calapan,03/09/2026,17:00,20:00,,Economy Bed Bunk,680,0,50,regular,1
Starlite,ferry,SAGA,Batangas,Calapan,03/09/2026,17:00,20:00,,Tourist Bed Bunk,680,0,50,regular,1
Starlite,ferry,SAGA,Batangas,Calapan,03/09/2026,19:00,22:00,,Reclining Seat,680,0,50,regular,0
Starlite,ferry,SAGA,Batangas,Calapan,03/09/2026,19:00,22:00,,Economy Bed Bunk,680,0,50,regular,1
Starlite,ferry,SAGA,Batangas,Calapan,03/09/2026,19:00,22:00,,Tourist Bed Bunk,680,0,50,regular,1
Starlite,ferry,SAGA,Batangas,Calapan,03/09/2026,21:00,00:00,,Reclining Seat,680,0,50,regular,0
Starlite,ferry,SAGA,Batangas,Calapan,03/09/2026,21:00,00:00,,Economy Bed Bunk,680,0,50,regular,1
Starlite,ferry,SAGA,Batangas,Calapan,03/09/2026,21:00,00:00,,Tourist Bed Bunk,680,0,50,regular,1
Starlite,ferry,SAGA,Batangas,Calapan,03/09/2026,23:00,02:00,,Reclining Seat,680,0,50,regular,0
Starlite,ferry,SAGA,Batangas,Calapan,03/09/2026,23:00,02:00,,Economy Bed Bunk,680,0,50,regular,1
Starlite,ferry,SAGA,Batangas,Calapan,03/09/2026,23:00,02:00,,Tourist Bed Bunk,680,0,50,regular,1
Starlite,ferry,SAGA,Batangas,Calapan,04/09/2026,01:00,04:00,,Reclining Seat,680,0,50,regular,0
Starlite,ferry,SAGA,Batangas,Calapan,04/09/2026,01:00,04:00,,Economy Bed Bunk,680,0,50,regular,1
Starlite,ferry,SAGA,Batangas,Calapan,04/09/2026,01:00,04:00,,Tourist Bed Bunk,680,0,50,regular,1
Starlite,ferry,SAGA,Batangas,Calapan,04/09/2026,03:00,06:00,,Reclining Seat,680,0,50,regular,0
Starlite,ferry,SAGA,Batangas,Calapan,04/09/2026,03:00,06:00,,Economy Bed Bunk,680,0,50,regular,1
Starlite,ferry,SAGA,Batangas,Calapan,04/09/2026,03:00,06:00,,Tourist Bed Bunk,680,0,50,regular,1
Starlite,ferry,SAGA,Batangas,Calapan,04/09/2026,05:00,08:00,,Reclining Seat,680,0,50,regular,0
Starlite,ferry,SAGA,Batangas,Calapan,04/09/2026,05:00,08:00,,Economy Bed Bunk,680,0,50,regular,1
Starlite,ferry,SAGA,Batangas,Calapan,04/09/2026,05:00,08:00,,Tourist Bed Bunk,680,0,50,regular,1
Starlite,ferry,SAGA,Batangas,Calapan,04/09/2026,07:00,10:00,,Reclining Seat,680,0,50,regular,0
Starlite,ferry,SAGA,Batangas,Calapan,04/09/2026,07:00,10:00,,Economy Bed Bunk,680,0,50,regular,1
Starlite,ferry,SAGA,Batangas,Calapan,04/09/2026,07:00,10:00,,Tourist Bed Bunk,680,0,50,regular,1
Starlite,ferry,SAGA,Batangas,Calapan,04/09/2026,09:00,12:00,,Reclining Seat,680,0,50,regular,0
Starlite,ferry,SAGA,Batangas,Calapan,04/09/2026,09:00,12:00,,Economy Bed Bunk,680,0,50,regular,1
Starlite,ferry,SAGA,Batangas,Calapan,04/09/2026,09:00,12:00,,Tourist Bed Bunk,680,0,50,regular,1
Starlite,ferry,SAGA,Batangas,Calapan,04/09/2026,11:00,14:00,,Reclining Seat,680,0,50,regular,0
Starlite,ferry,SAGA,Batangas,Calapan,04/09/2026,11:00,14:00,,Economy Bed Bunk,680,0,50,regular,1
Starlite,ferry,SAGA,Batangas,Calapan,04/09/2026,11:00,14:00,,Tourist Bed Bunk,680,0,50,regular,1
Starlite,ferry,SAGA,Batangas,Calapan,04/09/2026,13:00,16:00,,Reclining Seat,680,0,50,regular,0
Starlite,ferry,SAGA,Batangas,Calapan,04/09/2026,13:00,16:00,,Economy Bed Bunk,680,0,50,regular,1
Starlite,ferry,SAGA,Batangas,Calapan,04/09/2026,13:00,16:00,,Tourist Bed Bunk,680,0,50,regular,1
Starlite,ferry,SAGA,Batangas,Calapan,04/09/2026,15:00,18:00,,Reclining Seat,680,0,50,regular,0
Starlite,ferry,SAGA,Batangas,Calapan,04/09/2026,15:00,18:00,,Economy Bed Bunk,680,0,50,regular,1
Starlite,ferry,SAGA,Batangas,Calapan,04/09/2026,15:00,18:00,,Tourist Bed Bunk,680,0,50,regular,1
Starlite,ferry,SAGA,Batangas,Calapan,04/09/2026,17:00,20:00,,Reclining Seat,680,0,50,regular,0
Starlite,ferry,SAGA,Batangas,Calapan,04/09/2026,17:00,20:00,,Economy Bed Bunk,680,0,50,regular,1
Starlite,ferry,SAGA,Batangas,Calapan,04/09/2026,17:00,20:00,,Tourist Bed Bunk,680,0,50,regular,1
Starlite,ferry,SAGA,Batangas,Calapan,04/09/2026,19:00,22:00,,Reclining Seat,680,0,50,regular,0
Starlite,ferry,SAGA,Batangas,Calapan,04/09/2026,19:00,22:00,,Economy Bed Bunk,680,0,50,regular,1
Starlite,ferry,SAGA,Batangas,Calapan,04/09/2026,19:00,22:00,,Tourist Bed Bunk,680,0,50,regular,1
Starlite,ferry,SAGA,Batangas,Calapan,04/09/2026,21:00,00:00,,Reclining Seat,680,0,50,regular,0
Starlite,ferry,SAGA,Batangas,Calapan,04/09/2026,21:00,00:00,,Economy Bed Bunk,680,0,50,regular,1
Starlite,ferry,SAGA,Batangas,Calapan,04/09/2026,21:00,00:00,,Tourist Bed Bunk,680,0,50,regular,1
Starlite,ferry,SAGA,Batangas,Calapan,04/09/2026,23:00,02:00,,Reclining Seat,680,0,50,regular,0
Starlite,ferry,SAGA,Batangas,Calapan,04/09/2026,23:00,02:00,,Economy Bed Bunk,680,0,50,regular,1
Starlite,ferry,SAGA,Batangas,Calapan,04/09/2026,23:00,02:00,,Tourist Bed Bunk,680,0,50,regular,1
Starlite,ferry,SAGA,Batangas,Calapan,05/09/2026,01:00,04:00,,Reclining Seat,680,0,50,regular,0
Starlite,ferry,SAGA,Batangas,Calapan,05/09/2026,01:00,04:00,,Economy Bed Bunk,680,0,50,regular,1
Starlite,ferry,SAGA,Batangas,Calapan,05/09/2026,01:00,04:00,,Tourist Bed Bunk,680,0,50,regular,1
Starlite,ferry,SAGA,Batangas,Calapan,05/09/2026,03:00,06:00,,Reclining Seat,680,0,50,regular,0
Starlite,ferry,SAGA,Batangas,Calapan,05/09/2026,03:00,06:00,,Economy Bed Bunk,680,0,50,regular,1
Starlite,ferry,SAGA,Batangas,Calapan,05/09/2026,03:00,06:00,,Tourist Bed Bunk,680,0,50,regular,1
Starlite,ferry,SAGA,Batangas,Calapan,05/09/2026,05:00,08:00,,Reclining Seat,680,0,50,regular,0
Starlite,ferry,SAGA,Batangas,Calapan,05/09/2026,05:00,08:00,,Economy Bed Bunk,680,0,50,regular,1
Starlite,ferry,SAGA,Batangas,Calapan,05/09/2026,05:00,08:00,,Tourist Bed Bunk,680,0,50,regular,1
Starlite,ferry,SAGA,Batangas,Calapan,05/09/2026,07:00,10:00,,Reclining Seat,680,0,50,regular,0
Starlite,ferry,SAGA,Batangas,Calapan,05/09/2026,07:00,10:00,,Economy Bed Bunk,680,0,50,regular,1
Starlite,ferry,SAGA,Batangas,Calapan,05/09/2026,07:00,10:00,,Tourist Bed Bunk,680,0,50,regular,1
Starlite,ferry,SAGA,Batangas,Calapan,05/09/2026,09:00,12:00,,Reclining Seat,680,0,50,regular,0
Starlite,ferry,SAGA,Batangas,Calapan,05/09/2026,09:00,12:00,,Economy Bed Bunk,680,0,50,regular,1
Starlite,ferry,SAGA,Batangas,Calapan,05/09/2026,09:00,12:00,,Tourist Bed Bunk,680,0,50,regular,1
Starlite,ferry,SAGA,Batangas,Calapan,05/09/2026,11:00,14:00,,Reclining Seat,680,0,50,regular,0
Starlite,ferry,SAGA,Batangas,Calapan,05/09/2026,11:00,14:00,,Economy Bed Bunk,680,0,50,regular,1
Starlite,ferry,SAGA,Batangas,Calapan,05/09/2026,11:00,14:00,,Tourist Bed Bunk,680,0,50,regular,1
Starlite,ferry,SAGA,Batangas,Calapan,05/09/2026,13:00,16:00,,Reclining Seat,680,0,50,regular,0
Starlite,ferry,SAGA,Batangas,Calapan,05/09/2026,13:00,16:00,,Economy Bed Bunk,680,0,50,regular,1
Starlite,ferry,SAGA,Batangas,Calapan,05/09/2026,13:00,16:00,,Tourist Bed Bunk,680,0,50,regular,1
Starlite,ferry,SAGA,Batangas,Calapan,05/09/2026,15:00,18:00,,Reclining Seat,680,0,50,regular,0
Starlite,ferry,SAGA,Batangas,Calapan,05/09/2026,15:00,18:00,,Economy Bed Bunk,680,0,50,regular,1
Starlite,ferry,SAGA,Batangas,Calapan,05/09/2026,15:00,18:00,,Tourist Bed Bunk,680,0,50,regular,1
Starlite,ferry,SAGA,Batangas,Calapan,05/09/2026,17:00,20:00,,Reclining Seat,680,0,50,regular,0
Starlite,ferry,SAGA,Batangas,Calapan,05/09/2026,17:00,20:00,,Economy Bed Bunk,680,0,50,regular,1
Starlite,ferry,SAGA,Batangas,Calapan,05/09/2026,17:00,20:00,,Tourist Bed Bunk,680,0,50,regular,1
Starlite,ferry,SAGA,Batangas,Calapan,05/09/2026,19:00,22:00,,Reclining Seat,680,0,50,regular,0
Starlite,ferry,SAGA,Batangas,Calapan,05/09/2026,19:00,22:00,,Economy Bed Bunk,680,0,50,regular,1
Starlite,ferry,SAGA,Batangas,Calapan,05/09/2026,19:00,22:00,,Tourist Bed Bunk,680,0,50,regular,1
Starlite,ferry,SAGA,Batangas,Calapan,05/09/2026,21:00,00:00,,Reclining Seat,680,0,50,regular,0
Starlite,ferry,SAGA,Batangas,Calapan,05/09/2026,21:00,00:00,,Economy Bed Bunk,680,0,50,regular,1
Starlite,ferry,SAGA,Batangas,Calapan,05/09/2026,21:00,00:00,,Tourist Bed Bunk,680,0,50,regular,1
Starlite,ferry,SAGA,Batangas,Calapan,05/09/2026,23:00,02:00,,Reclining Seat,680,0,50,regular,0
Starlite,ferry,SAGA,Batangas,Calapan,05/09/2026,23:00,02:00,,Economy Bed Bunk,680,0,50,regular,1
Starlite,ferry,SAGA,Batangas,Calapan,05/09/2026,23:00,02:00,,Tourist Bed Bunk,680,0,50,regular,1
Starlite,ferry,SAGA,Batangas,Calapan,06/09/2026,01:00,04:00,,Reclining Seat,680,0,50,regular,0
Starlite,ferry,SAGA,Batangas,Calapan,06/09/2026,01:00,04:00,,Economy Bed Bunk,680,0,50,regular,1
Starlite,ferry,SAGA,Batangas,Calapan,06/09/2026,01:00,04:00,,Tourist Bed Bunk,680,0,50,regular,1
Starlite,ferry,SAGA,Batangas,Calapan,06/09/2026,03:00,06:00,,Reclining Seat,680,0,50,regular,0
Starlite,ferry,SAGA,Batangas,Calapan,06/09/2026,03:00,06:00,,Economy Bed Bunk,680,0,50,regular,1
Starlite,ferry,SAGA,Batangas,Calapan,06/09/2026,03:00,06:00,,Tourist Bed Bunk,680,0,50,regular,1
Starlite,ferry,SAGA,Batangas,Calapan,06/09/2026,05:00,08:00,,Reclining Seat,680,0,50,regular,0
Starlite,ferry,SAGA,Batangas,Calapan,06/09/2026,05:00,08:00,,Economy Bed Bunk,680,0,50,regular,1
Starlite,ferry,SAGA,Batangas,Calapan,06/09/2026,05:00,08:00,,Tourist Bed Bunk,680,0,50,regular,1
Starlite,ferry,SAGA,Batangas,Calapan,06/09/2026,07:00,10:00,,Reclining Seat,680,0,50,regular,0
Starlite,ferry,SAGA,Batangas,Calapan,06/09/2026,07:00,10:00,,Economy Bed Bunk,680,0,50,regular,1
Starlite,ferry,SAGA,Batangas,Calapan,06/09/2026,07:00,10:00,,Tourist Bed Bunk,680,0,50,regular,1
Starlite,ferry,SAGA,Batangas,Calapan,06/09/2026,09:00,12:00,,Reclining Seat,680,0,50,regular,0
Starlite,ferry,SAGA,Batangas,Calapan,06/09/2026,09:00,12:00,,Economy Bed Bunk,680,0,50,regular,1
Starlite,ferry,SAGA,Batangas,Calapan,06/09/2026,09:00,12:00,,Tourist Bed Bunk,680,0,50,regular,1
Starlite,ferry,SAGA,Batangas,Calapan,06/09/2026,11:00,14:00,,Reclining Seat,680,0,50,regular,0
Starlite,ferry,SAGA,Batangas,Calapan,06/09/2026,11:00,14:00,,Economy Bed Bunk,680,0,50,regular,1
Starlite,ferry,SAGA,Batangas,Calapan,06/09/2026,11:00,14:00,,Tourist Bed Bunk,680,0,50,regular,1
Starlite,ferry,SAGA,Batangas,Calapan,06/09/2026,13:00,16:00,,Reclining Seat,680,0,50,regular,0
Starlite,ferry,SAGA,Batangas,Calapan,06/09/2026,13:00,16:00,,Economy Bed Bunk,680,0,50,regular,1
Starlite,ferry,SAGA,Batangas,Calapan,06/09/2026,13:00,16:00,,Tourist Bed Bunk,680,0,50,regular,1
Starlite,ferry,SAGA,Batangas,Calapan,06/09/2026,15:00,18:00,,Reclining Seat,680,0,50,regular,0
Starlite,ferry,SAGA,Batangas,Calapan,06/09/2026,15:00,18:00,,Economy Bed Bunk,680,0,50,regular,1
Starlite,ferry,SAGA,Batangas,Calapan,06/09/2026,15:00,18:00,,Tourist Bed Bunk,680,0,50,regular,1
Starlite,ferry,SAGA,Batangas,Calapan,06/09/2026,17:00,20:00,,Reclining Seat,680,0,50,regular,0
Starlite,ferry,SAGA,Batangas,Calapan,06/09/2026,17:00,20:00,,Economy Bed Bunk,680,0,50,regular,1
Starlite,ferry,SAGA,Batangas,Calapan,06/09/2026,17:00,20:00,,Tourist Bed Bunk,680,0,50,regular,1
Starlite,ferry,SAGA,Batangas,Calapan,06/09/2026,19:00,22:00,,Reclining Seat,680,0,50,regular,0
Starlite,ferry,SAGA,Batangas,Calapan,06/09/2026,19:00,22:00,,Economy Bed Bunk,680,0,50,regular,1
Starlite,ferry,SAGA,Batangas,Calapan,06/09/2026,19:00,22:00,,Tourist Bed Bunk,680,0,50,regular,1
Starlite,ferry,SAGA,Batangas,Calapan,06/09/2026,21:00,00:00,,Reclining Seat,680,0,50,regular,0
Starlite,ferry,SAGA,Batangas,Calapan,06/09/2026,21:00,00:00,,Economy Bed Bunk,680,0,50,regular,1
Starlite,ferry,SAGA,Batangas,Calapan,06/09/2026,21:00,00:00,,Tourist Bed Bunk,680,0,50,regular,1
Starlite,ferry,SAGA,Batangas,Calapan,06/09/2026,23:00,02:00,,Reclining Seat,680,0,50,regular,0
Starlite,ferry,SAGA,Batangas,Calapan,06/09/2026,23:00,02:00,,Economy Bed Bunk,680,0,50,regular,1
Starlite,ferry,SAGA,Batangas,Calapan,06/09/2026,23:00,02:00,,Tourist Bed Bunk,680,0,50,regular,1
Starlite,ferry,SAGA,Batangas,Calapan,07/09/2026,01:00,04:00,,Reclining Seat,680,0,50,regular,0
Starlite,ferry,SAGA,Batangas,Calapan,07/09/2026,01:00,04:00,,Economy Bed Bunk,680,0,50,regular,1
Starlite,ferry,SAGA,Batangas,Calapan,07/09/2026,01:00,04:00,,Tourist Bed Bunk,680,0,50,regular,1
Starlite,ferry,SAGA,Batangas,Calapan,07/09/2026,03:00,06:00,,Reclining Seat,680,0,50,regular,0
Starlite,ferry,SAGA,Batangas,Calapan,07/09/2026,03:00,06:00,,Economy Bed Bunk,680,0,50,regular,1
Starlite,ferry,SAGA,Batangas,Calapan,07/09/2026,03:00,06:00,,Tourist Bed Bunk,680,0,50,regular,1
Starlite,ferry,SAGA,Batangas,Calapan,07/09/2026,05:00,08:00,,Reclining Seat,680,0,50,regular,0
Starlite,ferry,SAGA,Batangas,Calapan,07/09/2026,05:00,08:00,,Economy Bed Bunk,680,0,50,regular,1
Starlite,ferry,SAGA,Batangas,Calapan,07/09/2026,05:00,08:00,,Tourist Bed Bunk,680,0,50,regular,1
Starlite,ferry,SAGA,Batangas,Calapan,07/09/2026,07:00,10:00,,Reclining Seat,680,0,50,regular,0
Starlite,ferry,SAGA,Batangas,Calapan,07/09/2026,07:00,10:00,,Economy Bed Bunk,680,0,50,regular,1
Starlite,ferry,SAGA,Batangas,Calapan,07/09/2026,07:00,10:00,,Tourist Bed Bunk,680,0,50,regular,1
Starlite,ferry,SAGA,Batangas,Calapan,07/09/2026,09:00,12:00,,Reclining Seat,680,0,50,regular,0
Starlite,ferry,SAGA,Batangas,Calapan,07/09/2026,09:00,12:00,,Economy Bed Bunk,680,0,50,regular,1
Starlite,ferry,SAGA,Batangas,Calapan,07/09/2026,09:00,12:00,,Tourist Bed Bunk,680,0,50,regular,1
Starlite,ferry,SAGA,Batangas,Calapan,07/09/2026,11:00,14:00,,Reclining Seat,680,0,50,regular,0
Starlite,ferry,SAGA,Batangas,Calapan,07/09/2026,11:00,14:00,,Economy Bed Bunk,680,0,50,regular,1
Starlite,ferry,SAGA,Batangas,Calapan,07/09/2026,11:00,14:00,,Tourist Bed Bunk,680,0,50,regular,1
Starlite,ferry,SAGA,Batangas,Calapan,07/09/2026,13:00,16:00,,Reclining Seat,680,0,50,regular,0
Starlite,ferry,SAGA,Batangas,Calapan,07/09/2026,13:00,16:00,,Economy Bed Bunk,680,0,50,regular,1
Starlite,ferry,SAGA,Batangas,Calapan,07/09/2026,13:00,16:00,,Tourist Bed Bunk,680,0,50,regular,1
Starlite,ferry,SAGA,Batangas,Calapan,07/09/2026,15:00,18:00,,Reclining Seat,680,0,50,regular,0
Starlite,ferry,SAGA,Batangas,Calapan,07/09/2026,15:00,18:00,,Economy Bed Bunk,680,0,50,regular,1
Starlite,ferry,SAGA,Batangas,Calapan,07/09/2026,15:00,18:00,,Tourist Bed Bunk,680,0,50,regular,1
Starlite,ferry,SAGA,Batangas,Calapan,07/09/2026,17:00,20:00,,Reclining Seat,680,0,50,regular,0
Starlite,ferry,SAGA,Batangas,Calapan,07/09/2026,17:00,20:00,,Economy Bed Bunk,680,0,50,regular,1
Starlite,ferry,SAGA,Batangas,Calapan,07/09/2026,17:00,20:00,,Tourist Bed Bunk,680,0,50,regular,1
Starlite,ferry,SAGA,Batangas,Calapan,07/09/2026,19:00,22:00,,Reclining Seat,680,0,50,regular,0
Starlite,ferry,SAGA,Batangas,Calapan,07/09/2026,19:00,22:00,,Economy Bed Bunk,680,0,50,regular,1
Starlite,ferry,SAGA,Batangas,Calapan,07/09/2026,19:00,22:00,,Tourist Bed Bunk,680,0,50,regular,1
Starlite,ferry,SAGA,Batangas,Calapan,07/09/2026,21:00,00:00,,Reclining Seat,680,0,50,regular,0
Starlite,ferry,SAGA,Batangas,Calapan,07/09/2026,21:00,00:00,,Economy Bed Bunk,680,0,50,regular,1
Starlite,ferry,SAGA,Batangas,Calapan,07/09/2026,21:00,00:00,,Tourist Bed Bunk,680,0,50,regular,1
Starlite,ferry,SAGA,Batangas,Calapan,07/09/2026,23:00,02:00,,Reclining Seat,680,0,50,regular,0
Starlite,ferry,SAGA,Batangas,Calapan,07/09/2026,23:00,02:00,,Economy Bed Bunk,680,0,50,regular,1
Starlite,ferry,SAGA,Batangas,Calapan,07/09/2026,23:00,02:00,,Tourist Bed Bunk,680,0,50,regular,1
Starlite,ferry,SAGA,Batangas,Calapan,08/09/2026,01:00,04:00,,Reclining Seat,680,0,50,regular,0
Starlite,ferry,SAGA,Batangas,Calapan,08/09/2026,01:00,04:00,,Economy Bed Bunk,680,0,50,regular,1
Starlite,ferry,SAGA,Batangas,Calapan,08/09/2026,01:00,04:00,,Tourist Bed Bunk,680,0,50,regular,1
Starlite,ferry,SAGA,Batangas,Calapan,08/09/2026,03:00,06:00,,Reclining Seat,680,0,50,regular,0
Starlite,ferry,SAGA,Batangas,Calapan,08/09/2026,03:00,06:00,,Economy Bed Bunk,680,0,50,regular,1
Starlite,ferry,SAGA,Batangas,Calapan,08/09/2026,03:00,06:00,,Tourist Bed Bunk,680,0,50,regular,1
Starlite,ferry,SAGA,Batangas,Calapan,08/09/2026,05:00,08:00,,Reclining Seat,680,0,50,regular,0
Starlite,ferry,SAGA,Batangas,Calapan,08/09/2026,05:00,08:00,,Economy Bed Bunk,680,0,50,regular,1
Starlite,ferry,SAGA,Batangas,Calapan,08/09/2026,05:00,08:00,,Tourist Bed Bunk,680,0,50,regular,1
Starlite,ferry,SAGA,Batangas,Calapan,08/09/2026,07:00,10:00,,Reclining Seat,680,0,50,regular,0
Starlite,ferry,SAGA,Batangas,Calapan,08/09/2026,07:00,10:00,,Economy Bed Bunk,680,0,50,regular,1
Starlite,ferry,SAGA,Batangas,Calapan,08/09/2026,07:00,10:00,,Tourist Bed Bunk,680,0,50,regular,1
Starlite,ferry,SAGA,Batangas,Calapan,08/09/2026,09:00,12:00,,Reclining Seat,680,0,50,regular,0
Starlite,ferry,SAGA,Batangas,Calapan,08/09/2026,09:00,12:00,,Economy Bed Bunk,680,0,50,regular,1
Starlite,ferry,SAGA,Batangas,Calapan,08/09/2026,09:00,12:00,,Tourist Bed Bunk,680,0,50,regular,1
Starlite,ferry,SAGA,Batangas,Calapan,08/09/2026,11:00,14:00,,Reclining Seat,680,0,50,regular,0
Starlite,ferry,SAGA,Batangas,Calapan,08/09/2026,11:00,14:00,,Economy Bed Bunk,680,0,50,regular,1
Starlite,ferry,SAGA,Batangas,Calapan,08/09/2026,11:00,14:00,,Tourist Bed Bunk,680,0,50,regular,1
Starlite,ferry,SAGA,Batangas,Calapan,08/09/2026,13:00,16:00,,Reclining Seat,680,0,50,regular,0
Starlite,ferry,SAGA,Batangas,Calapan,08/09/2026,13:00,16:00,,Economy Bed Bunk,680,0,50,regular,1
Starlite,ferry,SAGA,Batangas,Calapan,08/09/2026,13:00,16:00,,Tourist Bed Bunk,680,0,50,regular,1
Starlite,ferry,SAGA,Batangas,Calapan,08/09/2026,15:00,18:00,,Reclining Seat,680,0,50,regular,0
Starlite,ferry,SAGA,Batangas,Calapan,08/09/2026,15:00,18:00,,Economy Bed Bunk,680,0,50,regular,1
Starlite,ferry,SAGA,Batangas,Calapan,08/09/2026,15:00,18:00,,Tourist Bed Bunk,680,0,50,regular,1
Starlite,ferry,SAGA,Batangas,Calapan,08/09/2026,17:00,20:00,,Reclining Seat,680,0,50,regular,0
Starlite,ferry,SAGA,Batangas,Calapan,08/09/2026,17:00,20:00,,Economy Bed Bunk,680,0,50,regular,1
Starlite,ferry,SAGA,Batangas,Calapan,08/09/2026,17:00,20:00,,Tourist Bed Bunk,680,0,50,regular,1
Starlite,ferry,SAGA,Batangas,Calapan,08/09/2026,19:00,22:00,,Reclining Seat,680,0,50,regular,0
Starlite,ferry,SAGA,Batangas,Calapan,08/09/2026,19:00,22:00,,Economy Bed Bunk,680,0,50,regular,1
Starlite,ferry,SAGA,Batangas,Calapan,08/09/2026,19:00,22:00,,Tourist Bed Bunk,680,0,50,regular,1
Starlite,ferry,SAGA,Batangas,Calapan,08/09/2026,21:00,00:00,,Reclining Seat,680,0,50,regular,0
Starlite,ferry,SAGA,Batangas,Calapan,08/09/2026,21:00,00:00,,Economy Bed Bunk,680,0,50,regular,1
Starlite,ferry,SAGA,Batangas,Calapan,08/09/2026,21:00,00:00,,Tourist Bed Bunk,680,0,50,regular,1
Starlite,ferry,SAGA,Batangas,Calapan,08/09/2026,23:00,02:00,,Reclining Seat,680,0,50,regular,0
Starlite,ferry,SAGA,Batangas,Calapan,08/09/2026,23:00,02:00,,Economy Bed Bunk,680,0,50,regular,1
Starlite,ferry,SAGA,Batangas,Calapan,08/09/2026,23:00,02:00,,Tourist Bed Bunk,680,0,50,regular,1
Starlite,ferry,SAGA,Batangas,Calapan,09/09/2026,01:00,04:00,,Reclining Seat,680,0,50,regular,0
Starlite,ferry,SAGA,Batangas,Calapan,09/09/2026,01:00,04:00,,Economy Bed Bunk,680,0,50,regular,1
Starlite,ferry,SAGA,Batangas,Calapan,09/09/2026,01:00,04:00,,Tourist Bed Bunk,680,0,50,regular,1
Starlite,ferry,SAGA,Batangas,Calapan,09/09/2026,03:00,06:00,,Reclining Seat,680,0,50,regular,0
Starlite,ferry,SAGA,Batangas,Calapan,09/09/2026,03:00,06:00,,Economy Bed Bunk,680,0,50,regular,1
Starlite,ferry,SAGA,Batangas,Calapan,09/09/2026,03:00,06:00,,Tourist Bed Bunk,680,0,50,regular,1
Starlite,ferry,SAGA,Batangas,Calapan,09/09/2026,05:00,08:00,,Reclining Seat,680,0,50,regular,0
Starlite,ferry,SAGA,Batangas,Calapan,09/09/2026,05:00,08:00,,Economy Bed Bunk,680,0,50,regular,1
Starlite,ferry,SAGA,Batangas,Calapan,09/09/2026,05:00,08:00,,Tourist Bed Bunk,680,0,50,regular,1
Starlite,ferry,SAGA,Batangas,Calapan,09/09/2026,07:00,10:00,,Reclining Seat,680,0,50,regular,0
Starlite,ferry,SAGA,Batangas,Calapan,09/09/2026,07:00,10:00,,Economy Bed Bunk,680,0,50,regular,1
Starlite,ferry,SAGA,Batangas,Calapan,09/09/2026,07:00,10:00,,Tourist Bed Bunk,680,0,50,regular,1
Starlite,ferry,SAGA,Batangas,Calapan,09/09/2026,09:00,12:00,,Reclining Seat,680,0,50,regular,0
Starlite,ferry,SAGA,Batangas,Calapan,09/09/2026,09:00,12:00,,Economy Bed Bunk,680,0,50,regular,1
Starlite,ferry,SAGA,Batangas,Calapan,09/09/2026,09:00,12:00,,Tourist Bed Bunk,680,0,50,regular,1
Starlite,ferry,SAGA,Batangas,Calapan,09/09/2026,11:00,14:00,,Reclining Seat,680,0,50,regular,0
Starlite,ferry,SAGA,Batangas,Calapan,09/09/2026,11:00,14:00,,Economy Bed Bunk,680,0,50,regular,1
Starlite,ferry,SAGA,Batangas,Calapan,09/09/2026,11:00,14:00,,Tourist Bed Bunk,680,0,50,regular,1
Starlite,ferry,SAGA,Batangas,Calapan,09/09/2026,13:00,16:00,,Reclining Seat,680,0,50,regular,0
Starlite,ferry,SAGA,Batangas,Calapan,09/09/2026,13:00,16:00,,Economy Bed Bunk,680,0,50,regular,1
Starlite,ferry,SAGA,Batangas,Calapan,09/09/2026,13:00,16:00,,Tourist Bed Bunk,680,0,50,regular,1
Starlite,ferry,SAGA,Batangas,Calapan,09/09/2026,15:00,18:00,,Reclining Seat,680,0,50,regular,0
Starlite,ferry,SAGA,Batangas,Calapan,09/09/2026,15:00,18:00,,Economy Bed Bunk,680,0,50,regular,1
Starlite,ferry,SAGA,Batangas,Calapan,09/09/2026,15:00,18:00,,Tourist Bed Bunk,680,0,50,regular,1
Starlite,ferry,SAGA,Batangas,Calapan,09/09/2026,17:00,20:00,,Reclining Seat,680,0,50,regular,0
Starlite,ferry,SAGA,Batangas,Calapan,09/09/2026,17:00,20:00,,Economy Bed Bunk,680,0,50,regular,1
Starlite,ferry,SAGA,Batangas,Calapan,09/09/2026,17:00,20:00,,Tourist Bed Bunk,680,0,50,regular,1
Starlite,ferry,SAGA,Batangas,Calapan,09/09/2026,19:00,22:00,,Reclining Seat,680,0,50,regular,0
Starlite,ferry,SAGA,Batangas,Calapan,09/09/2026,19:00,22:00,,Economy Bed Bunk,680,0,50,regular,1
Starlite,ferry,SAGA,Batangas,Calapan,09/09/2026,19:00,22:00,,Tourist Bed Bunk,680,0,50,regular,1
Starlite,ferry,SAGA,Batangas,Calapan,09/09/2026,21:00,00:00,,Reclining Seat,680,0,50,regular,0
Starlite,ferry,SAGA,Batangas,Calapan,09/09/2026,21:00,00:00,,Economy Bed Bunk,680,0,50,regular,1
Starlite,ferry,SAGA,Batangas,Calapan,09/09/2026,21:00,00:00,,Tourist Bed Bunk,680,0,50,regular,1
Starlite,ferry,SAGA,Batangas,Calapan,09/09/2026,23:00,02:00,,Reclining Seat,680,0,50,regular,0
Starlite,ferry,SAGA,Batangas,Calapan,09/09/2026,23:00,02:00,,Economy Bed Bunk,680,0,50,regular,1
Starlite,ferry,SAGA,Batangas,Calapan,09/09/2026,23:00,02:00,,Tourist Bed Bunk,680,0,50,regular,1
Starlite,ferry,SAGA,Batangas,Calapan,10/09/2026,01:00,04:00,,Reclining Seat,680,0,50,regular,0
Starlite,ferry,SAGA,Batangas,Calapan,10/09/2026,01:00,04:00,,Economy Bed Bunk,680,0,50,regular,1
Starlite,ferry,SAGA,Batangas,Calapan,10/09/2026,01:00,04:00,,Tourist Bed Bunk,680,0,50,regular,1
Starlite,ferry,SAGA,Batangas,Calapan,10/09/2026,03:00,06:00,,Reclining Seat,680,0,50,regular,0
Starlite,ferry,SAGA,Batangas,Calapan,10/09/2026,03:00,06:00,,Economy Bed Bunk,680,0,50,regular,1
Starlite,ferry,SAGA,Batangas,Calapan,10/09/2026,03:00,06:00,,Tourist Bed Bunk,680,0,50,regular,1
Starlite,ferry,SAGA,Batangas,Calapan,10/09/2026,05:00,08:00,,Reclining Seat,680,0,50,regular,0
Starlite,ferry,SAGA,Batangas,Calapan,10/09/2026,05:00,08:00,,Economy Bed Bunk,680,0,50,regular,1
Starlite,ferry,SAGA,Batangas,Calapan,10/09/2026,05:00,08:00,,Tourist Bed Bunk,680,0,50,regular,1
Starlite,ferry,SAGA,Batangas,Calapan,10/09/2026,07:00,10:00,,Reclining Seat,680,0,50,regular,0
Starlite,ferry,SAGA,Batangas,Calapan,10/09/2026,07:00,10:00,,Economy Bed Bunk,680,0,50,regular,1
Starlite,ferry,SAGA,Batangas,Calapan,10/09/2026,07:00,10:00,,Tourist Bed Bunk,680,0,50,regular,1
Starlite,ferry,SAGA,Batangas,Calapan,10/09/2026,09:00,12:00,,Reclining Seat,680,0,50,regular,0
Starlite,ferry,SAGA,Batangas,Calapan,10/09/2026,09:00,12:00,,Economy Bed Bunk,680,0,50,regular,1
Starlite,ferry,SAGA,Batangas,Calapan,10/09/2026,09:00,12:00,,Tourist Bed Bunk,680,0,50,regular,1
Starlite,ferry,SAGA,Batangas,Calapan,10/09/2026,11:00,14:00,,Reclining Seat,680,0,50,regular,0
Starlite,ferry,SAGA,Batangas,Calapan,10/09/2026,11:00,14:00,,Economy Bed Bunk,680,0,50,regular,1
Starlite,ferry,SAGA,Batangas,Calapan,10/09/2026,11:00,14:00,,Tourist Bed Bunk,680,0,50,regular,1
Starlite,ferry,SAGA,Batangas,Calapan,10/09/2026,13:00,16:00,,Reclining Seat,680,0,50,regular,0
Starlite,ferry,SAGA,Batangas,Calapan,10/09/2026,13:00,16:00,,Economy Bed Bunk,680,0,50,regular,1
Starlite,ferry,SAGA,Batangas,Calapan,10/09/2026,13:00,16:00,,Tourist Bed Bunk,680,0,50,regular,1
Starlite,ferry,SAGA,Batangas,Calapan,10/09/2026,15:00,18:00,,Reclining Seat,680,0,50,regular,0
Starlite,ferry,SAGA,Batangas,Calapan,10/09/2026,15:00,18:00,,Economy Bed Bunk,680,0,50,regular,1
Starlite,ferry,SAGA,Batangas,Calapan,10/09/2026,15:00,18:00,,Tourist Bed Bunk,680,0,50,regular,1
Starlite,ferry,SAGA,Batangas,Calapan,10/09/2026,17:00,20:00,,Reclining Seat,680,0,50,regular,0
Starlite,ferry,SAGA,Batangas,Calapan,10/09/2026,17:00,20:00,,Economy Bed Bunk,680,0,50,regular,1
Starlite,ferry,SAGA,Batangas,Calapan,10/09/2026,17:00,20:00,,Tourist Bed Bunk,680,0,50,regular,1
Starlite,ferry,SAGA,Batangas,Calapan,10/09/2026,19:00,22:00,,Reclining Seat,680,0,50,regular,0
Starlite,ferry,SAGA,Batangas,Calapan,10/09/2026,19:00,22:00,,Economy Bed Bunk,680,0,50,regular,1
Starlite,ferry,SAGA,Batangas,Calapan,10/09/2026,19:00,22:00,,Tourist Bed Bunk,680,0,50,regular,1
Starlite,ferry,SAGA,Batangas,Calapan,10/09/2026,21:00,00:00,,Reclining Seat,680,0,50,regular,0
Starlite,ferry,SAGA,Batangas,Calapan,10/09/2026,21:00,00:00,,Economy Bed Bunk,680,0,50,regular,1
Starlite,ferry,SAGA,Batangas,Calapan,10/09/2026,21:00,00:00,,Tourist Bed Bunk,680,0,50,regular,1
Starlite,ferry,SAGA,Batangas,Calapan,10/09/2026,23:00,02:00,,Reclining Seat,680,0,50,regular,0
Starlite,ferry,SAGA,Batangas,Calapan,10/09/2026,23:00,02:00,,Economy Bed Bunk,680,0,50,regular,1
Starlite,ferry,SAGA,Batangas,Calapan,10/09/2026,23:00,02:00,,Tourist Bed Bunk,680,0,50,regular,1
Starlite,ferry,SAGA,Batangas,Calapan,11/09/2026,01:00,04:00,,Reclining Seat,680,0,50,regular,0
Starlite,ferry,SAGA,Batangas,Calapan,11/09/2026,01:00,04:00,,Economy Bed Bunk,680,0,50,regular,1
Starlite,ferry,SAGA,Batangas,Calapan,11/09/2026,01:00,04:00,,Tourist Bed Bunk,680,0,50,regular,1
Starlite,ferry,SAGA,Batangas,Calapan,11/09/2026,03:00,06:00,,Reclining Seat,680,0,50,regular,0
Starlite,ferry,SAGA,Batangas,Calapan,11/09/2026,03:00,06:00,,Economy Bed Bunk,680,0,50,regular,1
Starlite,ferry,SAGA,Batangas,Calapan,11/09/2026,03:00,06:00,,Tourist Bed Bunk,680,0,50,regular,1
Starlite,ferry,SAGA,Batangas,Calapan,11/09/2026,05:00,08:00,,Reclining Seat,680,0,50,regular,0
Starlite,ferry,SAGA,Batangas,Calapan,11/09/2026,05:00,08:00,,Economy Bed Bunk,680,0,50,regular,1
Starlite,ferry,SAGA,Batangas,Calapan,11/09/2026,05:00,08:00,,Tourist Bed Bunk,680,0,50,regular,1
Starlite,ferry,SAGA,Batangas,Calapan,11/09/2026,07:00,10:00,,Reclining Seat,680,0,50,regular,0
Starlite,ferry,SAGA,Batangas,Calapan,11/09/2026,07:00,10:00,,Economy Bed Bunk,680,0,50,regular,1
Starlite,ferry,SAGA,Batangas,Calapan,11/09/2026,07:00,10:00,,Tourist Bed Bunk,680,0,50,regular,1
Starlite,ferry,SAGA,Batangas,Calapan,11/09/2026,09:00,12:00,,Reclining Seat,680,0,50,regular,0
Starlite,ferry,SAGA,Batangas,Calapan,11/09/2026,09:00,12:00,,Economy Bed Bunk,680,0,50,regular,1
Starlite,ferry,SAGA,Batangas,Calapan,11/09/2026,09:00,12:00,,Tourist Bed Bunk,680,0,50,regular,1
Starlite,ferry,SAGA,Batangas,Calapan,11/09/2026,11:00,14:00,,Reclining Seat,680,0,50,regular,0
Starlite,ferry,SAGA,Batangas,Calapan,11/09/2026,11:00,14:00,,Economy Bed Bunk,680,0,50,regular,1
Starlite,ferry,SAGA,Batangas,Calapan,11/09/2026,11:00,14:00,,Tourist Bed Bunk,680,0,50,regular,1
Starlite,ferry,SAGA,Batangas,Calapan,11/09/2026,13:00,16:00,,Reclining Seat,680,0,50,regular,0
Starlite,ferry,SAGA,Batangas,Calapan,11/09/2026,13:00,16:00,,Economy Bed Bunk,680,0,50,regular,1
Starlite,ferry,SAGA,Batangas,Calapan,11/09/2026,13:00,16:00,,Tourist Bed Bunk,680,0,50,regular,1
Starlite,ferry,SAGA,Batangas,Calapan,11/09/2026,15:00,18:00,,Reclining Seat,680,0,50,regular,0
Starlite,ferry,SAGA,Batangas,Calapan,11/09/2026,15:00,18:00,,Economy Bed Bunk,680,0,50,regular,1
Starlite,ferry,SAGA,Batangas,Calapan,11/09/2026,15:00,18:00,,Tourist Bed Bunk,680,0,50,regular,1
Starlite,ferry,SAGA,Batangas,Calapan,11/09/2026,17:00,20:00,,Reclining Seat,680,0,50,regular,0
Starlite,ferry,SAGA,Batangas,Calapan,11/09/2026,17:00,20:00,,Economy Bed Bunk,680,0,50,regular,1
Starlite,ferry,SAGA,Batangas,Calapan,11/09/2026,17:00,20:00,,Tourist Bed Bunk,680,0,50,regular,1
Starlite,ferry,SAGA,Batangas,Calapan,11/09/2026,19:00,22:00,,Reclining Seat,680,0,50,regular,0
Starlite,ferry,SAGA,Batangas,Calapan,11/09/2026,19:00,22:00,,Economy Bed Bunk,680,0,50,regular,1
Starlite,ferry,SAGA,Batangas,Calapan,11/09/2026,19:00,22:00,,Tourist Bed Bunk,680,0,50,regular,1
Starlite,ferry,SAGA,Batangas,Calapan,11/09/2026,21:00,00:00,,Reclining Seat,680,0,50,regular,0
Starlite,ferry,SAGA,Batangas,Calapan,11/09/2026,21:00,00:00,,Economy Bed Bunk,680,0,50,regular,1
Starlite,ferry,SAGA,Batangas,Calapan,11/09/2026,21:00,00:00,,Tourist Bed Bunk,680,0,50,regular,1
Starlite,ferry,SAGA,Batangas,Calapan,11/09/2026,23:00,02:00,,Reclining Seat,680,0,50,regular,0
Starlite,ferry,SAGA,Batangas,Calapan,11/09/2026,23:00,02:00,,Economy Bed Bunk,680,0,50,regular,1
Starlite,ferry,SAGA,Batangas,Calapan,11/09/2026,23:00,02:00,,Tourist Bed Bunk,680,0,50,regular,1
Starlite,ferry,SAGA,Batangas,Calapan,12/09/2026,01:00,04:00,,Reclining Seat,680,0,50,regular,0
Starlite,ferry,SAGA,Batangas,Calapan,12/09/2026,01:00,04:00,,Economy Bed Bunk,680,0,50,regular,1
Starlite,ferry,SAGA,Batangas,Calapan,12/09/2026,01:00,04:00,,Tourist Bed Bunk,680,0,50,regular,1
Starlite,ferry,SAGA,Batangas,Calapan,12/09/2026,03:00,06:00,,Reclining Seat,680,0,50,regular,0
Starlite,ferry,SAGA,Batangas,Calapan,12/09/2026,03:00,06:00,,Economy Bed Bunk,680,0,50,regular,1
Starlite,ferry,SAGA,Batangas,Calapan,12/09/2026,03:00,06:00,,Tourist Bed Bunk,680,0,50,regular,1
Starlite,ferry,SAGA,Batangas,Calapan,12/09/2026,05:00,08:00,,Reclining Seat,680,0,50,regular,0
Starlite,ferry,SAGA,Batangas,Calapan,12/09/2026,05:00,08:00,,Economy Bed Bunk,680,0,50,regular,1
Starlite,ferry,SAGA,Batangas,Calapan,12/09/2026,05:00,08:00,,Tourist Bed Bunk,680,0,50,regular,1
Starlite,ferry,SAGA,Batangas,Calapan,12/09/2026,07:00,10:00,,Reclining Seat,680,0,50,regular,0
Starlite,ferry,SAGA,Batangas,Calapan,12/09/2026,07:00,10:00,,Economy Bed Bunk,680,0,50,regular,1
Starlite,ferry,SAGA,Batangas,Calapan,12/09/2026,07:00,10:00,,Tourist Bed Bunk,680,0,50,regular,1
Starlite,ferry,SAGA,Batangas,Calapan,12/09/2026,09:00,12:00,,Reclining Seat,680,0,50,regular,0
Starlite,ferry,SAGA,Batangas,Calapan,12/09/2026,09:00,12:00,,Economy Bed Bunk,680,0,50,regular,1
Starlite,ferry,SAGA,Batangas,Calapan,12/09/2026,09:00,12:00,,Tourist Bed Bunk,680,0,50,regular,1
Starlite,ferry,SAGA,Batangas,Calapan,12/09/2026,11:00,14:00,,Reclining Seat,680,0,50,regular,0
Starlite,ferry,SAGA,Batangas,Calapan,12/09/2026,11:00,14:00,,Economy Bed Bunk,680,0,50,regular,1
Starlite,ferry,SAGA,Batangas,Calapan,12/09/2026,11:00,14:00,,Tourist Bed Bunk,680,0,50,regular,1
Starlite,ferry,SAGA,Batangas,Calapan,12/09/2026,13:00,16:00,,Reclining Seat,680,0,50,regular,0
Starlite,ferry,SAGA,Batangas,Calapan,12/09/2026,13:00,16:00,,Economy Bed Bunk,680,0,50,regular,1
Starlite,ferry,SAGA,Batangas,Calapan,12/09/2026,13:00,16:00,,Tourist Bed Bunk,680,0,50,regular,1
Starlite,ferry,SAGA,Batangas,Calapan,12/09/2026,15:00,18:00,,Reclining Seat,680,0,50,regular,0
Starlite,ferry,SAGA,Batangas,Calapan,12/09/2026,15:00,18:00,,Economy Bed Bunk,680,0,50,regular,1
Starlite,ferry,SAGA,Batangas,Calapan,12/09/2026,15:00,18:00,,Tourist Bed Bunk,680,0,50,regular,1
Starlite,ferry,SAGA,Batangas,Calapan,12/09/2026,17:00,20:00,,Reclining Seat,680,0,50,regular,0
Starlite,ferry,SAGA,Batangas,Calapan,12/09/2026,17:00,20:00,,Economy Bed Bunk,680,0,50,regular,1
Starlite,ferry,SAGA,Batangas,Calapan,12/09/2026,17:00,20:00,,Tourist Bed Bunk,680,0,50,regular,1
Starlite,ferry,SAGA,Batangas,Calapan,12/09/2026,19:00,22:00,,Reclining Seat,680,0,50,regular,0
Starlite,ferry,SAGA,Batangas,Calapan,12/09/2026,19:00,22:00,,Economy Bed Bunk,680,0,50,regular,1
Starlite,ferry,SAGA,Batangas,Calapan,12/09/2026,19:00,22:00,,Tourist Bed Bunk,680,0,50,regular,1
Starlite,ferry,SAGA,Batangas,Calapan,12/09/2026,21:00,00:00,,Reclining Seat,680,0,50,regular,0
Starlite,ferry,SAGA,Batangas,Calapan,12/09/2026,21:00,00:00,,Economy Bed Bunk,680,0,50,regular,1
Starlite,ferry,SAGA,Batangas,Calapan,12/09/2026,21:00,00:00,,Tourist Bed Bunk,680,0,50,regular,1
Starlite,ferry,SAGA,Batangas,Calapan,12/09/2026,23:00,02:00,,Reclining Seat,680,0,50,regular,0
Starlite,ferry,SAGA,Batangas,Calapan,12/09/2026,23:00,02:00,,Economy Bed Bunk,680,0,50,regular,1
Starlite,ferry,SAGA,Batangas,Calapan,12/09/2026,23:00,02:00,,Tourist Bed Bunk,680,0,50,regular,1
Starlite,ferry,JUPITER,Batangas,Calapan,03/09/2026,01:00,04:00,,Reclining Seat,680,0,50,regular,0
Starlite,ferry,JUPITER,Batangas,Calapan,03/09/2026,01:00,04:00,,Economy Bed Bunk,680,0,50,regular,1
Starlite,ferry,JUPITER,Batangas,Calapan,03/09/2026,01:00,04:00,,Tourist Bed Bunk,680,0,50,regular,1
Starlite,ferry,JUPITER,Batangas,Calapan,03/09/2026,03:00,06:00,,Reclining Seat,680,0,50,regular,0
Starlite,ferry,JUPITER,Batangas,Calapan,03/09/2026,03:00,06:00,,Economy Bed Bunk,680,0,50,regular,1
Starlite,ferry,JUPITER,Batangas,Calapan,03/09/2026,03:00,06:00,,Tourist Bed Bunk,680,0,50,regular,1
Starlite,ferry,JUPITER,Batangas,Calapan,03/09/2026,05:00,08:00,,Reclining Seat,680,0,50,regular,0
Starlite,ferry,JUPITER,Batangas,Calapan,03/09/2026,05:00,08:00,,Economy Bed Bunk,680,0,50,regular,1
Starlite,ferry,JUPITER,Batangas,Calapan,03/09/2026,05:00,08:00,,Tourist Bed Bunk,680,0,50,regular,1
Starlite,ferry,JUPITER,Batangas,Calapan,03/09/2026,07:00,10:00,,Reclining Seat,680,0,50,regular,0
Starlite,ferry,JUPITER,Batangas,Calapan,03/09/2026,07:00,10:00,,Economy Bed Bunk,680,0,50,regular,1
Starlite,ferry,JUPITER,Batangas,Calapan,03/09/2026,07:00,10:00,,Tourist Bed Bunk,680,0,50,regular,1
Starlite,ferry,JUPITER,Batangas,Calapan,03/09/2026,09:00,12:00,,Reclining Seat,680,0,50,regular,0
Starlite,ferry,JUPITER,Batangas,Calapan,03/09/2026,09:00,12:00,,Economy Bed Bunk,680,0,50,regular,1
Starlite,ferry,JUPITER,Batangas,Calapan,03/09/2026,09:00,12:00,,Tourist Bed Bunk,680,0,50,regular,1
Starlite,ferry,JUPITER,Batangas,Calapan,03/09/2026,11:00,14:00,,Reclining Seat,680,0,50,regular,0
Starlite,ferry,JUPITER,Batangas,Calapan,03/09/2026,11:00,14:00,,Economy Bed Bunk,680,0,50,regular,1
Starlite,ferry,JUPITER,Batangas,Calapan,03/09/2026,11:00,14:00,,Tourist Bed Bunk,680,0,50,regular,1
Starlite,ferry,JUPITER,Batangas,Calapan,03/09/2026,13:00,16:00,,Reclining Seat,680,0,50,regular,0
Starlite,ferry,JUPITER,Batangas,Calapan,03/09/2026,13:00,16:00,,Economy Bed Bunk,680,0,50,regular,1
Starlite,ferry,JUPITER,Batangas,Calapan,03/09/2026,13:00,16:00,,Tourist Bed Bunk,680,0,50,regular,1
Starlite,ferry,JUPITER,Batangas,Calapan,03/09/2026,15:00,18:00,,Reclining Seat,680,0,50,regular,0
Starlite,ferry,JUPITER,Batangas,Calapan,03/09/2026,15:00,18:00,,Economy Bed Bunk,680,0,50,regular,1
Starlite,ferry,JUPITER,Batangas,Calapan,03/09/2026,15:00,18:00,,Tourist Bed Bunk,680,0,50,regular,1
Starlite,ferry,JUPITER,Batangas,Calapan,03/09/2026,17:00,20:00,,Reclining Seat,680,0,50,regular,0
Starlite,ferry,JUPITER,Batangas,Calapan,03/09/2026,17:00,20:00,,Economy Bed Bunk,680,0,50,regular,1
Starlite,ferry,JUPITER,Batangas,Calapan,03/09/2026,17:00,20:00,,Tourist Bed Bunk,680,0,50,regular,1
Starlite,ferry,JUPITER,Batangas,Calapan,03/09/2026,19:00,22:00,,Reclining Seat,680,0,50,regular,0
Starlite,ferry,JUPITER,Batangas,Calapan,03/09/2026,19:00,22:00,,Economy Bed Bunk,680,0,50,regular,1
Starlite,ferry,JUPITER,Batangas,Calapan,03/09/2026,19:00,22:00,,Tourist Bed Bunk,680,0,50,regular,1
Starlite,ferry,JUPITER,Batangas,Calapan,03/09/2026,21:00,00:00,,Reclining Seat,680,0,50,regular,0
Starlite,ferry,JUPITER,Batangas,Calapan,03/09/2026,21:00,00:00,,Economy Bed Bunk,680,0,50,regular,1
Starlite,ferry,JUPITER,Batangas,Calapan,03/09/2026,21:00,00:00,,Tourist Bed Bunk,680,0,50,regular,1
Starlite,ferry,JUPITER,Batangas,Calapan,03/09/2026,23:00,02:00,,Reclining Seat,680,0,50,regular,0
Starlite,ferry,JUPITER,Batangas,Calapan,03/09/2026,23:00,02:00,,Economy Bed Bunk,680,0,50,regular,1
Starlite,ferry,JUPITER,Batangas,Calapan,03/09/2026,23:00,02:00,,Tourist Bed Bunk,680,0,50,regular,1
Starlite,ferry,JUPITER,Batangas,Calapan,04/09/2026,01:00,04:00,,Reclining Seat,680,0,50,regular,0
Starlite,ferry,JUPITER,Batangas,Calapan,04/09/2026,01:00,04:00,,Economy Bed Bunk,680,0,50,regular,1
Starlite,ferry,JUPITER,Batangas,Calapan,04/09/2026,01:00,04:00,,Tourist Bed Bunk,680,0,50,regular,1
Starlite,ferry,JUPITER,Batangas,Calapan,04/09/2026,03:00,06:00,,Reclining Seat,680,0,50,regular,0
Starlite,ferry,JUPITER,Batangas,Calapan,04/09/2026,03:00,06:00,,Economy Bed Bunk,680,0,50,regular,1
Starlite,ferry,JUPITER,Batangas,Calapan,04/09/2026,03:00,06:00,,Tourist Bed Bunk,680,0,50,regular,1
Starlite,ferry,JUPITER,Batangas,Calapan,04/09/2026,05:00,08:00,,Reclining Seat,680,0,50,regular,0
Starlite,ferry,JUPITER,Batangas,Calapan,04/09/2026,05:00,08:00,,Economy Bed Bunk,680,0,50,regular,1
Starlite,ferry,JUPITER,Batangas,Calapan,04/09/2026,05:00,08:00,,Tourist Bed Bunk,680,0,50,regular,1
Starlite,ferry,JUPITER,Batangas,Calapan,04/09/2026,07:00,10:00,,Reclining Seat,680,0,50,regular,0
Starlite,ferry,JUPITER,Batangas,Calapan,04/09/2026,07:00,10:00,,Economy Bed Bunk,680,0,50,regular,1
Starlite,ferry,JUPITER,Batangas,Calapan,04/09/2026,07:00,10:00,,Tourist Bed Bunk,680,0,50,regular,1
Starlite,ferry,JUPITER,Batangas,Calapan,04/09/2026,09:00,12:00,,Reclining Seat,680,0,50,regular,0
Starlite,ferry,JUPITER,Batangas,Calapan,04/09/2026,09:00,12:00,,Economy Bed Bunk,680,0,50,regular,1
Starlite,ferry,JUPITER,Batangas,Calapan,04/09/2026,09:00,12:00,,Tourist Bed Bunk,680,0,50,regular,1
Starlite,ferry,JUPITER,Batangas,Calapan,04/09/2026,11:00,14:00,,Reclining Seat,680,0,50,regular,0
Starlite,ferry,JUPITER,Batangas,Calapan,04/09/2026,11:00,14:00,,Economy Bed Bunk,680,0,50,regular,1
Starlite,ferry,JUPITER,Batangas,Calapan,04/09/2026,11:00,14:00,,Tourist Bed Bunk,680,0,50,regular,1
Starlite,ferry,JUPITER,Batangas,Calapan,04/09/2026,13:00,16:00,,Reclining Seat,680,0,50,regular,0
Starlite,ferry,JUPITER,Batangas,Calapan,04/09/2026,13:00,16:00,,Economy Bed Bunk,680,0,50,regular,1
Starlite,ferry,JUPITER,Batangas,Calapan,04/09/2026,13:00,16:00,,Tourist Bed Bunk,680,0,50,regular,1
Starlite,ferry,JUPITER,Batangas,Calapan,04/09/2026,15:00,18:00,,Reclining Seat,680,0,50,regular,0
Starlite,ferry,JUPITER,Batangas,Calapan,04/09/2026,15:00,18:00,,Economy Bed Bunk,680,0,50,regular,1
Starlite,ferry,JUPITER,Batangas,Calapan,04/09/2026,15:00,18:00,,Tourist Bed Bunk,680,0,50,regular,1
Starlite,ferry,JUPITER,Batangas,Calapan,04/09/2026,17:00,20:00,,Reclining Seat,680,0,50,regular,0
Starlite,ferry,JUPITER,Batangas,Calapan,04/09/2026,17:00,20:00,,Economy Bed Bunk,680,0,50,regular,1
Starlite,ferry,JUPITER,Batangas,Calapan,04/09/2026,17:00,20:00,,Tourist Bed Bunk,680,0,50,regular,1
Starlite,ferry,JUPITER,Batangas,Calapan,04/09/2026,19:00,22:00,,Reclining Seat,680,0,50,regular,0
Starlite,ferry,JUPITER,Batangas,Calapan,04/09/2026,19:00,22:00,,Economy Bed Bunk,680,0,50,regular,1
Starlite,ferry,JUPITER,Batangas,Calapan,04/09/2026,19:00,22:00,,Tourist Bed Bunk,680,0,50,regular,1
Starlite,ferry,JUPITER,Batangas,Calapan,04/09/2026,21:00,00:00,,Reclining Seat,680,0,50,regular,0
Starlite,ferry,JUPITER,Batangas,Calapan,04/09/2026,21:00,00:00,,Economy Bed Bunk,680,0,50,regular,1
Starlite,ferry,JUPITER,Batangas,Calapan,04/09/2026,21:00,00:00,,Tourist Bed Bunk,680,0,50,regular,1
Starlite,ferry,JUPITER,Batangas,Calapan,04/09/2026,23:00,02:00,,Reclining Seat,680,0,50,regular,0
Starlite,ferry,JUPITER,Batangas,Calapan,04/09/2026,23:00,02:00,,Economy Bed Bunk,680,0,50,regular,1
Starlite,ferry,JUPITER,Batangas,Calapan,04/09/2026,23:00,02:00,,Tourist Bed Bunk,680,0,50,regular,1
Starlite,ferry,JUPITER,Batangas,Calapan,05/09/2026,01:00,04:00,,Reclining Seat,680,0,50,regular,0
Starlite,ferry,JUPITER,Batangas,Calapan,05/09/2026,01:00,04:00,,Economy Bed Bunk,680,0,50,regular,1
Starlite,ferry,JUPITER,Batangas,Calapan,05/09/2026,01:00,04:00,,Tourist Bed Bunk,680,0,50,regular,1
Starlite,ferry,JUPITER,Batangas,Calapan,05/09/2026,03:00,06:00,,Reclining Seat,680,0,50,regular,0
Starlite,ferry,JUPITER,Batangas,Calapan,05/09/2026,03:00,06:00,,Economy Bed Bunk,680,0,50,regular,1
Starlite,ferry,JUPITER,Batangas,Calapan,05/09/2026,03:00,06:00,,Tourist Bed Bunk,680,0,50,regular,1
Starlite,ferry,JUPITER,Batangas,Calapan,05/09/2026,05:00,08:00,,Reclining Seat,680,0,50,regular,0
Starlite,ferry,JUPITER,Batangas,Calapan,05/09/2026,05:00,08:00,,Economy Bed Bunk,680,0,50,regular,1
Starlite,ferry,JUPITER,Batangas,Calapan,05/09/2026,05:00,08:00,,Tourist Bed Bunk,680,0,50,regular,1
Starlite,ferry,JUPITER,Batangas,Calapan,05/09/2026,07:00,10:00,,Reclining Seat,680,0,50,regular,0
Starlite,ferry,JUPITER,Batangas,Calapan,05/09/2026,07:00,10:00,,Economy Bed Bunk,680,0,50,regular,1
Starlite,ferry,JUPITER,Batangas,Calapan,05/09/2026,07:00,10:00,,Tourist Bed Bunk,680,0,50,regular,1
Starlite,ferry,JUPITER,Batangas,Calapan,05/09/2026,09:00,12:00,,Reclining Seat,680,0,50,regular,0
Starlite,ferry,JUPITER,Batangas,Calapan,05/09/2026,09:00,12:00,,Economy Bed Bunk,680,0,50,regular,1
Starlite,ferry,JUPITER,Batangas,Calapan,05/09/2026,09:00,12:00,,Tourist Bed Bunk,680,0,50,regular,1
Starlite,ferry,JUPITER,Batangas,Calapan,05/09/2026,11:00,14:00,,Reclining Seat,680,0,50,regular,0
Starlite,ferry,JUPITER,Batangas,Calapan,05/09/2026,11:00,14:00,,Economy Bed Bunk,680,0,50,regular,1
Starlite,ferry,JUPITER,Batangas,Calapan,05/09/2026,11:00,14:00,,Tourist Bed Bunk,680,0,50,regular,1
Starlite,ferry,JUPITER,Batangas,Calapan,05/09/2026,13:00,16:00,,Reclining Seat,680,0,50,regular,0
Starlite,ferry,JUPITER,Batangas,Calapan,05/09/2026,13:00,16:00,,Economy Bed Bunk,680,0,50,regular,1
Starlite,ferry,JUPITER,Batangas,Calapan,05/09/2026,13:00,16:00,,Tourist Bed Bunk,680,0,50,regular,1
Starlite,ferry,JUPITER,Batangas,Calapan,05/09/2026,15:00,18:00,,Reclining Seat,680,0,50,regular,0
Starlite,ferry,JUPITER,Batangas,Calapan,05/09/2026,15:00,18:00,,Economy Bed Bunk,680,0,50,regular,1
Starlite,ferry,JUPITER,Batangas,Calapan,05/09/2026,15:00,18:00,,Tourist Bed Bunk,680,0,50,regular,1
Starlite,ferry,JUPITER,Batangas,Calapan,05/09/2026,17:00,20:00,,Reclining Seat,680,0,50,regular,0
Starlite,ferry,JUPITER,Batangas,Calapan,05/09/2026,17:00,20:00,,Economy Bed Bunk,680,0,50,regular,1
Starlite,ferry,JUPITER,Batangas,Calapan,05/09/2026,17:00,20:00,,Tourist Bed Bunk,680,0,50,regular,1
Starlite,ferry,JUPITER,Batangas,Calapan,05/09/2026,19:00,22:00,,Reclining Seat,680,0,50,regular,0
Starlite,ferry,JUPITER,Batangas,Calapan,05/09/2026,19:00,22:00,,Economy Bed Bunk,680,0,50,regular,1
Starlite,ferry,JUPITER,Batangas,Calapan,05/09/2026,19:00,22:00,,Tourist Bed Bunk,680,0,50,regular,1
Starlite,ferry,JUPITER,Batangas,Calapan,05/09/2026,21:00,00:00,,Reclining Seat,680,0,50,regular,0
Starlite,ferry,JUPITER,Batangas,Calapan,05/09/2026,21:00,00:00,,Economy Bed Bunk,680,0,50,regular,1
Starlite,ferry,JUPITER,Batangas,Calapan,05/09/2026,21:00,00:00,,Tourist Bed Bunk,680,0,50,regular,1
Starlite,ferry,JUPITER,Batangas,Calapan,05/09/2026,23:00,02:00,,Reclining Seat,680,0,50,regular,0
Starlite,ferry,JUPITER,Batangas,Calapan,05/09/2026,23:00,02:00,,Economy Bed Bunk,680,0,50,regular,1
Starlite,ferry,JUPITER,Batangas,Calapan,05/09/2026,23:00,02:00,,Tourist Bed Bunk,680,0,50,regular,1
Starlite,ferry,JUPITER,Batangas,Calapan,06/09/2026,01:00,04:00,,Reclining Seat,680,0,50,regular,0
Starlite,ferry,JUPITER,Batangas,Calapan,06/09/2026,01:00,04:00,,Economy Bed Bunk,680,0,50,regular,1
Starlite,ferry,JUPITER,Batangas,Calapan,06/09/2026,01:00,04:00,,Tourist Bed Bunk,680,0,50,regular,1
Starlite,ferry,JUPITER,Batangas,Calapan,06/09/2026,03:00,06:00,,Reclining Seat,680,0,50,regular,0
Starlite,ferry,JUPITER,Batangas,Calapan,06/09/2026,03:00,06:00,,Economy Bed Bunk,680,0,50,regular,1
Starlite,ferry,JUPITER,Batangas,Calapan,06/09/2026,03:00,06:00,,Tourist Bed Bunk,680,0,50,regular,1
Starlite,ferry,JUPITER,Batangas,Calapan,06/09/2026,05:00,08:00,,Reclining Seat,680,0,50,regular,0
Starlite,ferry,JUPITER,Batangas,Calapan,06/09/2026,05:00,08:00,,Economy Bed Bunk,680,0,50,regular,1
Starlite,ferry,JUPITER,Batangas,Calapan,06/09/2026,05:00,08:00,,Tourist Bed Bunk,680,0,50,regular,1
Starlite,ferry,JUPITER,Batangas,Calapan,06/09/2026,07:00,10:00,,Reclining Seat,680,0,50,regular,0
Starlite,ferry,JUPITER,Batangas,Calapan,06/09/2026,07:00,10:00,,Economy Bed Bunk,680,0,50,regular,1
Starlite,ferry,JUPITER,Batangas,Calapan,06/09/2026,07:00,10:00,,Tourist Bed Bunk,680,0,50,regular,1
Starlite,ferry,JUPITER,Batangas,Calapan,06/09/2026,09:00,12:00,,Reclining Seat,680,0,50,regular,0
Starlite,ferry,JUPITER,Batangas,Calapan,06/09/2026,09:00,12:00,,Economy Bed Bunk,680,0,50,regular,1
Starlite,ferry,JUPITER,Batangas,Calapan,06/09/2026,09:00,12:00,,Tourist Bed Bunk,680,0,50,regular,1
Starlite,ferry,JUPITER,Batangas,Calapan,06/09/2026,11:00,14:00,,Reclining Seat,680,0,50,regular,0
Starlite,ferry,JUPITER,Batangas,Calapan,06/09/2026,11:00,14:00,,Economy Bed Bunk,680,0,50,regular,1
Starlite,ferry,JUPITER,Batangas,Calapan,06/09/2026,11:00,14:00,,Tourist Bed Bunk,680,0,50,regular,1
Starlite,ferry,JUPITER,Batangas,Calapan,06/09/2026,13:00,16:00,,Reclining Seat,680,0,50,regular,0
Starlite,ferry,JUPITER,Batangas,Calapan,06/09/2026,13:00,16:00,,Economy Bed Bunk,680,0,50,regular,1
Starlite,ferry,JUPITER,Batangas,Calapan,06/09/2026,13:00,16:00,,Tourist Bed Bunk,680,0,50,regular,1
Starlite,ferry,JUPITER,Batangas,Calapan,06/09/2026,15:00,18:00,,Reclining Seat,680,0,50,regular,0
Starlite,ferry,JUPITER,Batangas,Calapan,06/09/2026,15:00,18:00,,Economy Bed Bunk,680,0,50,regular,1
Starlite,ferry,JUPITER,Batangas,Calapan,06/09/2026,15:00,18:00,,Tourist Bed Bunk,680,0,50,regular,1
Starlite,ferry,JUPITER,Batangas,Calapan,06/09/2026,17:00,20:00,,Reclining Seat,680,0,50,regular,0
Starlite,ferry,JUPITER,Batangas,Calapan,06/09/2026,17:00,20:00,,Economy Bed Bunk,680,0,50,regular,1
Starlite,ferry,JUPITER,Batangas,Calapan,06/09/2026,17:00,20:00,,Tourist Bed Bunk,680,0,50,regular,1
Starlite,ferry,JUPITER,Batangas,Calapan,06/09/2026,19:00,22:00,,Reclining Seat,680,0,50,regular,0
Starlite,ferry,JUPITER,Batangas,Calapan,06/09/2026,19:00,22:00,,Economy Bed Bunk,680,0,50,regular,1
Starlite,ferry,JUPITER,Batangas,Calapan,06/09/2026,19:00,22:00,,Tourist Bed Bunk,680,0,50,regular,1
Starlite,ferry,JUPITER,Batangas,Calapan,06/09/2026,21:00,00:00,,Reclining Seat,680,0,50,regular,0
Starlite,ferry,JUPITER,Batangas,Calapan,06/09/2026,21:00,00:00,,Economy Bed Bunk,680,0,50,regular,1
Starlite,ferry,JUPITER,Batangas,Calapan,06/09/2026,21:00,00:00,,Tourist Bed Bunk,680,0,50,regular,1
Starlite,ferry,JUPITER,Batangas,Calapan,06/09/2026,23:00,02:00,,Reclining Seat,680,0,50,regular,0
Starlite,ferry,JUPITER,Batangas,Calapan,06/09/2026,23:00,02:00,,Economy Bed Bunk,680,0,50,regular,1
Starlite,ferry,JUPITER,Batangas,Calapan,06/09/2026,23:00,02:00,,Tourist Bed Bunk,680,0,50,regular,1
Starlite,ferry,JUPITER,Batangas,Calapan,07/09/2026,01:00,04:00,,Reclining Seat,680,0,50,regular,0
Starlite,ferry,JUPITER,Batangas,Calapan,07/09/2026,01:00,04:00,,Economy Bed Bunk,680,0,50,regular,1
Starlite,ferry,JUPITER,Batangas,Calapan,07/09/2026,01:00,04:00,,Tourist Bed Bunk,680,0,50,regular,1
Starlite,ferry,JUPITER,Batangas,Calapan,07/09/2026,03:00,06:00,,Reclining Seat,680,0,50,regular,0
Starlite,ferry,JUPITER,Batangas,Calapan,07/09/2026,03:00,06:00,,Economy Bed Bunk,680,0,50,regular,1
Starlite,ferry,JUPITER,Batangas,Calapan,07/09/2026,03:00,06:00,,Tourist Bed Bunk,680,0,50,regular,1
Starlite,ferry,JUPITER,Batangas,Calapan,07/09/2026,05:00,08:00,,Reclining Seat,680,0,50,regular,0
Starlite,ferry,JUPITER,Batangas,Calapan,07/09/2026,05:00,08:00,,Economy Bed Bunk,680,0,50,regular,1
Starlite,ferry,JUPITER,Batangas,Calapan,07/09/2026,05:00,08:00,,Tourist Bed Bunk,680,0,50,regular,1
Starlite,ferry,JUPITER,Batangas,Calapan,07/09/2026,07:00,10:00,,Reclining Seat,680,0,50,regular,0
Starlite,ferry,JUPITER,Batangas,Calapan,07/09/2026,07:00,10:00,,Economy Bed Bunk,680,0,50,regular,1
Starlite,ferry,JUPITER,Batangas,Calapan,07/09/2026,07:00,10:00,,Tourist Bed Bunk,680,0,50,regular,1
Starlite,ferry,JUPITER,Batangas,Calapan,07/09/2026,09:00,12:00,,Reclining Seat,680,0,50,regular,0
Starlite,ferry,JUPITER,Batangas,Calapan,07/09/2026,09:00,12:00,,Economy Bed Bunk,680,0,50,regular,1
Starlite,ferry,JUPITER,Batangas,Calapan,07/09/2026,09:00,12:00,,Tourist Bed Bunk,680,0,50,regular,1
Starlite,ferry,JUPITER,Batangas,Calapan,07/09/2026,11:00,14:00,,Reclining Seat,680,0,50,regular,0
Starlite,ferry,JUPITER,Batangas,Calapan,07/09/2026,11:00,14:00,,Economy Bed Bunk,680,0,50,regular,1
Starlite,ferry,JUPITER,Batangas,Calapan,07/09/2026,11:00,14:00,,Tourist Bed Bunk,680,0,50,regular,1
Starlite,ferry,JUPITER,Batangas,Calapan,07/09/2026,13:00,16:00,,Reclining Seat,680,0,50,regular,0
Starlite,ferry,JUPITER,Batangas,Calapan,07/09/2026,13:00,16:00,,Economy Bed Bunk,680,0,50,regular,1
Starlite,ferry,JUPITER,Batangas,Calapan,07/09/2026,13:00,16:00,,Tourist Bed Bunk,680,0,50,regular,1
Starlite,ferry,JUPITER,Batangas,Calapan,07/09/2026,15:00,18:00,,Reclining Seat,680,0,50,regular,0
Starlite,ferry,JUPITER,Batangas,Calapan,07/09/2026,15:00,18:00,,Economy Bed Bunk,680,0,50,regular,1
Starlite,ferry,JUPITER,Batangas,Calapan,07/09/2026,15:00,18:00,,Tourist Bed Bunk,680,0,50,regular,1
Starlite,ferry,JUPITER,Batangas,Calapan,07/09/2026,17:00,20:00,,Reclining Seat,680,0,50,regular,0
Starlite,ferry,JUPITER,Batangas,Calapan,07/09/2026,17:00,20:00,,Economy Bed Bunk,680,0,50,regular,1
Starlite,ferry,JUPITER,Batangas,Calapan,07/09/2026,17:00,20:00,,Tourist Bed Bunk,680,0,50,regular,1
Starlite,ferry,JUPITER,Batangas,Calapan,07/09/2026,19:00,22:00,,Reclining Seat,680,0,50,regular,0
Starlite,ferry,JUPITER,Batangas,Calapan,07/09/2026,19:00,22:00,,Economy Bed Bunk,680,0,50,regular,1
Starlite,ferry,JUPITER,Batangas,Calapan,07/09/2026,19:00,22:00,,Tourist Bed Bunk,680,0,50,regular,1
Starlite,ferry,JUPITER,Batangas,Calapan,07/09/2026,21:00,00:00,,Reclining Seat,680,0,50,regular,0
Starlite,ferry,JUPITER,Batangas,Calapan,07/09/2026,21:00,00:00,,Economy Bed Bunk,680,0,50,regular,1
Starlite,ferry,JUPITER,Batangas,Calapan,07/09/2026,21:00,00:00,,Tourist Bed Bunk,680,0,50,regular,1
Starlite,ferry,JUPITER,Batangas,Calapan,07/09/2026,23:00,02:00,,Reclining Seat,680,0,50,regular,0
Starlite,ferry,JUPITER,Batangas,Calapan,07/09/2026,23:00,02:00,,Economy Bed Bunk,680,0,50,regular,1
Starlite,ferry,JUPITER,Batangas,Calapan,07/09/2026,23:00,02:00,,Tourist Bed Bunk,680,0,50,regular,1
Starlite,ferry,JUPITER,Batangas,Calapan,08/09/2026,01:00,04:00,,Reclining Seat,680,0,50,regular,0
Starlite,ferry,JUPITER,Batangas,Calapan,08/09/2026,01:00,04:00,,Economy Bed Bunk,680,0,50,regular,1
Starlite,ferry,JUPITER,Batangas,Calapan,08/09/2026,01:00,04:00,,Tourist Bed Bunk,680,0,50,regular,1
Starlite,ferry,JUPITER,Batangas,Calapan,08/09/2026,03:00,06:00,,Reclining Seat,680,0,50,regular,0
Starlite,ferry,JUPITER,Batangas,Calapan,08/09/2026,03:00,06:00,,Economy Bed Bunk,680,0,50,regular,1
Starlite,ferry,JUPITER,Batangas,Calapan,08/09/2026,03:00,06:00,,Tourist Bed Bunk,680,0,50,regular,1
Starlite,ferry,JUPITER,Batangas,Calapan,08/09/2026,05:00,08:00,,Reclining Seat,680,0,50,regular,0
Starlite,ferry,JUPITER,Batangas,Calapan,08/09/2026,05:00,08:00,,Economy Bed Bunk,680,0,50,regular,1
Starlite,ferry,JUPITER,Batangas,Calapan,08/09/2026,05:00,08:00,,Tourist Bed Bunk,680,0,50,regular,1
Starlite,ferry,JUPITER,Batangas,Calapan,08/09/2026,07:00,10:00,,Reclining Seat,680,0,50,regular,0
Starlite,ferry,JUPITER,Batangas,Calapan,08/09/2026,07:00,10:00,,Economy Bed Bunk,680,0,50,regular,1
Starlite,ferry,JUPITER,Batangas,Calapan,08/09/2026,07:00,10:00,,Tourist Bed Bunk,680,0,50,regular,1
Starlite,ferry,JUPITER,Batangas,Calapan,08/09/2026,09:00,12:00,,Reclining Seat,680,0,50,regular,0
Starlite,ferry,JUPITER,Batangas,Calapan,08/09/2026,09:00,12:00,,Economy Bed Bunk,680,0,50,regular,1
Starlite,ferry,JUPITER,Batangas,Calapan,08/09/2026,09:00,12:00,,Tourist Bed Bunk,680,0,50,regular,1
Starlite,ferry,JUPITER,Batangas,Calapan,08/09/2026,11:00,14:00,,Reclining Seat,680,0,50,regular,0
Starlite,ferry,JUPITER,Batangas,Calapan,08/09/2026,11:00,14:00,,Economy Bed Bunk,680,0,50,regular,1
Starlite,ferry,JUPITER,Batangas,Calapan,08/09/2026,11:00,14:00,,Tourist Bed Bunk,680,0,50,regular,1
Starlite,ferry,JUPITER,Batangas,Calapan,08/09/2026,13:00,16:00,,Reclining Seat,680,0,50,regular,0
Starlite,ferry,JUPITER,Batangas,Calapan,08/09/2026,13:00,16:00,,Economy Bed Bunk,680,0,50,regular,1
Starlite,ferry,JUPITER,Batangas,Calapan,08/09/2026,13:00,16:00,,Tourist Bed Bunk,680,0,50,regular,1
Starlite,ferry,JUPITER,Batangas,Calapan,08/09/2026,15:00,18:00,,Reclining Seat,680,0,50,regular,0
Starlite,ferry,JUPITER,Batangas,Calapan,08/09/2026,15:00,18:00,,Economy Bed Bunk,680,0,50,regular,1
Starlite,ferry,JUPITER,Batangas,Calapan,08/09/2026,15:00,18:00,,Tourist Bed Bunk,680,0,50,regular,1
Starlite,ferry,JUPITER,Batangas,Calapan,08/09/2026,17:00,20:00,,Reclining Seat,680,0,50,regular,0
Starlite,ferry,JUPITER,Batangas,Calapan,08/09/2026,17:00,20:00,,Economy Bed Bunk,680,0,50,regular,1
Starlite,ferry,JUPITER,Batangas,Calapan,08/09/2026,17:00,20:00,,Tourist Bed Bunk,680,0,50,regular,1
Starlite,ferry,JUPITER,Batangas,Calapan,08/09/2026,19:00,22:00,,Reclining Seat,680,0,50,regular,0
Starlite,ferry,JUPITER,Batangas,Calapan,08/09/2026,19:00,22:00,,Economy Bed Bunk,680,0,50,regular,1
Starlite,ferry,JUPITER,Batangas,Calapan,08/09/2026,19:00,22:00,,Tourist Bed Bunk,680,0,50,regular,1
Starlite,ferry,JUPITER,Batangas,Calapan,08/09/2026,21:00,00:00,,Reclining Seat,680,0,50,regular,0
Starlite,ferry,JUPITER,Batangas,Calapan,08/09/2026,21:00,00:00,,Economy Bed Bunk,680,0,50,regular,1
Starlite,ferry,JUPITER,Batangas,Calapan,08/09/2026,21:00,00:00,,Tourist Bed Bunk,680,0,50,regular,1
Starlite,ferry,JUPITER,Batangas,Calapan,08/09/2026,23:00,02:00,,Reclining Seat,680,0,50,regular,0
Starlite,ferry,JUPITER,Batangas,Calapan,08/09/2026,23:00,02:00,,Economy Bed Bunk,680,0,50,regular,1
Starlite,ferry,JUPITER,Batangas,Calapan,08/09/2026,23:00,02:00,,Tourist Bed Bunk,680,0,50,regular,1
Starlite,ferry,JUPITER,Batangas,Calapan,09/09/2026,01:00,04:00,,Reclining Seat,680,0,50,regular,0
Starlite,ferry,JUPITER,Batangas,Calapan,09/09/2026,01:00,04:00,,Economy Bed Bunk,680,0,50,regular,1
Starlite,ferry,JUPITER,Batangas,Calapan,09/09/2026,01:00,04:00,,Tourist Bed Bunk,680,0,50,regular,1
Starlite,ferry,JUPITER,Batangas,Calapan,09/09/2026,03:00,06:00,,Reclining Seat,680,0,50,regular,0
Starlite,ferry,JUPITER,Batangas,Calapan,09/09/2026,03:00,06:00,,Economy Bed Bunk,680,0,50,regular,1
Starlite,ferry,JUPITER,Batangas,Calapan,09/09/2026,03:00,06:00,,Tourist Bed Bunk,680,0,50,regular,1
Starlite,ferry,JUPITER,Batangas,Calapan,09/09/2026,05:00,08:00,,Reclining Seat,680,0,50,regular,0
Starlite,ferry,JUPITER,Batangas,Calapan,09/09/2026,05:00,08:00,,Economy Bed Bunk,680,0,50,regular,1
Starlite,ferry,JUPITER,Batangas,Calapan,09/09/2026,05:00,08:00,,Tourist Bed Bunk,680,0,50,regular,1
Starlite,ferry,JUPITER,Batangas,Calapan,09/09/2026,07:00,10:00,,Reclining Seat,680,0,50,regular,0
Starlite,ferry,JUPITER,Batangas,Calapan,09/09/2026,07:00,10:00,,Economy Bed Bunk,680,0,50,regular,1
Starlite,ferry,JUPITER,Batangas,Calapan,09/09/2026,07:00,10:00,,Tourist Bed Bunk,680,0,50,regular,1
Starlite,ferry,JUPITER,Batangas,Calapan,09/09/2026,09:00,12:00,,Reclining Seat,680,0,50,regular,0
Starlite,ferry,JUPITER,Batangas,Calapan,09/09/2026,09:00,12:00,,Economy Bed Bunk,680,0,50,regular,1
Starlite,ferry,JUPITER,Batangas,Calapan,09/09/2026,09:00,12:00,,Tourist Bed Bunk,680,0,50,regular,1
Starlite,ferry,JUPITER,Batangas,Calapan,09/09/2026,11:00,14:00,,Reclining Seat,680,0,50,regular,0
Starlite,ferry,JUPITER,Batangas,Calapan,09/09/2026,11:00,14:00,,Economy Bed Bunk,680,0,50,regular,1
Starlite,ferry,JUPITER,Batangas,Calapan,09/09/2026,11:00,14:00,,Tourist Bed Bunk,680,0,50,regular,1
Starlite,ferry,JUPITER,Batangas,Calapan,09/09/2026,13:00,16:00,,Reclining Seat,680,0,50,regular,0
Starlite,ferry,JUPITER,Batangas,Calapan,09/09/2026,13:00,16:00,,Economy Bed Bunk,680,0,50,regular,1
Starlite,ferry,JUPITER,Batangas,Calapan,09/09/2026,13:00,16:00,,Tourist Bed Bunk,680,0,50,regular,1
Starlite,ferry,JUPITER,Batangas,Calapan,09/09/2026,15:00,18:00,,Reclining Seat,680,0,50,regular,0
Starlite,ferry,JUPITER,Batangas,Calapan,09/09/2026,15:00,18:00,,Economy Bed Bunk,680,0,50,regular,1
Starlite,ferry,JUPITER,Batangas,Calapan,09/09/2026,15:00,18:00,,Tourist Bed Bunk,680,0,50,regular,1
Starlite,ferry,JUPITER,Batangas,Calapan,09/09/2026,17:00,20:00,,Reclining Seat,680,0,50,regular,0
Starlite,ferry,JUPITER,Batangas,Calapan,09/09/2026,17:00,20:00,,Economy Bed Bunk,680,0,50,regular,1
Starlite,ferry,JUPITER,Batangas,Calapan,09/09/2026,17:00,20:00,,Tourist Bed Bunk,680,0,50,regular,1
Starlite,ferry,JUPITER,Batangas,Calapan,09/09/2026,19:00,22:00,,Reclining Seat,680,0,50,regular,0
Starlite,ferry,JUPITER,Batangas,Calapan,09/09/2026,19:00,22:00,,Economy Bed Bunk,680,0,50,regular,1
Starlite,ferry,JUPITER,Batangas,Calapan,09/09/2026,19:00,22:00,,Tourist Bed Bunk,680,0,50,regular,1
Starlite,ferry,JUPITER,Batangas,Calapan,09/09/2026,21:00,00:00,,Reclining Seat,680,0,50,regular,0
Starlite,ferry,JUPITER,Batangas,Calapan,09/09/2026,21:00,00:00,,Economy Bed Bunk,680,0,50,regular,1
Starlite,ferry,JUPITER,Batangas,Calapan,09/09/2026,21:00,00:00,,Tourist Bed Bunk,680,0,50,regular,1
Starlite,ferry,JUPITER,Batangas,Calapan,09/09/2026,23:00,02:00,,Reclining Seat,680,0,50,regular,0
Starlite,ferry,JUPITER,Batangas,Calapan,09/09/2026,23:00,02:00,,Economy Bed Bunk,680,0,50,regular,1
Starlite,ferry,JUPITER,Batangas,Calapan,09/09/2026,23:00,02:00,,Tourist Bed Bunk,680,0,50,regular,1
Starlite,ferry,JUPITER,Batangas,Calapan,10/09/2026,01:00,04:00,,Reclining Seat,680,0,50,regular,0
Starlite,ferry,JUPITER,Batangas,Calapan,10/09/2026,01:00,04:00,,Economy Bed Bunk,680,0,50,regular,1
Starlite,ferry,JUPITER,Batangas,Calapan,10/09/2026,01:00,04:00,,Tourist Bed Bunk,680,0,50,regular,1
Starlite,ferry,JUPITER,Batangas,Calapan,10/09/2026,03:00,06:00,,Reclining Seat,680,0,50,regular,0
Starlite,ferry,JUPITER,Batangas,Calapan,10/09/2026,03:00,06:00,,Economy Bed Bunk,680,0,50,regular,1
Starlite,ferry,JUPITER,Batangas,Calapan,10/09/2026,03:00,06:00,,Tourist Bed Bunk,680,0,50,regular,1
Starlite,ferry,JUPITER,Batangas,Calapan,10/09/2026,05:00,08:00,,Reclining Seat,680,0,50,regular,0
Starlite,ferry,JUPITER,Batangas,Calapan,10/09/2026,05:00,08:00,,Economy Bed Bunk,680,0,50,regular,1
Starlite,ferry,JUPITER,Batangas,Calapan,10/09/2026,05:00,08:00,,Tourist Bed Bunk,680,0,50,regular,1
Starlite,ferry,JUPITER,Batangas,Calapan,10/09/2026,07:00,10:00,,Reclining Seat,680,0,50,regular,0
Starlite,ferry,JUPITER,Batangas,Calapan,10/09/2026,07:00,10:00,,Economy Bed Bunk,680,0,50,regular,1
Starlite,ferry,JUPITER,Batangas,Calapan,10/09/2026,07:00,10:00,,Tourist Bed Bunk,680,0,50,regular,1
Starlite,ferry,JUPITER,Batangas,Calapan,10/09/2026,09:00,12:00,,Reclining Seat,680,0,50,regular,0
Starlite,ferry,JUPITER,Batangas,Calapan,10/09/2026,09:00,12:00,,Economy Bed Bunk,680,0,50,regular,1
Starlite,ferry,JUPITER,Batangas,Calapan,10/09/2026,09:00,12:00,,Tourist Bed Bunk,680,0,50,regular,1
Starlite,ferry,JUPITER,Batangas,Calapan,10/09/2026,11:00,14:00,,Reclining Seat,680,0,50,regular,0
Starlite,ferry,JUPITER,Batangas,Calapan,10/09/2026,11:00,14:00,,Economy Bed Bunk,680,0,50,regular,1
Starlite,ferry,JUPITER,Batangas,Calapan,10/09/2026,11:00,14:00,,Tourist Bed Bunk,680,0,50,regular,1
Starlite,ferry,JUPITER,Batangas,Calapan,10/09/2026,13:00,16:00,,Reclining Seat,680,0,50,regular,0
Starlite,ferry,JUPITER,Batangas,Calapan,10/09/2026,13:00,16:00,,Economy Bed Bunk,680,0,50,regular,1
Starlite,ferry,JUPITER,Batangas,Calapan,10/09/2026,13:00,16:00,,Tourist Bed Bunk,680,0,50,regular,1
Starlite,ferry,JUPITER,Batangas,Calapan,10/09/2026,15:00,18:00,,Reclining Seat,680,0,50,regular,0
Starlite,ferry,JUPITER,Batangas,Calapan,10/09/2026,15:00,18:00,,Economy Bed Bunk,680,0,50,regular,1
Starlite,ferry,JUPITER,Batangas,Calapan,10/09/2026,15:00,18:00,,Tourist Bed Bunk,680,0,50,regular,1
Starlite,ferry,JUPITER,Batangas,Calapan,10/09/2026,17:00,20:00,,Reclining Seat,680,0,50,regular,0
Starlite,ferry,JUPITER,Batangas,Calapan,10/09/2026,17:00,20:00,,Economy Bed Bunk,680,0,50,regular,1
Starlite,ferry,JUPITER,Batangas,Calapan,10/09/2026,17:00,20:00,,Tourist Bed Bunk,680,0,50,regular,1
Starlite,ferry,JUPITER,Batangas,Calapan,10/09/2026,19:00,22:00,,Reclining Seat,680,0,50,regular,0
Starlite,ferry,JUPITER,Batangas,Calapan,10/09/2026,19:00,22:00,,Economy Bed Bunk,680,0,50,regular,1
Starlite,ferry,JUPITER,Batangas,Calapan,10/09/2026,19:00,22:00,,Tourist Bed Bunk,680,0,50,regular,1
Starlite,ferry,JUPITER,Batangas,Calapan,10/09/2026,21:00,00:00,,Reclining Seat,680,0,50,regular,0
Starlite,ferry,JUPITER,Batangas,Calapan,10/09/2026,21:00,00:00,,Economy Bed Bunk,680,0,50,regular,1
Starlite,ferry,JUPITER,Batangas,Calapan,10/09/2026,21:00,00:00,,Tourist Bed Bunk,680,0,50,regular,1
Starlite,ferry,JUPITER,Batangas,Calapan,10/09/2026,23:00,02:00,,Reclining Seat,680,0,50,regular,0
Starlite,ferry,JUPITER,Batangas,Calapan,10/09/2026,23:00,02:00,,Economy Bed Bunk,680,0,50,regular,1
Starlite,ferry,JUPITER,Batangas,Calapan,10/09/2026,23:00,02:00,,Tourist Bed Bunk,680,0,50,regular,1
Starlite,ferry,JUPITER,Batangas,Calapan,11/09/2026,01:00,04:00,,Reclining Seat,680,0,50,regular,0
Starlite,ferry,JUPITER,Batangas,Calapan,11/09/2026,01:00,04:00,,Economy Bed Bunk,680,0,50,regular,1
Starlite,ferry,JUPITER,Batangas,Calapan,11/09/2026,01:00,04:00,,Tourist Bed Bunk,680,0,50,regular,1
Starlite,ferry,JUPITER,Batangas,Calapan,11/09/2026,03:00,06:00,,Reclining Seat,680,0,50,regular,0
Starlite,ferry,JUPITER,Batangas,Calapan,11/09/2026,03:00,06:00,,Economy Bed Bunk,680,0,50,regular,1
Starlite,ferry,JUPITER,Batangas,Calapan,11/09/2026,03:00,06:00,,Tourist Bed Bunk,680,0,50,regular,1
Starlite,ferry,JUPITER,Batangas,Calapan,11/09/2026,05:00,08:00,,Reclining Seat,680,0,50,regular,0
Starlite,ferry,JUPITER,Batangas,Calapan,11/09/2026,05:00,08:00,,Economy Bed Bunk,680,0,50,regular,1
Starlite,ferry,JUPITER,Batangas,Calapan,11/09/2026,05:00,08:00,,Tourist Bed Bunk,680,0,50,regular,1
Starlite,ferry,JUPITER,Batangas,Calapan,11/09/2026,07:00,10:00,,Reclining Seat,680,0,50,regular,0
Starlite,ferry,JUPITER,Batangas,Calapan,11/09/2026,07:00,10:00,,Economy Bed Bunk,680,0,50,regular,1
Starlite,ferry,JUPITER,Batangas,Calapan,11/09/2026,07:00,10:00,,Tourist Bed Bunk,680,0,50,regular,1
Starlite,ferry,JUPITER,Batangas,Calapan,11/09/2026,09:00,12:00,,Reclining Seat,680,0,50,regular,0
Starlite,ferry,JUPITER,Batangas,Calapan,11/09/2026,09:00,12:00,,Economy Bed Bunk,680,0,50,regular,1
Starlite,ferry,JUPITER,Batangas,Calapan,11/09/2026,09:00,12:00,,Tourist Bed Bunk,680,0,50,regular,1
Starlite,ferry,JUPITER,Batangas,Calapan,11/09/2026,11:00,14:00,,Reclining Seat,680,0,50,regular,0
Starlite,ferry,JUPITER,Batangas,Calapan,11/09/2026,11:00,14:00,,Economy Bed Bunk,680,0,50,regular,1
Starlite,ferry,JUPITER,Batangas,Calapan,11/09/2026,11:00,14:00,,Tourist Bed Bunk,680,0,50,regular,1
Starlite,ferry,JUPITER,Batangas,Calapan,11/09/2026,13:00,16:00,,Reclining Seat,680,0,50,regular,0
Starlite,ferry,JUPITER,Batangas,Calapan,11/09/2026,13:00,16:00,,Economy Bed Bunk,680,0,50,regular,1
Starlite,ferry,JUPITER,Batangas,Calapan,11/09/2026,13:00,16:00,,Tourist Bed Bunk,680,0,50,regular,1
Starlite,ferry,JUPITER,Batangas,Calapan,11/09/2026,15:00,18:00,,Reclining Seat,680,0,50,regular,0
Starlite,ferry,JUPITER,Batangas,Calapan,11/09/2026,15:00,18:00,,Economy Bed Bunk,680,0,50,regular,1
Starlite,ferry,JUPITER,Batangas,Calapan,11/09/2026,15:00,18:00,,Tourist Bed Bunk,680,0,50,regular,1
Starlite,ferry,JUPITER,Batangas,Calapan,11/09/2026,17:00,20:00,,Reclining Seat,680,0,50,regular,0
Starlite,ferry,JUPITER,Batangas,Calapan,11/09/2026,17:00,20:00,,Economy Bed Bunk,680,0,50,regular,1
Starlite,ferry,JUPITER,Batangas,Calapan,11/09/2026,17:00,20:00,,Tourist Bed Bunk,680,0,50,regular,1
Starlite,ferry,JUPITER,Batangas,Calapan,11/09/2026,19:00,22:00,,Reclining Seat,680,0,50,regular,0
Starlite,ferry,JUPITER,Batangas,Calapan,11/09/2026,19:00,22:00,,Economy Bed Bunk,680,0,50,regular,1
Starlite,ferry,JUPITER,Batangas,Calapan,11/09/2026,19:00,22:00,,Tourist Bed Bunk,680,0,50,regular,1
Starlite,ferry,JUPITER,Batangas,Calapan,11/09/2026,21:00,00:00,,Reclining Seat,680,0,50,regular,0
Starlite,ferry,JUPITER,Batangas,Calapan,11/09/2026,21:00,00:00,,Economy Bed Bunk,680,0,50,regular,1
Starlite,ferry,JUPITER,Batangas,Calapan,11/09/2026,21:00,00:00,,Tourist Bed Bunk,680,0,50,regular,1
Starlite,ferry,JUPITER,Batangas,Calapan,11/09/2026,23:00,02:00,,Reclining Seat,680,0,50,regular,0
Starlite,ferry,JUPITER,Batangas,Calapan,11/09/2026,23:00,02:00,,Economy Bed Bunk,680,0,50,regular,1
Starlite,ferry,JUPITER,Batangas,Calapan,11/09/2026,23:00,02:00,,Tourist Bed Bunk,680,0,50,regular,1
Starlite,ferry,JUPITER,Batangas,Calapan,12/09/2026,01:00,04:00,,Reclining Seat,680,0,50,regular,0
Starlite,ferry,JUPITER,Batangas,Calapan,12/09/2026,01:00,04:00,,Economy Bed Bunk,680,0,50,regular,1
Starlite,ferry,JUPITER,Batangas,Calapan,12/09/2026,01:00,04:00,,Tourist Bed Bunk,680,0,50,regular,1
Starlite,ferry,JUPITER,Batangas,Calapan,12/09/2026,03:00,06:00,,Reclining Seat,680,0,50,regular,0
Starlite,ferry,JUPITER,Batangas,Calapan,12/09/2026,03:00,06:00,,Economy Bed Bunk,680,0,50,regular,1
Starlite,ferry,JUPITER,Batangas,Calapan,12/09/2026,03:00,06:00,,Tourist Bed Bunk,680,0,50,regular,1
Starlite,ferry,JUPITER,Batangas,Calapan,12/09/2026,05:00,08:00,,Reclining Seat,680,0,50,regular,0
Starlite,ferry,JUPITER,Batangas,Calapan,12/09/2026,05:00,08:00,,Economy Bed Bunk,680,0,50,regular,1
Starlite,ferry,JUPITER,Batangas,Calapan,12/09/2026,05:00,08:00,,Tourist Bed Bunk,680,0,50,regular,1
Starlite,ferry,JUPITER,Batangas,Calapan,12/09/2026,07:00,10:00,,Reclining Seat,680,0,50,regular,0
Starlite,ferry,JUPITER,Batangas,Calapan,12/09/2026,07:00,10:00,,Economy Bed Bunk,680,0,50,regular,1
Starlite,ferry,JUPITER,Batangas,Calapan,12/09/2026,07:00,10:00,,Tourist Bed Bunk,680,0,50,regular,1
Starlite,ferry,JUPITER,Batangas,Calapan,12/09/2026,09:00,12:00,,Reclining Seat,680,0,50,regular,0
Starlite,ferry,JUPITER,Batangas,Calapan,12/09/2026,09:00,12:00,,Economy Bed Bunk,680,0,50,regular,1
Starlite,ferry,JUPITER,Batangas,Calapan,12/09/2026,09:00,12:00,,Tourist Bed Bunk,680,0,50,regular,1
Starlite,ferry,JUPITER,Batangas,Calapan,12/09/2026,11:00,14:00,,Reclining Seat,680,0,50,regular,0
Starlite,ferry,JUPITER,Batangas,Calapan,12/09/2026,11:00,14:00,,Economy Bed Bunk,680,0,50,regular,1
Starlite,ferry,JUPITER,Batangas,Calapan,12/09/2026,11:00,14:00,,Tourist Bed Bunk,680,0,50,regular,1
Starlite,ferry,JUPITER,Batangas,Calapan,12/09/2026,13:00,16:00,,Reclining Seat,680,0,50,regular,0
Starlite,ferry,JUPITER,Batangas,Calapan,12/09/2026,13:00,16:00,,Economy Bed Bunk,680,0,50,regular,1
Starlite,ferry,JUPITER,Batangas,Calapan,12/09/2026,13:00,16:00,,Tourist Bed Bunk,680,0,50,regular,1
Starlite,ferry,JUPITER,Batangas,Calapan,12/09/2026,15:00,18:00,,Reclining Seat,680,0,50,regular,0
Starlite,ferry,JUPITER,Batangas,Calapan,12/09/2026,15:00,18:00,,Economy Bed Bunk,680,0,50,regular,1
Starlite,ferry,JUPITER,Batangas,Calapan,12/09/2026,15:00,18:00,,Tourist Bed Bunk,680,0,50,regular,1
Starlite,ferry,JUPITER,Batangas,Calapan,12/09/2026,17:00,20:00,,Reclining Seat,680,0,50,regular,0
Starlite,ferry,JUPITER,Batangas,Calapan,12/09/2026,17:00,20:00,,Economy Bed Bunk,680,0,50,regular,1
Starlite,ferry,JUPITER,Batangas,Calapan,12/09/2026,17:00,20:00,,Tourist Bed Bunk,680,0,50,regular,1
Starlite,ferry,JUPITER,Batangas,Calapan,12/09/2026,19:00,22:00,,Reclining Seat,680,0,50,regular,0
Starlite,ferry,JUPITER,Batangas,Calapan,12/09/2026,19:00,22:00,,Economy Bed Bunk,680,0,50,regular,1
Starlite,ferry,JUPITER,Batangas,Calapan,12/09/2026,19:00,22:00,,Tourist Bed Bunk,680,0,50,regular,1
Starlite,ferry,JUPITER,Batangas,Calapan,12/09/2026,21:00,00:00,,Reclining Seat,680,0,50,regular,0
Starlite,ferry,JUPITER,Batangas,Calapan,12/09/2026,21:00,00:00,,Economy Bed Bunk,680,0,50,regular,1
Starlite,ferry,JUPITER,Batangas,Calapan,12/09/2026,21:00,00:00,,Tourist Bed Bunk,680,0,50,regular,1
Starlite,ferry,JUPITER,Batangas,Calapan,12/09/2026,23:00,02:00,,Reclining Seat,680,0,50,regular,0
Starlite,ferry,JUPITER,Batangas,Calapan,12/09/2026,23:00,02:00,,Economy Bed Bunk,680,0,50,regular,1
Starlite,ferry,JUPITER,Batangas,Calapan,12/09/2026,23:00,02:00,,Tourist Bed Bunk,680,0,50,regular,1
Starlite,ferry,PACIFIC,Batangas,Calapan,03/09/2026,01:00,04:00,,Reclining Seat,680,0,50,regular,0
Starlite,ferry,PACIFIC,Batangas,Calapan,03/09/2026,01:00,04:00,,Economy Bed Bunk,680,0,50,regular,1
Starlite,ferry,PACIFIC,Batangas,Calapan,03/09/2026,01:00,04:00,,Tourist Bed Bunk,680,0,50,regular,1
Starlite,ferry,PACIFIC,Batangas,Calapan,03/09/2026,03:00,06:00,,Reclining Seat,680,0,50,regular,0
Starlite,ferry,PACIFIC,Batangas,Calapan,03/09/2026,03:00,06:00,,Economy Bed Bunk,680,0,50,regular,1
Starlite,ferry,PACIFIC,Batangas,Calapan,03/09/2026,03:00,06:00,,Tourist Bed Bunk,680,0,50,regular,1
Starlite,ferry,PACIFIC,Batangas,Calapan,03/09/2026,05:00,08:00,,Reclining Seat,680,0,50,regular,0
Starlite,ferry,PACIFIC,Batangas,Calapan,03/09/2026,05:00,08:00,,Economy Bed Bunk,680,0,50,regular,1
Starlite,ferry,PACIFIC,Batangas,Calapan,03/09/2026,05:00,08:00,,Tourist Bed Bunk,680,0,50,regular,1
Starlite,ferry,PACIFIC,Batangas,Calapan,03/09/2026,07:00,10:00,,Reclining Seat,680,0,50,regular,0
Starlite,ferry,PACIFIC,Batangas,Calapan,03/09/2026,07:00,10:00,,Economy Bed Bunk,680,0,50,regular,1
Starlite,ferry,PACIFIC,Batangas,Calapan,03/09/2026,07:00,10:00,,Tourist Bed Bunk,680,0,50,regular,1
Starlite,ferry,PACIFIC,Batangas,Calapan,03/09/2026,09:00,12:00,,Reclining Seat,680,0,50,regular,0
Starlite,ferry,PACIFIC,Batangas,Calapan,03/09/2026,09:00,12:00,,Economy Bed Bunk,680,0,50,regular,1
Starlite,ferry,PACIFIC,Batangas,Calapan,03/09/2026,09:00,12:00,,Tourist Bed Bunk,680,0,50,regular,1
Starlite,ferry,PACIFIC,Batangas,Calapan,03/09/2026,11:00,14:00,,Reclining Seat,680,0,50,regular,0
Starlite,ferry,PACIFIC,Batangas,Calapan,03/09/2026,11:00,14:00,,Economy Bed Bunk,680,0,50,regular,1
Starlite,ferry,PACIFIC,Batangas,Calapan,03/09/2026,11:00,14:00,,Tourist Bed Bunk,680,0,50,regular,1
Starlite,ferry,PACIFIC,Batangas,Calapan,03/09/2026,13:00,16:00,,Reclining Seat,680,0,50,regular,0
Starlite,ferry,PACIFIC,Batangas,Calapan,03/09/2026,13:00,16:00,,Economy Bed Bunk,680,0,50,regular,1
Starlite,ferry,PACIFIC,Batangas,Calapan,03/09/2026,13:00,16:00,,Tourist Bed Bunk,680,0,50,regular,1
Starlite,ferry,PACIFIC,Batangas,Calapan,03/09/2026,15:00,18:00,,Reclining Seat,680,0,50,regular,0
Starlite,ferry,PACIFIC,Batangas,Calapan,03/09/2026,15:00,18:00,,Economy Bed Bunk,680,0,50,regular,1
Starlite,ferry,PACIFIC,Batangas,Calapan,03/09/2026,15:00,18:00,,Tourist Bed Bunk,680,0,50,regular,1
Starlite,ferry,PACIFIC,Batangas,Calapan,03/09/2026,17:00,20:00,,Reclining Seat,680,0,50,regular,0
Starlite,ferry,PACIFIC,Batangas,Calapan,03/09/2026,17:00,20:00,,Economy Bed Bunk,680,0,50,regular,1
Starlite,ferry,PACIFIC,Batangas,Calapan,03/09/2026,17:00,20:00,,Tourist Bed Bunk,680,0,50,regular,1
Starlite,ferry,PACIFIC,Batangas,Calapan,03/09/2026,19:00,22:00,,Reclining Seat,680,0,50,regular,0
Starlite,ferry,PACIFIC,Batangas,Calapan,03/09/2026,19:00,22:00,,Economy Bed Bunk,680,0,50,regular,1
Starlite,ferry,PACIFIC,Batangas,Calapan,03/09/2026,19:00,22:00,,Tourist Bed Bunk,680,0,50,regular,1
Starlite,ferry,PACIFIC,Batangas,Calapan,03/09/2026,21:00,00:00,,Reclining Seat,680,0,50,regular,0
Starlite,ferry,PACIFIC,Batangas,Calapan,03/09/2026,21:00,00:00,,Economy Bed Bunk,680,0,50,regular,1
Starlite,ferry,PACIFIC,Batangas,Calapan,03/09/2026,21:00,00:00,,Tourist Bed Bunk,680,0,50,regular,1
Starlite,ferry,PACIFIC,Batangas,Calapan,03/09/2026,23:00,02:00,,Reclining Seat,680,0,50,regular,0
Starlite,ferry,PACIFIC,Batangas,Calapan,03/09/2026,23:00,02:00,,Economy Bed Bunk,680,0,50,regular,1
Starlite,ferry,PACIFIC,Batangas,Calapan,03/09/2026,23:00,02:00,,Tourist Bed Bunk,680,0,50,regular,1
Starlite,ferry,PACIFIC,Batangas,Calapan,04/09/2026,01:00,04:00,,Reclining Seat,680,0,50,regular,0
Starlite,ferry,PACIFIC,Batangas,Calapan,04/09/2026,01:00,04:00,,Economy Bed Bunk,680,0,50,regular,1
Starlite,ferry,PACIFIC,Batangas,Calapan,04/09/2026,01:00,04:00,,Tourist Bed Bunk,680,0,50,regular,1
Starlite,ferry,PACIFIC,Batangas,Calapan,04/09/2026,03:00,06:00,,Reclining Seat,680,0,50,regular,0
Starlite,ferry,PACIFIC,Batangas,Calapan,04/09/2026,03:00,06:00,,Economy Bed Bunk,680,0,50,regular,1
Starlite,ferry,PACIFIC,Batangas,Calapan,04/09/2026,03:00,06:00,,Tourist Bed Bunk,680,0,50,regular,1
Starlite,ferry,PACIFIC,Batangas,Calapan,04/09/2026,05:00,08:00,,Reclining Seat,680,0,50,regular,0
Starlite,ferry,PACIFIC,Batangas,Calapan,04/09/2026,05:00,08:00,,Economy Bed Bunk,680,0,50,regular,1
Starlite,ferry,PACIFIC,Batangas,Calapan,04/09/2026,05:00,08:00,,Tourist Bed Bunk,680,0,50,regular,1
Starlite,ferry,PACIFIC,Batangas,Calapan,04/09/2026,07:00,10:00,,Reclining Seat,680,0,50,regular,0
Starlite,ferry,PACIFIC,Batangas,Calapan,04/09/2026,07:00,10:00,,Economy Bed Bunk,680,0,50,regular,1
Starlite,ferry,PACIFIC,Batangas,Calapan,04/09/2026,07:00,10:00,,Tourist Bed Bunk,680,0,50,regular,1
Starlite,ferry,PACIFIC,Batangas,Calapan,04/09/2026,09:00,12:00,,Reclining Seat,680,0,50,regular,0
Starlite,ferry,PACIFIC,Batangas,Calapan,04/09/2026,09:00,12:00,,Economy Bed Bunk,680,0,50,regular,1
Starlite,ferry,PACIFIC,Batangas,Calapan,04/09/2026,09:00,12:00,,Tourist Bed Bunk,680,0,50,regular,1
Starlite,ferry,PACIFIC,Batangas,Calapan,04/09/2026,11:00,14:00,,Reclining Seat,680,0,50,regular,0
Starlite,ferry,PACIFIC,Batangas,Calapan,04/09/2026,11:00,14:00,,Economy Bed Bunk,680,0,50,regular,1
Starlite,ferry,PACIFIC,Batangas,Calapan,04/09/2026,11:00,14:00,,Tourist Bed Bunk,680,0,50,regular,1
Starlite,ferry,PACIFIC,Batangas,Calapan,04/09/2026,13:00,16:00,,Reclining Seat,680,0,50,regular,0
Starlite,ferry,PACIFIC,Batangas,Calapan,04/09/2026,13:00,16:00,,Economy Bed Bunk,680,0,50,regular,1
Starlite,ferry,PACIFIC,Batangas,Calapan,04/09/2026,13:00,16:00,,Tourist Bed Bunk,680,0,50,regular,1
Starlite,ferry,PACIFIC,Batangas,Calapan,04/09/2026,15:00,18:00,,Reclining Seat,680,0,50,regular,0
Starlite,ferry,PACIFIC,Batangas,Calapan,04/09/2026,15:00,18:00,,Economy Bed Bunk,680,0,50,regular,1
Starlite,ferry,PACIFIC,Batangas,Calapan,04/09/2026,15:00,18:00,,Tourist Bed Bunk,680,0,50,regular,1
Starlite,ferry,PACIFIC,Batangas,Calapan,04/09/2026,17:00,20:00,,Reclining Seat,680,0,50,regular,0
Starlite,ferry,PACIFIC,Batangas,Calapan,04/09/2026,17:00,20:00,,Economy Bed Bunk,680,0,50,regular,1
Starlite,ferry,PACIFIC,Batangas,Calapan,04/09/2026,17:00,20:00,,Tourist Bed Bunk,680,0,50,regular,1
Starlite,ferry,PACIFIC,Batangas,Calapan,04/09/2026,19:00,22:00,,Reclining Seat,680,0,50,regular,0
Starlite,ferry,PACIFIC,Batangas,Calapan,04/09/2026,19:00,22:00,,Economy Bed Bunk,680,0,50,regular,1
Starlite,ferry,PACIFIC,Batangas,Calapan,04/09/2026,19:00,22:00,,Tourist Bed Bunk,680,0,50,regular,1
Starlite,ferry,PACIFIC,Batangas,Calapan,04/09/2026,21:00,00:00,,Reclining Seat,680,0,50,regular,0
Starlite,ferry,PACIFIC,Batangas,Calapan,04/09/2026,21:00,00:00,,Economy Bed Bunk,680,0,50,regular,1
Starlite,ferry,PACIFIC,Batangas,Calapan,04/09/2026,21:00,00:00,,Tourist Bed Bunk,680,0,50,regular,1
Starlite,ferry,PACIFIC,Batangas,Calapan,04/09/2026,23:00,02:00,,Reclining Seat,680,0,50,regular,0
Starlite,ferry,PACIFIC,Batangas,Calapan,04/09/2026,23:00,02:00,,Economy Bed Bunk,680,0,50,regular,1
Starlite,ferry,PACIFIC,Batangas,Calapan,04/09/2026,23:00,02:00,,Tourist Bed Bunk,680,0,50,regular,1
Starlite,ferry,PACIFIC,Batangas,Calapan,05/09/2026,01:00,04:00,,Reclining Seat,680,0,50,regular,0
Starlite,ferry,PACIFIC,Batangas,Calapan,05/09/2026,01:00,04:00,,Economy Bed Bunk,680,0,50,regular,1
Starlite,ferry,PACIFIC,Batangas,Calapan,05/09/2026,01:00,04:00,,Tourist Bed Bunk,680,0,50,regular,1
Starlite,ferry,PACIFIC,Batangas,Calapan,05/09/2026,03:00,06:00,,Reclining Seat,680,0,50,regular,0
Starlite,ferry,PACIFIC,Batangas,Calapan,05/09/2026,03:00,06:00,,Economy Bed Bunk,680,0,50,regular,1
Starlite,ferry,PACIFIC,Batangas,Calapan,05/09/2026,03:00,06:00,,Tourist Bed Bunk,680,0,50,regular,1
Starlite,ferry,PACIFIC,Batangas,Calapan,05/09/2026,05:00,08:00,,Reclining Seat,680,0,50,regular,0
Starlite,ferry,PACIFIC,Batangas,Calapan,05/09/2026,05:00,08:00,,Economy Bed Bunk,680,0,50,regular,1
Starlite,ferry,PACIFIC,Batangas,Calapan,05/09/2026,05:00,08:00,,Tourist Bed Bunk,680,0,50,regular,1
Starlite,ferry,PACIFIC,Batangas,Calapan,05/09/2026,07:00,10:00,,Reclining Seat,680,0,50,regular,0
Starlite,ferry,PACIFIC,Batangas,Calapan,05/09/2026,07:00,10:00,,Economy Bed Bunk,680,0,50,regular,1
Starlite,ferry,PACIFIC,Batangas,Calapan,05/09/2026,07:00,10:00,,Tourist Bed Bunk,680,0,50,regular,1
Starlite,ferry,PACIFIC,Batangas,Calapan,05/09/2026,09:00,12:00,,Reclining Seat,680,0,50,regular,0
Starlite,ferry,PACIFIC,Batangas,Calapan,05/09/2026,09:00,12:00,,Economy Bed Bunk,680,0,50,regular,1
Starlite,ferry,PACIFIC,Batangas,Calapan,05/09/2026,09:00,12:00,,Tourist Bed Bunk,680,0,50,regular,1
Starlite,ferry,PACIFIC,Batangas,Calapan,05/09/2026,11:00,14:00,,Reclining Seat,680,0,50,regular,0
Starlite,ferry,PACIFIC,Batangas,Calapan,05/09/2026,11:00,14:00,,Economy Bed Bunk,680,0,50,regular,1
Starlite,ferry,PACIFIC,Batangas,Calapan,05/09/2026,11:00,14:00,,Tourist Bed Bunk,680,0,50,regular,1
Starlite,ferry,PACIFIC,Batangas,Calapan,05/09/2026,13:00,16:00,,Reclining Seat,680,0,50,regular,0
Starlite,ferry,PACIFIC,Batangas,Calapan,05/09/2026,13:00,16:00,,Economy Bed Bunk,680,0,50,regular,1
Starlite,ferry,PACIFIC,Batangas,Calapan,05/09/2026,13:00,16:00,,Tourist Bed Bunk,680,0,50,regular,1
Starlite,ferry,PACIFIC,Batangas,Calapan,05/09/2026,15:00,18:00,,Reclining Seat,680,0,50,regular,0
Starlite,ferry,PACIFIC,Batangas,Calapan,05/09/2026,15:00,18:00,,Economy Bed Bunk,680,0,50,regular,1
Starlite,ferry,PACIFIC,Batangas,Calapan,05/09/2026,15:00,18:00,,Tourist Bed Bunk,680,0,50,regular,1
Starlite,ferry,PACIFIC,Batangas,Calapan,05/09/2026,17:00,20:00,,Reclining Seat,680,0,50,regular,0
Starlite,ferry,PACIFIC,Batangas,Calapan,05/09/2026,17:00,20:00,,Economy Bed Bunk,680,0,50,regular,1
Starlite,ferry,PACIFIC,Batangas,Calapan,05/09/2026,17:00,20:00,,Tourist Bed Bunk,680,0,50,regular,1
Starlite,ferry,PACIFIC,Batangas,Calapan,05/09/2026,19:00,22:00,,Reclining Seat,680,0,50,regular,0
Starlite,ferry,PACIFIC,Batangas,Calapan,05/09/2026,19:00,22:00,,Economy Bed Bunk,680,0,50,regular,1
Starlite,ferry,PACIFIC,Batangas,Calapan,05/09/2026,19:00,22:00,,Tourist Bed Bunk,680,0,50,regular,1
Starlite,ferry,PACIFIC,Batangas,Calapan,05/09/2026,21:00,00:00,,Reclining Seat,680,0,50,regular,0
Starlite,ferry,PACIFIC,Batangas,Calapan,05/09/2026,21:00,00:00,,Economy Bed Bunk,680,0,50,regular,1
Starlite,ferry,PACIFIC,Batangas,Calapan,05/09/2026,21:00,00:00,,Tourist Bed Bunk,680,0,50,regular,1
Starlite,ferry,PACIFIC,Batangas,Calapan,05/09/2026,23:00,02:00,,Reclining Seat,680,0,50,regular,0
Starlite,ferry,PACIFIC,Batangas,Calapan,05/09/2026,23:00,02:00,,Economy Bed Bunk,680,0,50,regular,1
Starlite,ferry,PACIFIC,Batangas,Calapan,05/09/2026,23:00,02:00,,Tourist Bed Bunk,680,0,50,regular,1
Starlite,ferry,PACIFIC,Batangas,Calapan,06/09/2026,01:00,04:00,,Reclining Seat,680,0,50,regular,0
Starlite,ferry,PACIFIC,Batangas,Calapan,06/09/2026,01:00,04:00,,Economy Bed Bunk,680,0,50,regular,1
Starlite,ferry,PACIFIC,Batangas,Calapan,06/09/2026,01:00,04:00,,Tourist Bed Bunk,680,0,50,regular,1
Starlite,ferry,PACIFIC,Batangas,Calapan,06/09/2026,03:00,06:00,,Reclining Seat,680,0,50,regular,0
Starlite,ferry,PACIFIC,Batangas,Calapan,06/09/2026,03:00,06:00,,Economy Bed Bunk,680,0,50,regular,1
Starlite,ferry,PACIFIC,Batangas,Calapan,06/09/2026,03:00,06:00,,Tourist Bed Bunk,680,0,50,regular,1
Starlite,ferry,PACIFIC,Batangas,Calapan,06/09/2026,05:00,08:00,,Reclining Seat,680,0,50,regular,0
Starlite,ferry,PACIFIC,Batangas,Calapan,06/09/2026,05:00,08:00,,Economy Bed Bunk,680,0,50,regular,1
Starlite,ferry,PACIFIC,Batangas,Calapan,06/09/2026,05:00,08:00,,Tourist Bed Bunk,680,0,50,regular,1
Starlite,ferry,PACIFIC,Batangas,Calapan,06/09/2026,07:00,10:00,,Reclining Seat,680,0,50,regular,0
Starlite,ferry,PACIFIC,Batangas,Calapan,06/09/2026,07:00,10:00,,Economy Bed Bunk,680,0,50,regular,1
Starlite,ferry,PACIFIC,Batangas,Calapan,06/09/2026,07:00,10:00,,Tourist Bed Bunk,680,0,50,regular,1
Starlite,ferry,PACIFIC,Batangas,Calapan,06/09/2026,09:00,12:00,,Reclining Seat,680,0,50,regular,0
Starlite,ferry,PACIFIC,Batangas,Calapan,06/09/2026,09:00,12:00,,Economy Bed Bunk,680,0,50,regular,1
Starlite,ferry,PACIFIC,Batangas,Calapan,06/09/2026,09:00,12:00,,Tourist Bed Bunk,680,0,50,regular,1
Starlite,ferry,PACIFIC,Batangas,Calapan,06/09/2026,11:00,14:00,,Reclining Seat,680,0,50,regular,0
Starlite,ferry,PACIFIC,Batangas,Calapan,06/09/2026,11:00,14:00,,Economy Bed Bunk,680,0,50,regular,1
Starlite,ferry,PACIFIC,Batangas,Calapan,06/09/2026,11:00,14:00,,Tourist Bed Bunk,680,0,50,regular,1
Starlite,ferry,PACIFIC,Batangas,Calapan,06/09/2026,13:00,16:00,,Reclining Seat,680,0,50,regular,0
Starlite,ferry,PACIFIC,Batangas,Calapan,06/09/2026,13:00,16:00,,Economy Bed Bunk,680,0,50,regular,1
Starlite,ferry,PACIFIC,Batangas,Calapan,06/09/2026,13:00,16:00,,Tourist Bed Bunk,680,0,50,regular,1
Starlite,ferry,PACIFIC,Batangas,Calapan,06/09/2026,15:00,18:00,,Reclining Seat,680,0,50,regular,0
Starlite,ferry,PACIFIC,Batangas,Calapan,06/09/2026,15:00,18:00,,Economy Bed Bunk,680,0,50,regular,1
Starlite,ferry,PACIFIC,Batangas,Calapan,06/09/2026,15:00,18:00,,Tourist Bed Bunk,680,0,50,regular,1
Starlite,ferry,PACIFIC,Batangas,Calapan,06/09/2026,17:00,20:00,,Reclining Seat,680,0,50,regular,0
Starlite,ferry,PACIFIC,Batangas,Calapan,06/09/2026,17:00,20:00,,Economy Bed Bunk,680,0,50,regular,1
Starlite,ferry,PACIFIC,Batangas,Calapan,06/09/2026,17:00,20:00,,Tourist Bed Bunk,680,0,50,regular,1
Starlite,ferry,PACIFIC,Batangas,Calapan,06/09/2026,19:00,22:00,,Reclining Seat,680,0,50,regular,0
Starlite,ferry,PACIFIC,Batangas,Calapan,06/09/2026,19:00,22:00,,Economy Bed Bunk,680,0,50,regular,1
Starlite,ferry,PACIFIC,Batangas,Calapan,06/09/2026,19:00,22:00,,Tourist Bed Bunk,680,0,50,regular,1
Starlite,ferry,PACIFIC,Batangas,Calapan,06/09/2026,21:00,00:00,,Reclining Seat,680,0,50,regular,0
Starlite,ferry,PACIFIC,Batangas,Calapan,06/09/2026,21:00,00:00,,Economy Bed Bunk,680,0,50,regular,1
Starlite,ferry,PACIFIC,Batangas,Calapan,06/09/2026,21:00,00:00,,Tourist Bed Bunk,680,0,50,regular,1
Starlite,ferry,PACIFIC,Batangas,Calapan,06/09/2026,23:00,02:00,,Reclining Seat,680,0,50,regular,0
Starlite,ferry,PACIFIC,Batangas,Calapan,06/09/2026,23:00,02:00,,Economy Bed Bunk,680,0,50,regular,1
Starlite,ferry,PACIFIC,Batangas,Calapan,06/09/2026,23:00,02:00,,Tourist Bed Bunk,680,0,50,regular,1
Starlite,ferry,PACIFIC,Batangas,Calapan,07/09/2026,01:00,04:00,,Reclining Seat,680,0,50,regular,0
Starlite,ferry,PACIFIC,Batangas,Calapan,07/09/2026,01:00,04:00,,Economy Bed Bunk,680,0,50,regular,1
Starlite,ferry,PACIFIC,Batangas,Calapan,07/09/2026,01:00,04:00,,Tourist Bed Bunk,680,0,50,regular,1
Starlite,ferry,PACIFIC,Batangas,Calapan,07/09/2026,03:00,06:00,,Reclining Seat,680,0,50,regular,0
Starlite,ferry,PACIFIC,Batangas,Calapan,07/09/2026,03:00,06:00,,Economy Bed Bunk,680,0,50,regular,1
Starlite,ferry,PACIFIC,Batangas,Calapan,07/09/2026,03:00,06:00,,Tourist Bed Bunk,680,0,50,regular,1
Starlite,ferry,PACIFIC,Batangas,Calapan,07/09/2026,05:00,08:00,,Reclining Seat,680,0,50,regular,0
Starlite,ferry,PACIFIC,Batangas,Calapan,07/09/2026,05:00,08:00,,Economy Bed Bunk,680,0,50,regular,1
Starlite,ferry,PACIFIC,Batangas,Calapan,07/09/2026,05:00,08:00,,Tourist Bed Bunk,680,0,50,regular,1
Starlite,ferry,PACIFIC,Batangas,Calapan,07/09/2026,07:00,10:00,,Reclining Seat,680,0,50,regular,0
Starlite,ferry,PACIFIC,Batangas,Calapan,07/09/2026,07:00,10:00,,Economy Bed Bunk,680,0,50,regular,1
Starlite,ferry,PACIFIC,Batangas,Calapan,07/09/2026,07:00,10:00,,Tourist Bed Bunk,680,0,50,regular,1
Starlite,ferry,PACIFIC,Batangas,Calapan,07/09/2026,09:00,12:00,,Reclining Seat,680,0,50,regular,0
Starlite,ferry,PACIFIC,Batangas,Calapan,07/09/2026,09:00,12:00,,Economy Bed Bunk,680,0,50,regular,1
Starlite,ferry,PACIFIC,Batangas,Calapan,07/09/2026,09:00,12:00,,Tourist Bed Bunk,680,0,50,regular,1
Starlite,ferry,PACIFIC,Batangas,Calapan,07/09/2026,11:00,14:00,,Reclining Seat,680,0,50,regular,0
Starlite,ferry,PACIFIC,Batangas,Calapan,07/09/2026,11:00,14:00,,Economy Bed Bunk,680,0,50,regular,1
Starlite,ferry,PACIFIC,Batangas,Calapan,07/09/2026,11:00,14:00,,Tourist Bed Bunk,680,0,50,regular,1
Starlite,ferry,PACIFIC,Batangas,Calapan,07/09/2026,13:00,16:00,,Reclining Seat,680,0,50,regular,0
Starlite,ferry,PACIFIC,Batangas,Calapan,07/09/2026,13:00,16:00,,Economy Bed Bunk,680,0,50,regular,1
Starlite,ferry,PACIFIC,Batangas,Calapan,07/09/2026,13:00,16:00,,Tourist Bed Bunk,680,0,50,regular,1
Starlite,ferry,PACIFIC,Batangas,Calapan,07/09/2026,15:00,18:00,,Reclining Seat,680,0,50,regular,0
Starlite,ferry,PACIFIC,Batangas,Calapan,07/09/2026,15:00,18:00,,Economy Bed Bunk,680,0,50,regular,1
Starlite,ferry,PACIFIC,Batangas,Calapan,07/09/2026,15:00,18:00,,Tourist Bed Bunk,680,0,50,regular,1
Starlite,ferry,PACIFIC,Batangas,Calapan,07/09/2026,17:00,20:00,,Reclining Seat,680,0,50,regular,0
Starlite,ferry,PACIFIC,Batangas,Calapan,07/09/2026,17:00,20:00,,Economy Bed Bunk,680,0,50,regular,1
Starlite,ferry,PACIFIC,Batangas,Calapan,07/09/2026,17:00,20:00,,Tourist Bed Bunk,680,0,50,regular,1
Starlite,ferry,PACIFIC,Batangas,Calapan,07/09/2026,19:00,22:00,,Reclining Seat,680,0,50,regular,0
Starlite,ferry,PACIFIC,Batangas,Calapan,07/09/2026,19:00,22:00,,Economy Bed Bunk,680,0,50,regular,1
Starlite,ferry,PACIFIC,Batangas,Calapan,07/09/2026,19:00,22:00,,Tourist Bed Bunk,680,0,50,regular,1
Starlite,ferry,PACIFIC,Batangas,Calapan,07/09/2026,21:00,00:00,,Reclining Seat,680,0,50,regular,0
Starlite,ferry,PACIFIC,Batangas,Calapan,07/09/2026,21:00,00:00,,Economy Bed Bunk,680,0,50,regular,1
Starlite,ferry,PACIFIC,Batangas,Calapan,07/09/2026,21:00,00:00,,Tourist Bed Bunk,680,0,50,regular,1
Starlite,ferry,PACIFIC,Batangas,Calapan,07/09/2026,23:00,02:00,,Reclining Seat,680,0,50,regular,0
Starlite,ferry,PACIFIC,Batangas,Calapan,07/09/2026,23:00,02:00,,Economy Bed Bunk,680,0,50,regular,1
Starlite,ferry,PACIFIC,Batangas,Calapan,07/09/2026,23:00,02:00,,Tourist Bed Bunk,680,0,50,regular,1
Starlite,ferry,PACIFIC,Batangas,Calapan,08/09/2026,01:00,04:00,,Reclining Seat,680,0,50,regular,0
Starlite,ferry,PACIFIC,Batangas,Calapan,08/09/2026,01:00,04:00,,Economy Bed Bunk,680,0,50,regular,1
Starlite,ferry,PACIFIC,Batangas,Calapan,08/09/2026,01:00,04:00,,Tourist Bed Bunk,680,0,50,regular,1
Starlite,ferry,PACIFIC,Batangas,Calapan,08/09/2026,03:00,06:00,,Reclining Seat,680,0,50,regular,0
Starlite,ferry,PACIFIC,Batangas,Calapan,08/09/2026,03:00,06:00,,Economy Bed Bunk,680,0,50,regular,1
Starlite,ferry,PACIFIC,Batangas,Calapan,08/09/2026,03:00,06:00,,Tourist Bed Bunk,680,0,50,regular,1
Starlite,ferry,PACIFIC,Batangas,Calapan,08/09/2026,05:00,08:00,,Reclining Seat,680,0,50,regular,0
Starlite,ferry,PACIFIC,Batangas,Calapan,08/09/2026,05:00,08:00,,Economy Bed Bunk,680,0,50,regular,1
Starlite,ferry,PACIFIC,Batangas,Calapan,08/09/2026,05:00,08:00,,Tourist Bed Bunk,680,0,50,regular,1
Starlite,ferry,PACIFIC,Batangas,Calapan,08/09/2026,07:00,10:00,,Reclining Seat,680,0,50,regular,0
Starlite,ferry,PACIFIC,Batangas,Calapan,08/09/2026,07:00,10:00,,Economy Bed Bunk,680,0,50,regular,1
Starlite,ferry,PACIFIC,Batangas,Calapan,08/09/2026,07:00,10:00,,Tourist Bed Bunk,680,0,50,regular,1
Starlite,ferry,PACIFIC,Batangas,Calapan,08/09/2026,09:00,12:00,,Reclining Seat,680,0,50,regular,0
Starlite,ferry,PACIFIC,Batangas,Calapan,08/09/2026,09:00,12:00,,Economy Bed Bunk,680,0,50,regular,1
Starlite,ferry,PACIFIC,Batangas,Calapan,08/09/2026,09:00,12:00,,Tourist Bed Bunk,680,0,50,regular,1
Starlite,ferry,PACIFIC,Batangas,Calapan,08/09/2026,11:00,14:00,,Reclining Seat,680,0,50,regular,0
Starlite,ferry,PACIFIC,Batangas,Calapan,08/09/2026,11:00,14:00,,Economy Bed Bunk,680,0,50,regular,1
Starlite,ferry,PACIFIC,Batangas,Calapan,08/09/2026,11:00,14:00,,Tourist Bed Bunk,680,0,50,regular,1
Starlite,ferry,PACIFIC,Batangas,Calapan,08/09/2026,13:00,16:00,,Reclining Seat,680,0,50,regular,0
Starlite,ferry,PACIFIC,Batangas,Calapan,08/09/2026,13:00,16:00,,Economy Bed Bunk,680,0,50,regular,1
Starlite,ferry,PACIFIC,Batangas,Calapan,08/09/2026,13:00,16:00,,Tourist Bed Bunk,680,0,50,regular,1
Starlite,ferry,PACIFIC,Batangas,Calapan,08/09/2026,15:00,18:00,,Reclining Seat,680,0,50,regular,0
Starlite,ferry,PACIFIC,Batangas,Calapan,08/09/2026,15:00,18:00,,Economy Bed Bunk,680,0,50,regular,1
Starlite,ferry,PACIFIC,Batangas,Calapan,08/09/2026,15:00,18:00,,Tourist Bed Bunk,680,0,50,regular,1
Starlite,ferry,PACIFIC,Batangas,Calapan,08/09/2026,17:00,20:00,,Reclining Seat,680,0,50,regular,0
Starlite,ferry,PACIFIC,Batangas,Calapan,08/09/2026,17:00,20:00,,Economy Bed Bunk,680,0,50,regular,1
Starlite,ferry,PACIFIC,Batangas,Calapan,08/09/2026,17:00,20:00,,Tourist Bed Bunk,680,0,50,regular,1
Starlite,ferry,PACIFIC,Batangas,Calapan,08/09/2026,19:00,22:00,,Reclining Seat,680,0,50,regular,0
Starlite,ferry,PACIFIC,Batangas,Calapan,08/09/2026,19:00,22:00,,Economy Bed Bunk,680,0,50,regular,1
Starlite,ferry,PACIFIC,Batangas,Calapan,08/09/2026,19:00,22:00,,Tourist Bed Bunk,680,0,50,regular,1
Starlite,ferry,PACIFIC,Batangas,Calapan,08/09/2026,21:00,00:00,,Reclining Seat,680,0,50,regular,0
Starlite,ferry,PACIFIC,Batangas,Calapan,08/09/2026,21:00,00:00,,Economy Bed Bunk,680,0,50,regular,1
Starlite,ferry,PACIFIC,Batangas,Calapan,08/09/2026,21:00,00:00,,Tourist Bed Bunk,680,0,50,regular,1
Starlite,ferry,PACIFIC,Batangas,Calapan,08/09/2026,23:00,02:00,,Reclining Seat,680,0,50,regular,0
Starlite,ferry,PACIFIC,Batangas,Calapan,08/09/2026,23:00,02:00,,Economy Bed Bunk,680,0,50,regular,1
Starlite,ferry,PACIFIC,Batangas,Calapan,08/09/2026,23:00,02:00,,Tourist Bed Bunk,680,0,50,regular,1
Starlite,ferry,PACIFIC,Batangas,Calapan,09/09/2026,01:00,04:00,,Reclining Seat,680,0,50,regular,0
Starlite,ferry,PACIFIC,Batangas,Calapan,09/09/2026,01:00,04:00,,Economy Bed Bunk,680,0,50,regular,1
Starlite,ferry,PACIFIC,Batangas,Calapan,09/09/2026,01:00,04:00,,Tourist Bed Bunk,680,0,50,regular,1
Starlite,ferry,PACIFIC,Batangas,Calapan,09/09/2026,03:00,06:00,,Reclining Seat,680,0,50,regular,0
Starlite,ferry,PACIFIC,Batangas,Calapan,09/09/2026,03:00,06:00,,Economy Bed Bunk,680,0,50,regular,1
Starlite,ferry,PACIFIC,Batangas,Calapan,09/09/2026,03:00,06:00,,Tourist Bed Bunk,680,0,50,regular,1
Starlite,ferry,PACIFIC,Batangas,Calapan,09/09/2026,05:00,08:00,,Reclining Seat,680,0,50,regular,0
Starlite,ferry,PACIFIC,Batangas,Calapan,09/09/2026,05:00,08:00,,Economy Bed Bunk,680,0,50,regular,1
Starlite,ferry,PACIFIC,Batangas,Calapan,09/09/2026,05:00,08:00,,Tourist Bed Bunk,680,0,50,regular,1
Starlite,ferry,PACIFIC,Batangas,Calapan,09/09/2026,07:00,10:00,,Reclining Seat,680,0,50,regular,0
Starlite,ferry,PACIFIC,Batangas,Calapan,09/09/2026,07:00,10:00,,Economy Bed Bunk,680,0,50,regular,1
Starlite,ferry,PACIFIC,Batangas,Calapan,09/09/2026,07:00,10:00,,Tourist Bed Bunk,680,0,50,regular,1
Starlite,ferry,PACIFIC,Batangas,Calapan,09/09/2026,09:00,12:00,,Reclining Seat,680,0,50,regular,0
Starlite,ferry,PACIFIC,Batangas,Calapan,09/09/2026,09:00,12:00,,Economy Bed Bunk,680,0,50,regular,1
Starlite,ferry,PACIFIC,Batangas,Calapan,09/09/2026,09:00,12:00,,Tourist Bed Bunk,680,0,50,regular,1
Starlite,ferry,PACIFIC,Batangas,Calapan,09/09/2026,11:00,14:00,,Reclining Seat,680,0,50,regular,0
Starlite,ferry,PACIFIC,Batangas,Calapan,09/09/2026,11:00,14:00,,Economy Bed Bunk,680,0,50,regular,1
Starlite,ferry,PACIFIC,Batangas,Calapan,09/09/2026,11:00,14:00,,Tourist Bed Bunk,680,0,50,regular,1
Starlite,ferry,PACIFIC,Batangas,Calapan,09/09/2026,13:00,16:00,,Reclining Seat,680,0,50,regular,0
Starlite,ferry,PACIFIC,Batangas,Calapan,09/09/2026,13:00,16:00,,Economy Bed Bunk,680,0,50,regular,1
Starlite,ferry,PACIFIC,Batangas,Calapan,09/09/2026,13:00,16:00,,Tourist Bed Bunk,680,0,50,regular,1
Starlite,ferry,PACIFIC,Batangas,Calapan,09/09/2026,15:00,18:00,,Reclining Seat,680,0,50,regular,0
Starlite,ferry,PACIFIC,Batangas,Calapan,09/09/2026,15:00,18:00,,Economy Bed Bunk,680,0,50,regular,1
Starlite,ferry,PACIFIC,Batangas,Calapan,09/09/2026,15:00,18:00,,Tourist Bed Bunk,680,0,50,regular,1
Starlite,ferry,PACIFIC,Batangas,Calapan,09/09/2026,17:00,20:00,,Reclining Seat,680,0,50,regular,0
Starlite,ferry,PACIFIC,Batangas,Calapan,09/09/2026,17:00,20:00,,Economy Bed Bunk,680,0,50,regular,1
Starlite,ferry,PACIFIC,Batangas,Calapan,09/09/2026,17:00,20:00,,Tourist Bed Bunk,680,0,50,regular,1
Starlite,ferry,PACIFIC,Batangas,Calapan,09/09/2026,19:00,22:00,,Reclining Seat,680,0,50,regular,0
Starlite,ferry,PACIFIC,Batangas,Calapan,09/09/2026,19:00,22:00,,Economy Bed Bunk,680,0,50,regular,1
Starlite,ferry,PACIFIC,Batangas,Calapan,09/09/2026,19:00,22:00,,Tourist Bed Bunk,680,0,50,regular,1
Starlite,ferry,PACIFIC,Batangas,Calapan,09/09/2026,21:00,00:00,,Reclining Seat,680,0,50,regular,0
Starlite,ferry,PACIFIC,Batangas,Calapan,09/09/2026,21:00,00:00,,Economy Bed Bunk,680,0,50,regular,1
Starlite,ferry,PACIFIC,Batangas,Calapan,09/09/2026,21:00,00:00,,Tourist Bed Bunk,680,0,50,regular,1
Starlite,ferry,PACIFIC,Batangas,Calapan,09/09/2026,23:00,02:00,,Reclining Seat,680,0,50,regular,0
Starlite,ferry,PACIFIC,Batangas,Calapan,09/09/2026,23:00,02:00,,Economy Bed Bunk,680,0,50,regular,1
Starlite,ferry,PACIFIC,Batangas,Calapan,09/09/2026,23:00,02:00,,Tourist Bed Bunk,680,0,50,regular,1
Starlite,ferry,PACIFIC,Batangas,Calapan,10/09/2026,01:00,04:00,,Reclining Seat,680,0,50,regular,0
Starlite,ferry,PACIFIC,Batangas,Calapan,10/09/2026,01:00,04:00,,Economy Bed Bunk,680,0,50,regular,1
Starlite,ferry,PACIFIC,Batangas,Calapan,10/09/2026,01:00,04:00,,Tourist Bed Bunk,680,0,50,regular,1
Starlite,ferry,PACIFIC,Batangas,Calapan,10/09/2026,03:00,06:00,,Reclining Seat,680,0,50,regular,0
Starlite,ferry,PACIFIC,Batangas,Calapan,10/09/2026,03:00,06:00,,Economy Bed Bunk,680,0,50,regular,1
Starlite,ferry,PACIFIC,Batangas,Calapan,10/09/2026,03:00,06:00,,Tourist Bed Bunk,680,0,50,regular,1
Starlite,ferry,PACIFIC,Batangas,Calapan,10/09/2026,05:00,08:00,,Reclining Seat,680,0,50,regular,0
Starlite,ferry,PACIFIC,Batangas,Calapan,10/09/2026,05:00,08:00,,Economy Bed Bunk,680,0,50,regular,1
Starlite,ferry,PACIFIC,Batangas,Calapan,10/09/2026,05:00,08:00,,Tourist Bed Bunk,680,0,50,regular,1
Starlite,ferry,PACIFIC,Batangas,Calapan,10/09/2026,07:00,10:00,,Reclining Seat,680,0,50,regular,0
Starlite,ferry,PACIFIC,Batangas,Calapan,10/09/2026,07:00,10:00,,Economy Bed Bunk,680,0,50,regular,1
Starlite,ferry,PACIFIC,Batangas,Calapan,10/09/2026,07:00,10:00,,Tourist Bed Bunk,680,0,50,regular,1
Starlite,ferry,PACIFIC,Batangas,Calapan,10/09/2026,09:00,12:00,,Reclining Seat,680,0,50,regular,0
Starlite,ferry,PACIFIC,Batangas,Calapan,10/09/2026,09:00,12:00,,Economy Bed Bunk,680,0,50,regular,1
Starlite,ferry,PACIFIC,Batangas,Calapan,10/09/2026,09:00,12:00,,Tourist Bed Bunk,680,0,50,regular,1
Starlite,ferry,PACIFIC,Batangas,Calapan,10/09/2026,11:00,14:00,,Reclining Seat,680,0,50,regular,0
Starlite,ferry,PACIFIC,Batangas,Calapan,10/09/2026,11:00,14:00,,Economy Bed Bunk,680,0,50,regular,1
Starlite,ferry,PACIFIC,Batangas,Calapan,10/09/2026,11:00,14:00,,Tourist Bed Bunk,680,0,50,regular,1
Starlite,ferry,PACIFIC,Batangas,Calapan,10/09/2026,13:00,16:00,,Reclining Seat,680,0,50,regular,0
Starlite,ferry,PACIFIC,Batangas,Calapan,10/09/2026,13:00,16:00,,Economy Bed Bunk,680,0,50,regular,1
Starlite,ferry,PACIFIC,Batangas,Calapan,10/09/2026,13:00,16:00,,Tourist Bed Bunk,680,0,50,regular,1
Starlite,ferry,PACIFIC,Batangas,Calapan,10/09/2026,15:00,18:00,,Reclining Seat,680,0,50,regular,0
Starlite,ferry,PACIFIC,Batangas,Calapan,10/09/2026,15:00,18:00,,Economy Bed Bunk,680,0,50,regular,1
Starlite,ferry,PACIFIC,Batangas,Calapan,10/09/2026,15:00,18:00,,Tourist Bed Bunk,680,0,50,regular,1
Starlite,ferry,PACIFIC,Batangas,Calapan,10/09/2026,17:00,20:00,,Reclining Seat,680,0,50,regular,0
Starlite,ferry,PACIFIC,Batangas,Calapan,10/09/2026,17:00,20:00,,Economy Bed Bunk,680,0,50,regular,1
Starlite,ferry,PACIFIC,Batangas,Calapan,10/09/2026,17:00,20:00,,Tourist Bed Bunk,680,0,50,regular,1
Starlite,ferry,PACIFIC,Batangas,Calapan,10/09/2026,19:00,22:00,,Reclining Seat,680,0,50,regular,0
Starlite,ferry,PACIFIC,Batangas,Calapan,10/09/2026,19:00,22:00,,Economy Bed Bunk,680,0,50,regular,1
Starlite,ferry,PACIFIC,Batangas,Calapan,10/09/2026,19:00,22:00,,Tourist Bed Bunk,680,0,50,regular,1
Starlite,ferry,PACIFIC,Batangas,Calapan,10/09/2026,21:00,00:00,,Reclining Seat,680,0,50,regular,0
Starlite,ferry,PACIFIC,Batangas,Calapan,10/09/2026,21:00,00:00,,Economy Bed Bunk,680,0,50,regular,1
Starlite,ferry,PACIFIC,Batangas,Calapan,10/09/2026,21:00,00:00,,Tourist Bed Bunk,680,0,50,regular,1
Starlite,ferry,PACIFIC,Batangas,Calapan,10/09/2026,23:00,02:00,,Reclining Seat,680,0,50,regular,0
Starlite,ferry,PACIFIC,Batangas,Calapan,10/09/2026,23:00,02:00,,Economy Bed Bunk,680,0,50,regular,1
Starlite,ferry,PACIFIC,Batangas,Calapan,10/09/2026,23:00,02:00,,Tourist Bed Bunk,680,0,50,regular,1
Starlite,ferry,PACIFIC,Batangas,Calapan,11/09/2026,01:00,04:00,,Reclining Seat,680,0,50,regular,0
Starlite,ferry,PACIFIC,Batangas,Calapan,11/09/2026,01:00,04:00,,Economy Bed Bunk,680,0,50,regular,1
Starlite,ferry,PACIFIC,Batangas,Calapan,11/09/2026,01:00,04:00,,Tourist Bed Bunk,680,0,50,regular,1
Starlite,ferry,PACIFIC,Batangas,Calapan,11/09/2026,03:00,06:00,,Reclining Seat,680,0,50,regular,0
Starlite,ferry,PACIFIC,Batangas,Calapan,11/09/2026,03:00,06:00,,Economy Bed Bunk,680,0,50,regular,1
Starlite,ferry,PACIFIC,Batangas,Calapan,11/09/2026,03:00,06:00,,Tourist Bed Bunk,680,0,50,regular,1
Starlite,ferry,PACIFIC,Batangas,Calapan,11/09/2026,05:00,08:00,,Reclining Seat,680,0,50,regular,0
Starlite,ferry,PACIFIC,Batangas,Calapan,11/09/2026,05:00,08:00,,Economy Bed Bunk,680,0,50,regular,1
Starlite,ferry,PACIFIC,Batangas,Calapan,11/09/2026,05:00,08:00,,Tourist Bed Bunk,680,0,50,regular,1
Starlite,ferry,PACIFIC,Batangas,Calapan,11/09/2026,07:00,10:00,,Reclining Seat,680,0,50,regular,0
Starlite,ferry,PACIFIC,Batangas,Calapan,11/09/2026,07:00,10:00,,Economy Bed Bunk,680,0,50,regular,1
Starlite,ferry,PACIFIC,Batangas,Calapan,11/09/2026,07:00,10:00,,Tourist Bed Bunk,680,0,50,regular,1
Starlite,ferry,PACIFIC,Batangas,Calapan,11/09/2026,09:00,12:00,,Reclining Seat,680,0,50,regular,0
Starlite,ferry,PACIFIC,Batangas,Calapan,11/09/2026,09:00,12:00,,Economy Bed Bunk,680,0,50,regular,1
Starlite,ferry,PACIFIC,Batangas,Calapan,11/09/2026,09:00,12:00,,Tourist Bed Bunk,680,0,50,regular,1
Starlite,ferry,PACIFIC,Batangas,Calapan,11/09/2026,11:00,14:00,,Reclining Seat,680,0,50,regular,0
Starlite,ferry,PACIFIC,Batangas,Calapan,11/09/2026,11:00,14:00,,Economy Bed Bunk,680,0,50,regular,1
Starlite,ferry,PACIFIC,Batangas,Calapan,11/09/2026,11:00,14:00,,Tourist Bed Bunk,680,0,50,regular,1
Starlite,ferry,PACIFIC,Batangas,Calapan,11/09/2026,13:00,16:00,,Reclining Seat,680,0,50,regular,0
Starlite,ferry,PACIFIC,Batangas,Calapan,11/09/2026,13:00,16:00,,Economy Bed Bunk,680,0,50,regular,1
Starlite,ferry,PACIFIC,Batangas,Calapan,11/09/2026,13:00,16:00,,Tourist Bed Bunk,680,0,50,regular,1
Starlite,ferry,PACIFIC,Batangas,Calapan,11/09/2026,15:00,18:00,,Reclining Seat,680,0,50,regular,0
Starlite,ferry,PACIFIC,Batangas,Calapan,11/09/2026,15:00,18:00,,Economy Bed Bunk,680,0,50,regular,1
Starlite,ferry,PACIFIC,Batangas,Calapan,11/09/2026,15:00,18:00,,Tourist Bed Bunk,680,0,50,regular,1
Starlite,ferry,PACIFIC,Batangas,Calapan,11/09/2026,17:00,20:00,,Reclining Seat,680,0,50,regular,0
Starlite,ferry,PACIFIC,Batangas,Calapan,11/09/2026,17:00,20:00,,Economy Bed Bunk,680,0,50,regular,1
Starlite,ferry,PACIFIC,Batangas,Calapan,11/09/2026,17:00,20:00,,Tourist Bed Bunk,680,0,50,regular,1
Starlite,ferry,PACIFIC,Batangas,Calapan,11/09/2026,19:00,22:00,,Reclining Seat,680,0,50,regular,0
Starlite,ferry,PACIFIC,Batangas,Calapan,11/09/2026,19:00,22:00,,Economy Bed Bunk,680,0,50,regular,1
Starlite,ferry,PACIFIC,Batangas,Calapan,11/09/2026,19:00,22:00,,Tourist Bed Bunk,680,0,50,regular,1
Starlite,ferry,PACIFIC,Batangas,Calapan,11/09/2026,21:00,00:00,,Reclining Seat,680,0,50,regular,0
Starlite,ferry,PACIFIC,Batangas,Calapan,11/09/2026,21:00,00:00,,Economy Bed Bunk,680,0,50,regular,1
Starlite,ferry,PACIFIC,Batangas,Calapan,11/09/2026,21:00,00:00,,Tourist Bed Bunk,680,0,50,regular,1
Starlite,ferry,PACIFIC,Batangas,Calapan,11/09/2026,23:00,02:00,,Reclining Seat,680,0,50,regular,0
Starlite,ferry,PACIFIC,Batangas,Calapan,11/09/2026,23:00,02:00,,Economy Bed Bunk,680,0,50,regular,1
Starlite,ferry,PACIFIC,Batangas,Calapan,11/09/2026,23:00,02:00,,Tourist Bed Bunk,680,0,50,regular,1
Starlite,ferry,PACIFIC,Batangas,Calapan,12/09/2026,01:00,04:00,,Reclining Seat,680,0,50,regular,0
Starlite,ferry,PACIFIC,Batangas,Calapan,12/09/2026,01:00,04:00,,Economy Bed Bunk,680,0,50,regular,1
Starlite,ferry,PACIFIC,Batangas,Calapan,12/09/2026,01:00,04:00,,Tourist Bed Bunk,680,0,50,regular,1
Starlite,ferry,PACIFIC,Batangas,Calapan,12/09/2026,03:00,06:00,,Reclining Seat,680,0,50,regular,0
Starlite,ferry,PACIFIC,Batangas,Calapan,12/09/2026,03:00,06:00,,Economy Bed Bunk,680,0,50,regular,1
Starlite,ferry,PACIFIC,Batangas,Calapan,12/09/2026,03:00,06:00,,Tourist Bed Bunk,680,0,50,regular,1
Starlite,ferry,PACIFIC,Batangas,Calapan,12/09/2026,05:00,08:00,,Reclining Seat,680,0,50,regular,0
Starlite,ferry,PACIFIC,Batangas,Calapan,12/09/2026,05:00,08:00,,Economy Bed Bunk,680,0,50,regular,1
Starlite,ferry,PACIFIC,Batangas,Calapan,12/09/2026,05:00,08:00,,Tourist Bed Bunk,680,0,50,regular,1
Starlite,ferry,PACIFIC,Batangas,Calapan,12/09/2026,07:00,10:00,,Reclining Seat,680,0,50,regular,0
Starlite,ferry,PACIFIC,Batangas,Calapan,12/09/2026,07:00,10:00,,Economy Bed Bunk,680,0,50,regular,1
Starlite,ferry,PACIFIC,Batangas,Calapan,12/09/2026,07:00,10:00,,Tourist Bed Bunk,680,0,50,regular,1
Starlite,ferry,PACIFIC,Batangas,Calapan,12/09/2026,09:00,12:00,,Reclining Seat,680,0,50,regular,0
Starlite,ferry,PACIFIC,Batangas,Calapan,12/09/2026,09:00,12:00,,Economy Bed Bunk,680,0,50,regular,1
Starlite,ferry,PACIFIC,Batangas,Calapan,12/09/2026,09:00,12:00,,Tourist Bed Bunk,680,0,50,regular,1
Starlite,ferry,PACIFIC,Batangas,Calapan,12/09/2026,11:00,14:00,,Reclining Seat,680,0,50,regular,0
Starlite,ferry,PACIFIC,Batangas,Calapan,12/09/2026,11:00,14:00,,Economy Bed Bunk,680,0,50,regular,1
Starlite,ferry,PACIFIC,Batangas,Calapan,12/09/2026,11:00,14:00,,Tourist Bed Bunk,680,0,50,regular,1
Starlite,ferry,PACIFIC,Batangas,Calapan,12/09/2026,13:00,16:00,,Reclining Seat,680,0,50,regular,0
Starlite,ferry,PACIFIC,Batangas,Calapan,12/09/2026,13:00,16:00,,Economy Bed Bunk,680,0,50,regular,1
Starlite,ferry,PACIFIC,Batangas,Calapan,12/09/2026,13:00,16:00,,Tourist Bed Bunk,680,0,50,regular,1
Starlite,ferry,PACIFIC,Batangas,Calapan,12/09/2026,15:00,18:00,,Reclining Seat,680,0,50,regular,0
Starlite,ferry,PACIFIC,Batangas,Calapan,12/09/2026,15:00,18:00,,Economy Bed Bunk,680,0,50,regular,1
Starlite,ferry,PACIFIC,Batangas,Calapan,12/09/2026,15:00,18:00,,Tourist Bed Bunk,680,0,50,regular,1
Starlite,ferry,PACIFIC,Batangas,Calapan,12/09/2026,17:00,20:00,,Reclining Seat,680,0,50,regular,0
Starlite,ferry,PACIFIC,Batangas,Calapan,12/09/2026,17:00,20:00,,Economy Bed Bunk,680,0,50,regular,1
Starlite,ferry,PACIFIC,Batangas,Calapan,12/09/2026,17:00,20:00,,Tourist Bed Bunk,680,0,50,regular,1
Starlite,ferry,PACIFIC,Batangas,Calapan,12/09/2026,19:00,22:00,,Reclining Seat,680,0,50,regular,0
Starlite,ferry,PACIFIC,Batangas,Calapan,12/09/2026,19:00,22:00,,Economy Bed Bunk,680,0,50,regular,1
Starlite,ferry,PACIFIC,Batangas,Calapan,12/09/2026,19:00,22:00,,Tourist Bed Bunk,680,0,50,regular,1
Starlite,ferry,PACIFIC,Batangas,Calapan,12/09/2026,21:00,00:00,,Reclining Seat,680,0,50,regular,0
Starlite,ferry,PACIFIC,Batangas,Calapan,12/09/2026,21:00,00:00,,Economy Bed Bunk,680,0,50,regular,1
Starlite,ferry,PACIFIC,Batangas,Calapan,12/09/2026,21:00,00:00,,Tourist Bed Bunk,680,0,50,regular,1
Starlite,ferry,PACIFIC,Batangas,Calapan,12/09/2026,23:00,02:00,,Reclining Seat,680,0,50,regular,0
Starlite,ferry,PACIFIC,Batangas,Calapan,12/09/2026,23:00,02:00,,Economy Bed Bunk,680,0,50,regular,1
Starlite,ferry,PACIFIC,Batangas,Calapan,12/09/2026,23:00,02:00,,Tourist Bed Bunk,680,0,50,regular,1
Starlite,ferry,EAGLE,Batangas,Calapan,03/09/2026,01:00,04:00,,Reclining Seat,680,0,50,regular,0
Starlite,ferry,EAGLE,Batangas,Calapan,03/09/2026,01:00,04:00,,Economy Bed Bunk,680,0,50,regular,1
Starlite,ferry,EAGLE,Batangas,Calapan,03/09/2026,01:00,04:00,,Tourist Bed Bunk,680,0,50,regular,1
Starlite,ferry,EAGLE,Batangas,Calapan,03/09/2026,03:00,06:00,,Reclining Seat,680,0,50,regular,0
Starlite,ferry,EAGLE,Batangas,Calapan,03/09/2026,03:00,06:00,,Economy Bed Bunk,680,0,50,regular,1
Starlite,ferry,EAGLE,Batangas,Calapan,03/09/2026,03:00,06:00,,Tourist Bed Bunk,680,0,50,regular,1
Starlite,ferry,EAGLE,Batangas,Calapan,03/09/2026,05:00,08:00,,Reclining Seat,680,0,50,regular,0
Starlite,ferry,EAGLE,Batangas,Calapan,03/09/2026,05:00,08:00,,Economy Bed Bunk,680,0,50,regular,1
Starlite,ferry,EAGLE,Batangas,Calapan,03/09/2026,05:00,08:00,,Tourist Bed Bunk,680,0,50,regular,1
Starlite,ferry,EAGLE,Batangas,Calapan,03/09/2026,07:00,10:00,,Reclining Seat,680,0,50,regular,0
Starlite,ferry,EAGLE,Batangas,Calapan,03/09/2026,07:00,10:00,,Economy Bed Bunk,680,0,50,regular,1
Starlite,ferry,EAGLE,Batangas,Calapan,03/09/2026,07:00,10:00,,Tourist Bed Bunk,680,0,50,regular,1
Starlite,ferry,EAGLE,Batangas,Calapan,03/09/2026,09:00,12:00,,Reclining Seat,680,0,50,regular,0
Starlite,ferry,EAGLE,Batangas,Calapan,03/09/2026,09:00,12:00,,Economy Bed Bunk,680,0,50,regular,1
Starlite,ferry,EAGLE,Batangas,Calapan,03/09/2026,09:00,12:00,,Tourist Bed Bunk,680,0,50,regular,1
Starlite,ferry,EAGLE,Batangas,Calapan,03/09/2026,11:00,14:00,,Reclining Seat,680,0,50,regular,0
Starlite,ferry,EAGLE,Batangas,Calapan,03/09/2026,11:00,14:00,,Economy Bed Bunk,680,0,50,regular,1
Starlite,ferry,EAGLE,Batangas,Calapan,03/09/2026,11:00,14:00,,Tourist Bed Bunk,680,0,50,regular,1
Starlite,ferry,EAGLE,Batangas,Calapan,03/09/2026,13:00,16:00,,Reclining Seat,680,0,50,regular,0
Starlite,ferry,EAGLE,Batangas,Calapan,03/09/2026,13:00,16:00,,Economy Bed Bunk,680,0,50,regular,1
Starlite,ferry,EAGLE,Batangas,Calapan,03/09/2026,13:00,16:00,,Tourist Bed Bunk,680,0,50,regular,1
Starlite,ferry,EAGLE,Batangas,Calapan,03/09/2026,15:00,18:00,,Reclining Seat,680,0,50,regular,0
Starlite,ferry,EAGLE,Batangas,Calapan,03/09/2026,15:00,18:00,,Economy Bed Bunk,680,0,50,regular,1
Starlite,ferry,EAGLE,Batangas,Calapan,03/09/2026,15:00,18:00,,Tourist Bed Bunk,680,0,50,regular,1
Starlite,ferry,EAGLE,Batangas,Calapan,03/09/2026,17:00,20:00,,Reclining Seat,680,0,50,regular,0
Starlite,ferry,EAGLE,Batangas,Calapan,03/09/2026,17:00,20:00,,Economy Bed Bunk,680,0,50,regular,1
Starlite,ferry,EAGLE,Batangas,Calapan,03/09/2026,17:00,20:00,,Tourist Bed Bunk,680,0,50,regular,1
Starlite,ferry,EAGLE,Batangas,Calapan,03/09/2026,19:00,22:00,,Reclining Seat,680,0,50,regular,0
Starlite,ferry,EAGLE,Batangas,Calapan,03/09/2026,19:00,22:00,,Economy Bed Bunk,680,0,50,regular,1
Starlite,ferry,EAGLE,Batangas,Calapan,03/09/2026,19:00,22:00,,Tourist Bed Bunk,680,0,50,regular,1
Starlite,ferry,EAGLE,Batangas,Calapan,03/09/2026,21:00,00:00,,Reclining Seat,680,0,50,regular,0
Starlite,ferry,EAGLE,Batangas,Calapan,03/09/2026,21:00,00:00,,Economy Bed Bunk,680,0,50,regular,1
Starlite,ferry,EAGLE,Batangas,Calapan,03/09/2026,21:00,00:00,,Tourist Bed Bunk,680,0,50,regular,1
Starlite,ferry,EAGLE,Batangas,Calapan,03/09/2026,23:00,02:00,,Reclining Seat,680,0,50,regular,0
Starlite,ferry,EAGLE,Batangas,Calapan,03/09/2026,23:00,02:00,,Economy Bed Bunk,680,0,50,regular,1
Starlite,ferry,EAGLE,Batangas,Calapan,03/09/2026,23:00,02:00,,Tourist Bed Bunk,680,0,50,regular,1
Starlite,ferry,EAGLE,Batangas,Calapan,04/09/2026,01:00,04:00,,Reclining Seat,680,0,50,regular,0
Starlite,ferry,EAGLE,Batangas,Calapan,04/09/2026,01:00,04:00,,Economy Bed Bunk,680,0,50,regular,1
Starlite,ferry,EAGLE,Batangas,Calapan,04/09/2026,01:00,04:00,,Tourist Bed Bunk,680,0,50,regular,1
Starlite,ferry,EAGLE,Batangas,Calapan,04/09/2026,03:00,06:00,,Reclining Seat,680,0,50,regular,0
Starlite,ferry,EAGLE,Batangas,Calapan,04/09/2026,03:00,06:00,,Economy Bed Bunk,680,0,50,regular,1
Starlite,ferry,EAGLE,Batangas,Calapan,04/09/2026,03:00,06:00,,Tourist Bed Bunk,680,0,50,regular,1
Starlite,ferry,EAGLE,Batangas,Calapan,04/09/2026,05:00,08:00,,Reclining Seat,680,0,50,regular,0
Starlite,ferry,EAGLE,Batangas,Calapan,04/09/2026,05:00,08:00,,Economy Bed Bunk,680,0,50,regular,1
Starlite,ferry,EAGLE,Batangas,Calapan,04/09/2026,05:00,08:00,,Tourist Bed Bunk,680,0,50,regular,1
Starlite,ferry,EAGLE,Batangas,Calapan,04/09/2026,07:00,10:00,,Reclining Seat,680,0,50,regular,0
Starlite,ferry,EAGLE,Batangas,Calapan,04/09/2026,07:00,10:00,,Economy Bed Bunk,680,0,50,regular,1
Starlite,ferry,EAGLE,Batangas,Calapan,04/09/2026,07:00,10:00,,Tourist Bed Bunk,680,0,50,regular,1
Starlite,ferry,EAGLE,Batangas,Calapan,04/09/2026,09:00,12:00,,Reclining Seat,680,0,50,regular,0
Starlite,ferry,EAGLE,Batangas,Calapan,04/09/2026,09:00,12:00,,Economy Bed Bunk,680,0,50,regular,1
Starlite,ferry,EAGLE,Batangas,Calapan,04/09/2026,09:00,12:00,,Tourist Bed Bunk,680,0,50,regular,1
Starlite,ferry,EAGLE,Batangas,Calapan,04/09/2026,11:00,14:00,,Reclining Seat,680,0,50,regular,0
Starlite,ferry,EAGLE,Batangas,Calapan,04/09/2026,11:00,14:00,,Economy Bed Bunk,680,0,50,regular,1
Starlite,ferry,EAGLE,Batangas,Calapan,04/09/2026,11:00,14:00,,Tourist Bed Bunk,680,0,50,regular,1
Starlite,ferry,EAGLE,Batangas,Calapan,04/09/2026,13:00,16:00,,Reclining Seat,680,0,50,regular,0
Starlite,ferry,EAGLE,Batangas,Calapan,04/09/2026,13:00,16:00,,Economy Bed Bunk,680,0,50,regular,1
Starlite,ferry,EAGLE,Batangas,Calapan,04/09/2026,13:00,16:00,,Tourist Bed Bunk,680,0,50,regular,1
Starlite,ferry,EAGLE,Batangas,Calapan,04/09/2026,15:00,18:00,,Reclining Seat,680,0,50,regular,0
Starlite,ferry,EAGLE,Batangas,Calapan,04/09/2026,15:00,18:00,,Economy Bed Bunk,680,0,50,regular,1
Starlite,ferry,EAGLE,Batangas,Calapan,04/09/2026,15:00,18:00,,Tourist Bed Bunk,680,0,50,regular,1
Starlite,ferry,EAGLE,Batangas,Calapan,04/09/2026,17:00,20:00,,Reclining Seat,680,0,50,regular,0
Starlite,ferry,EAGLE,Batangas,Calapan,04/09/2026,17:00,20:00,,Economy Bed Bunk,680,0,50,regular,1
Starlite,ferry,EAGLE,Batangas,Calapan,04/09/2026,17:00,20:00,,Tourist Bed Bunk,680,0,50,regular,1
Starlite,ferry,EAGLE,Batangas,Calapan,04/09/2026,19:00,22:00,,Reclining Seat,680,0,50,regular,0
Starlite,ferry,EAGLE,Batangas,Calapan,04/09/2026,19:00,22:00,,Economy Bed Bunk,680,0,50,regular,1
Starlite,ferry,EAGLE,Batangas,Calapan,04/09/2026,19:00,22:00,,Tourist Bed Bunk,680,0,50,regular,1
Starlite,ferry,EAGLE,Batangas,Calapan,04/09/2026,21:00,00:00,,Reclining Seat,680,0,50,regular,0
Starlite,ferry,EAGLE,Batangas,Calapan,04/09/2026,21:00,00:00,,Economy Bed Bunk,680,0,50,regular,1
Starlite,ferry,EAGLE,Batangas,Calapan,04/09/2026,21:00,00:00,,Tourist Bed Bunk,680,0,50,regular,1
Starlite,ferry,EAGLE,Batangas,Calapan,04/09/2026,23:00,02:00,,Reclining Seat,680,0,50,regular,0
Starlite,ferry,EAGLE,Batangas,Calapan,04/09/2026,23:00,02:00,,Economy Bed Bunk,680,0,50,regular,1
Starlite,ferry,EAGLE,Batangas,Calapan,04/09/2026,23:00,02:00,,Tourist Bed Bunk,680,0,50,regular,1
Starlite,ferry,EAGLE,Batangas,Calapan,05/09/2026,01:00,04:00,,Reclining Seat,680,0,50,regular,0
Starlite,ferry,EAGLE,Batangas,Calapan,05/09/2026,01:00,04:00,,Economy Bed Bunk,680,0,50,regular,1
Starlite,ferry,EAGLE,Batangas,Calapan,05/09/2026,01:00,04:00,,Tourist Bed Bunk,680,0,50,regular,1
Starlite,ferry,EAGLE,Batangas,Calapan,05/09/2026,03:00,06:00,,Reclining Seat,680,0,50,regular,0
Starlite,ferry,EAGLE,Batangas,Calapan,05/09/2026,03:00,06:00,,Economy Bed Bunk,680,0,50,regular,1
Starlite,ferry,EAGLE,Batangas,Calapan,05/09/2026,03:00,06:00,,Tourist Bed Bunk,680,0,50,regular,1
Starlite,ferry,EAGLE,Batangas,Calapan,05/09/2026,05:00,08:00,,Reclining Seat,680,0,50,regular,0
Starlite,ferry,EAGLE,Batangas,Calapan,05/09/2026,05:00,08:00,,Economy Bed Bunk,680,0,50,regular,1
Starlite,ferry,EAGLE,Batangas,Calapan,05/09/2026,05:00,08:00,,Tourist Bed Bunk,680,0,50,regular,1
Starlite,ferry,EAGLE,Batangas,Calapan,05/09/2026,07:00,10:00,,Reclining Seat,680,0,50,regular,0
Starlite,ferry,EAGLE,Batangas,Calapan,05/09/2026,07:00,10:00,,Economy Bed Bunk,680,0,50,regular,1
Starlite,ferry,EAGLE,Batangas,Calapan,05/09/2026,07:00,10:00,,Tourist Bed Bunk,680,0,50,regular,1
Starlite,ferry,EAGLE,Batangas,Calapan,05/09/2026,09:00,12:00,,Reclining Seat,680,0,50,regular,0
Starlite,ferry,EAGLE,Batangas,Calapan,05/09/2026,09:00,12:00,,Economy Bed Bunk,680,0,50,regular,1
Starlite,ferry,EAGLE,Batangas,Calapan,05/09/2026,09:00,12:00,,Tourist Bed Bunk,680,0,50,regular,1
Starlite,ferry,EAGLE,Batangas,Calapan,05/09/2026,11:00,14:00,,Reclining Seat,680,0,50,regular,0
Starlite,ferry,EAGLE,Batangas,Calapan,05/09/2026,11:00,14:00,,Economy Bed Bunk,680,0,50,regular,1
Starlite,ferry,EAGLE,Batangas,Calapan,05/09/2026,11:00,14:00,,Tourist Bed Bunk,680,0,50,regular,1
Starlite,ferry,EAGLE,Batangas,Calapan,05/09/2026,13:00,16:00,,Reclining Seat,680,0,50,regular,0
Starlite,ferry,EAGLE,Batangas,Calapan,05/09/2026,13:00,16:00,,Economy Bed Bunk,680,0,50,regular,1
Starlite,ferry,EAGLE,Batangas,Calapan,05/09/2026,13:00,16:00,,Tourist Bed Bunk,680,0,50,regular,1
Starlite,ferry,EAGLE,Batangas,Calapan,05/09/2026,15:00,18:00,,Reclining Seat,680,0,50,regular,0
Starlite,ferry,EAGLE,Batangas,Calapan,05/09/2026,15:00,18:00,,Economy Bed Bunk,680,0,50,regular,1
Starlite,ferry,EAGLE,Batangas,Calapan,05/09/2026,15:00,18:00,,Tourist Bed Bunk,680,0,50,regular,1
Starlite,ferry,EAGLE,Batangas,Calapan,05/09/2026,17:00,20:00,,Reclining Seat,680,0,50,regular,0
Starlite,ferry,EAGLE,Batangas,Calapan,05/09/2026,17:00,20:00,,Economy Bed Bunk,680,0,50,regular,1
Starlite,ferry,EAGLE,Batangas,Calapan,05/09/2026,17:00,20:00,,Tourist Bed Bunk,680,0,50,regular,1
Starlite,ferry,EAGLE,Batangas,Calapan,05/09/2026,19:00,22:00,,Reclining Seat,680,0,50,regular,0
Starlite,ferry,EAGLE,Batangas,Calapan,05/09/2026,19:00,22:00,,Economy Bed Bunk,680,0,50,regular,1
Starlite,ferry,EAGLE,Batangas,Calapan,05/09/2026,19:00,22:00,,Tourist Bed Bunk,680,0,50,regular,1
Starlite,ferry,EAGLE,Batangas,Calapan,05/09/2026,21:00,00:00,,Reclining Seat,680,0,50,regular,0
Starlite,ferry,EAGLE,Batangas,Calapan,05/09/2026,21:00,00:00,,Economy Bed Bunk,680,0,50,regular,1
Starlite,ferry,EAGLE,Batangas,Calapan,05/09/2026,21:00,00:00,,Tourist Bed Bunk,680,0,50,regular,1
Starlite,ferry,EAGLE,Batangas,Calapan,05/09/2026,23:00,02:00,,Reclining Seat,680,0,50,regular,0
Starlite,ferry,EAGLE,Batangas,Calapan,05/09/2026,23:00,02:00,,Economy Bed Bunk,680,0,50,regular,1
Starlite,ferry,EAGLE,Batangas,Calapan,05/09/2026,23:00,02:00,,Tourist Bed Bunk,680,0,50,regular,1
Starlite,ferry,EAGLE,Batangas,Calapan,06/09/2026,01:00,04:00,,Reclining Seat,680,0,50,regular,0
Starlite,ferry,EAGLE,Batangas,Calapan,06/09/2026,01:00,04:00,,Economy Bed Bunk,680,0,50,regular,1
Starlite,ferry,EAGLE,Batangas,Calapan,06/09/2026,01:00,04:00,,Tourist Bed Bunk,680,0,50,regular,1
Starlite,ferry,EAGLE,Batangas,Calapan,06/09/2026,03:00,06:00,,Reclining Seat,680,0,50,regular,0
Starlite,ferry,EAGLE,Batangas,Calapan,06/09/2026,03:00,06:00,,Economy Bed Bunk,680,0,50,regular,1
Starlite,ferry,EAGLE,Batangas,Calapan,06/09/2026,03:00,06:00,,Tourist Bed Bunk,680,0,50,regular,1
Starlite,ferry,EAGLE,Batangas,Calapan,06/09/2026,05:00,08:00,,Reclining Seat,680,0,50,regular,0
Starlite,ferry,EAGLE,Batangas,Calapan,06/09/2026,05:00,08:00,,Economy Bed Bunk,680,0,50,regular,1
Starlite,ferry,EAGLE,Batangas,Calapan,06/09/2026,05:00,08:00,,Tourist Bed Bunk,680,0,50,regular,1
Starlite,ferry,EAGLE,Batangas,Calapan,06/09/2026,07:00,10:00,,Reclining Seat,680,0,50,regular,0
Starlite,ferry,EAGLE,Batangas,Calapan,06/09/2026,07:00,10:00,,Economy Bed Bunk,680,0,50,regular,1
Starlite,ferry,EAGLE,Batangas,Calapan,06/09/2026,07:00,10:00,,Tourist Bed Bunk,680,0,50,regular,1
Starlite,ferry,EAGLE,Batangas,Calapan,06/09/2026,09:00,12:00,,Reclining Seat,680,0,50,regular,0
Starlite,ferry,EAGLE,Batangas,Calapan,06/09/2026,09:00,12:00,,Economy Bed Bunk,680,0,50,regular,1
Starlite,ferry,EAGLE,Batangas,Calapan,06/09/2026,09:00,12:00,,Tourist Bed Bunk,680,0,50,regular,1
Starlite,ferry,EAGLE,Batangas,Calapan,06/09/2026,11:00,14:00,,Reclining Seat,680,0,50,regular,0
Starlite,ferry,EAGLE,Batangas,Calapan,06/09/2026,11:00,14:00,,Economy Bed Bunk,680,0,50,regular,1
Starlite,ferry,EAGLE,Batangas,Calapan,06/09/2026,11:00,14:00,,Tourist Bed Bunk,680,0,50,regular,1
Starlite,ferry,EAGLE,Batangas,Calapan,06/09/2026,13:00,16:00,,Reclining Seat,680,0,50,regular,0
Starlite,ferry,EAGLE,Batangas,Calapan,06/09/2026,13:00,16:00,,Economy Bed Bunk,680,0,50,regular,1
Starlite,ferry,EAGLE,Batangas,Calapan,06/09/2026,13:00,16:00,,Tourist Bed Bunk,680,0,50,regular,1
Starlite,ferry,EAGLE,Batangas,Calapan,06/09/2026,15:00,18:00,,Reclining Seat,680,0,50,regular,0
Starlite,ferry,EAGLE,Batangas,Calapan,06/09/2026,15:00,18:00,,Economy Bed Bunk,680,0,50,regular,1
Starlite,ferry,EAGLE,Batangas,Calapan,06/09/2026,15:00,18:00,,Tourist Bed Bunk,680,0,50,regular,1
Starlite,ferry,EAGLE,Batangas,Calapan,06/09/2026,17:00,20:00,,Reclining Seat,680,0,50,regular,0
Starlite,ferry,EAGLE,Batangas,Calapan,06/09/2026,17:00,20:00,,Economy Bed Bunk,680,0,50,regular,1
Starlite,ferry,EAGLE,Batangas,Calapan,06/09/2026,17:00,20:00,,Tourist Bed Bunk,680,0,50,regular,1
Starlite,ferry,EAGLE,Batangas,Calapan,06/09/2026,19:00,22:00,,Reclining Seat,680,0,50,regular,0
Starlite,ferry,EAGLE,Batangas,Calapan,06/09/2026,19:00,22:00,,Economy Bed Bunk,680,0,50,regular,1
Starlite,ferry,EAGLE,Batangas,Calapan,06/09/2026,19:00,22:00,,Tourist Bed Bunk,680,0,50,regular,1
Starlite,ferry,EAGLE,Batangas,Calapan,06/09/2026,21:00,00:00,,Reclining Seat,680,0,50,regular,0
Starlite,ferry,EAGLE,Batangas,Calapan,06/09/2026,21:00,00:00,,Economy Bed Bunk,680,0,50,regular,1
Starlite,ferry,EAGLE,Batangas,Calapan,06/09/2026,21:00,00:00,,Tourist Bed Bunk,680,0,50,regular,1
Starlite,ferry,EAGLE,Batangas,Calapan,06/09/2026,23:00,02:00,,Reclining Seat,680,0,50,regular,0
Starlite,ferry,EAGLE,Batangas,Calapan,06/09/2026,23:00,02:00,,Economy Bed Bunk,680,0,50,regular,1
Starlite,ferry,EAGLE,Batangas,Calapan,06/09/2026,23:00,02:00,,Tourist Bed Bunk,680,0,50,regular,1
Starlite,ferry,EAGLE,Batangas,Calapan,07/09/2026,01:00,04:00,,Reclining Seat,680,0,50,regular,0
Starlite,ferry,EAGLE,Batangas,Calapan,07/09/2026,01:00,04:00,,Economy Bed Bunk,680,0,50,regular,1
Starlite,ferry,EAGLE,Batangas,Calapan,07/09/2026,01:00,04:00,,Tourist Bed Bunk,680,0,50,regular,1
Starlite,ferry,EAGLE,Batangas,Calapan,07/09/2026,03:00,06:00,,Reclining Seat,680,0,50,regular,0
Starlite,ferry,EAGLE,Batangas,Calapan,07/09/2026,03:00,06:00,,Economy Bed Bunk,680,0,50,regular,1
Starlite,ferry,EAGLE,Batangas,Calapan,07/09/2026,03:00,06:00,,Tourist Bed Bunk,680,0,50,regular,1
Starlite,ferry,EAGLE,Batangas,Calapan,07/09/2026,05:00,08:00,,Reclining Seat,680,0,50,regular,0
Starlite,ferry,EAGLE,Batangas,Calapan,07/09/2026,05:00,08:00,,Economy Bed Bunk,680,0,50,regular,1
Starlite,ferry,EAGLE,Batangas,Calapan,07/09/2026,05:00,08:00,,Tourist Bed Bunk,680,0,50,regular,1
Starlite,ferry,EAGLE,Batangas,Calapan,07/09/2026,07:00,10:00,,Reclining Seat,680,0,50,regular,0
Starlite,ferry,EAGLE,Batangas,Calapan,07/09/2026,07:00,10:00,,Economy Bed Bunk,680,0,50,regular,1
Starlite,ferry,EAGLE,Batangas,Calapan,07/09/2026,07:00,10:00,,Tourist Bed Bunk,680,0,50,regular,1
Starlite,ferry,EAGLE,Batangas,Calapan,07/09/2026,09:00,12:00,,Reclining Seat,680,0,50,regular,0
Starlite,ferry,EAGLE,Batangas,Calapan,07/09/2026,09:00,12:00,,Economy Bed Bunk,680,0,50,regular,1
Starlite,ferry,EAGLE,Batangas,Calapan,07/09/2026,09:00,12:00,,Tourist Bed Bunk,680,0,50,regular,1
Starlite,ferry,EAGLE,Batangas,Calapan,07/09/2026,11:00,14:00,,Reclining Seat,680,0,50,regular,0
Starlite,ferry,EAGLE,Batangas,Calapan,07/09/2026,11:00,14:00,,Economy Bed Bunk,680,0,50,regular,1
Starlite,ferry,EAGLE,Batangas,Calapan,07/09/2026,11:00,14:00,,Tourist Bed Bunk,680,0,50,regular,1
Starlite,ferry,EAGLE,Batangas,Calapan,07/09/2026,13:00,16:00,,Reclining Seat,680,0,50,regular,0
Starlite,ferry,EAGLE,Batangas,Calapan,07/09/2026,13:00,16:00,,Economy Bed Bunk,680,0,50,regular,1
Starlite,ferry,EAGLE,Batangas,Calapan,07/09/2026,13:00,16:00,,Tourist Bed Bunk,680,0,50,regular,1
Starlite,ferry,EAGLE,Batangas,Calapan,07/09/2026,15:00,18:00,,Reclining Seat,680,0,50,regular,0
Starlite,ferry,EAGLE,Batangas,Calapan,07/09/2026,15:00,18:00,,Economy Bed Bunk,680,0,50,regular,1
Starlite,ferry,EAGLE,Batangas,Calapan,07/09/2026,15:00,18:00,,Tourist Bed Bunk,680,0,50,regular,1
Starlite,ferry,EAGLE,Batangas,Calapan,07/09/2026,17:00,20:00,,Reclining Seat,680,0,50,regular,0
Starlite,ferry,EAGLE,Batangas,Calapan,07/09/2026,17:00,20:00,,Economy Bed Bunk,680,0,50,regular,1
Starlite,ferry,EAGLE,Batangas,Calapan,07/09/2026,17:00,20:00,,Tourist Bed Bunk,680,0,50,regular,1
Starlite,ferry,EAGLE,Batangas,Calapan,07/09/2026,19:00,22:00,,Reclining Seat,680,0,50,regular,0
Starlite,ferry,EAGLE,Batangas,Calapan,07/09/2026,19:00,22:00,,Economy Bed Bunk,680,0,50,regular,1
Starlite,ferry,EAGLE,Batangas,Calapan,07/09/2026,19:00,22:00,,Tourist Bed Bunk,680,0,50,regular,1
Starlite,ferry,EAGLE,Batangas,Calapan,07/09/2026,21:00,00:00,,Reclining Seat,680,0,50,regular,0
Starlite,ferry,EAGLE,Batangas,Calapan,07/09/2026,21:00,00:00,,Economy Bed Bunk,680,0,50,regular,1
Starlite,ferry,EAGLE,Batangas,Calapan,07/09/2026,21:00,00:00,,Tourist Bed Bunk,680,0,50,regular,1
Starlite,ferry,EAGLE,Batangas,Calapan,07/09/2026,23:00,02:00,,Reclining Seat,680,0,50,regular,0
Starlite,ferry,EAGLE,Batangas,Calapan,07/09/2026,23:00,02:00,,Economy Bed Bunk,680,0,50,regular,1
Starlite,ferry,EAGLE,Batangas,Calapan,07/09/2026,23:00,02:00,,Tourist Bed Bunk,680,0,50,regular,1
Starlite,ferry,EAGLE,Batangas,Calapan,08/09/2026,01:00,04:00,,Reclining Seat,680,0,50,regular,0
Starlite,ferry,EAGLE,Batangas,Calapan,08/09/2026,01:00,04:00,,Economy Bed Bunk,680,0,50,regular,1
Starlite,ferry,EAGLE,Batangas,Calapan,08/09/2026,01:00,04:00,,Tourist Bed Bunk,680,0,50,regular,1
Starlite,ferry,EAGLE,Batangas,Calapan,08/09/2026,03:00,06:00,,Reclining Seat,680,0,50,regular,0
Starlite,ferry,EAGLE,Batangas,Calapan,08/09/2026,03:00,06:00,,Economy Bed Bunk,680,0,50,regular,1
Starlite,ferry,EAGLE,Batangas,Calapan,08/09/2026,03:00,06:00,,Tourist Bed Bunk,680,0,50,regular,1
Starlite,ferry,EAGLE,Batangas,Calapan,08/09/2026,05:00,08:00,,Reclining Seat,680,0,50,regular,0
Starlite,ferry,EAGLE,Batangas,Calapan,08/09/2026,05:00,08:00,,Economy Bed Bunk,680,0,50,regular,1
Starlite,ferry,EAGLE,Batangas,Calapan,08/09/2026,05:00,08:00,,Tourist Bed Bunk,680,0,50,regular,1
Starlite,ferry,EAGLE,Batangas,Calapan,08/09/2026,07:00,10:00,,Reclining Seat,680,0,50,regular,0
Starlite,ferry,EAGLE,Batangas,Calapan,08/09/2026,07:00,10:00,,Economy Bed Bunk,680,0,50,regular,1
Starlite,ferry,EAGLE,Batangas,Calapan,08/09/2026,07:00,10:00,,Tourist Bed Bunk,680,0,50,regular,1
Starlite,ferry,EAGLE,Batangas,Calapan,08/09/2026,09:00,12:00,,Reclining Seat,680,0,50,regular,0
Starlite,ferry,EAGLE,Batangas,Calapan,08/09/2026,09:00,12:00,,Economy Bed Bunk,680,0,50,regular,1
Starlite,ferry,EAGLE,Batangas,Calapan,08/09/2026,09:00,12:00,,Tourist Bed Bunk,680,0,50,regular,1
Starlite,ferry,EAGLE,Batangas,Calapan,08/09/2026,11:00,14:00,,Reclining Seat,680,0,50,regular,0
Starlite,ferry,EAGLE,Batangas,Calapan,08/09/2026,11:00,14:00,,Economy Bed Bunk,680,0,50,regular,1
Starlite,ferry,EAGLE,Batangas,Calapan,08/09/2026,11:00,14:00,,Tourist Bed Bunk,680,0,50,regular,1
Starlite,ferry,EAGLE,Batangas,Calapan,08/09/2026,13:00,16:00,,Reclining Seat,680,0,50,regular,0
Starlite,ferry,EAGLE,Batangas,Calapan,08/09/2026,13:00,16:00,,Economy Bed Bunk,680,0,50,regular,1
Starlite,ferry,EAGLE,Batangas,Calapan,08/09/2026,13:00,16:00,,Tourist Bed Bunk,680,0,50,regular,1
Starlite,ferry,EAGLE,Batangas,Calapan,08/09/2026,15:00,18:00,,Reclining Seat,680,0,50,regular,0
Starlite,ferry,EAGLE,Batangas,Calapan,08/09/2026,15:00,18:00,,Economy Bed Bunk,680,0,50,regular,1
Starlite,ferry,EAGLE,Batangas,Calapan,08/09/2026,15:00,18:00,,Tourist Bed Bunk,680,0,50,regular,1
Starlite,ferry,EAGLE,Batangas,Calapan,08/09/2026,17:00,20:00,,Reclining Seat,680,0,50,regular,0
Starlite,ferry,EAGLE,Batangas,Calapan,08/09/2026,17:00,20:00,,Economy Bed Bunk,680,0,50,regular,1
Starlite,ferry,EAGLE,Batangas,Calapan,08/09/2026,17:00,20:00,,Tourist Bed Bunk,680,0,50,regular,1
Starlite,ferry,EAGLE,Batangas,Calapan,08/09/2026,19:00,22:00,,Reclining Seat,680,0,50,regular,0
Starlite,ferry,EAGLE,Batangas,Calapan,08/09/2026,19:00,22:00,,Economy Bed Bunk,680,0,50,regular,1
Starlite,ferry,EAGLE,Batangas,Calapan,08/09/2026,19:00,22:00,,Tourist Bed Bunk,680,0,50,regular,1
Starlite,ferry,EAGLE,Batangas,Calapan,08/09/2026,21:00,00:00,,Reclining Seat,680,0,50,regular,0
Starlite,ferry,EAGLE,Batangas,Calapan,08/09/2026,21:00,00:00,,Economy Bed Bunk,680,0,50,regular,1
Starlite,ferry,EAGLE,Batangas,Calapan,08/09/2026,21:00,00:00,,Tourist Bed Bunk,680,0,50,regular,1
Starlite,ferry,EAGLE,Batangas,Calapan,08/09/2026,23:00,02:00,,Reclining Seat,680,0,50,regular,0
Starlite,ferry,EAGLE,Batangas,Calapan,08/09/2026,23:00,02:00,,Economy Bed Bunk,680,0,50,regular,1
Starlite,ferry,EAGLE,Batangas,Calapan,08/09/2026,23:00,02:00,,Tourist Bed Bunk,680,0,50,regular,1
Starlite,ferry,EAGLE,Batangas,Calapan,09/09/2026,01:00,04:00,,Reclining Seat,680,0,50,regular,0
Starlite,ferry,EAGLE,Batangas,Calapan,09/09/2026,01:00,04:00,,Economy Bed Bunk,680,0,50,regular,1
Starlite,ferry,EAGLE,Batangas,Calapan,09/09/2026,01:00,04:00,,Tourist Bed Bunk,680,0,50,regular,1
Starlite,ferry,EAGLE,Batangas,Calapan,09/09/2026,03:00,06:00,,Reclining Seat,680,0,50,regular,0
Starlite,ferry,EAGLE,Batangas,Calapan,09/09/2026,03:00,06:00,,Economy Bed Bunk,680,0,50,regular,1
Starlite,ferry,EAGLE,Batangas,Calapan,09/09/2026,03:00,06:00,,Tourist Bed Bunk,680,0,50,regular,1
Starlite,ferry,EAGLE,Batangas,Calapan,09/09/2026,05:00,08:00,,Reclining Seat,680,0,50,regular,0
Starlite,ferry,EAGLE,Batangas,Calapan,09/09/2026,05:00,08:00,,Economy Bed Bunk,680,0,50,regular,1
Starlite,ferry,EAGLE,Batangas,Calapan,09/09/2026,05:00,08:00,,Tourist Bed Bunk,680,0,50,regular,1
Starlite,ferry,EAGLE,Batangas,Calapan,09/09/2026,07:00,10:00,,Reclining Seat,680,0,50,regular,0
Starlite,ferry,EAGLE,Batangas,Calapan,09/09/2026,07:00,10:00,,Economy Bed Bunk,680,0,50,regular,1
Starlite,ferry,EAGLE,Batangas,Calapan,09/09/2026,07:00,10:00,,Tourist Bed Bunk,680,0,50,regular,1
Starlite,ferry,EAGLE,Batangas,Calapan,09/09/2026,09:00,12:00,,Reclining Seat,680,0,50,regular,0
Starlite,ferry,EAGLE,Batangas,Calapan,09/09/2026,09:00,12:00,,Economy Bed Bunk,680,0,50,regular,1
Starlite,ferry,EAGLE,Batangas,Calapan,09/09/2026,09:00,12:00,,Tourist Bed Bunk,680,0,50,regular,1
Starlite,ferry,EAGLE,Batangas,Calapan,09/09/2026,11:00,14:00,,Reclining Seat,680,0,50,regular,0
Starlite,ferry,EAGLE,Batangas,Calapan,09/09/2026,11:00,14:00,,Economy Bed Bunk,680,0,50,regular,1
Starlite,ferry,EAGLE,Batangas,Calapan,09/09/2026,11:00,14:00,,Tourist Bed Bunk,680,0,50,regular,1
Starlite,ferry,EAGLE,Batangas,Calapan,09/09/2026,13:00,16:00,,Reclining Seat,680,0,50,regular,0
Starlite,ferry,EAGLE,Batangas,Calapan,09/09/2026,13:00,16:00,,Economy Bed Bunk,680,0,50,regular,1
Starlite,ferry,EAGLE,Batangas,Calapan,09/09/2026,13:00,16:00,,Tourist Bed Bunk,680,0,50,regular,1
Starlite,ferry,EAGLE,Batangas,Calapan,09/09/2026,15:00,18:00,,Reclining Seat,680,0,50,regular,0
Starlite,ferry,EAGLE,Batangas,Calapan,09/09/2026,15:00,18:00,,Economy Bed Bunk,680,0,50,regular,1
Starlite,ferry,EAGLE,Batangas,Calapan,09/09/2026,15:00,18:00,,Tourist Bed Bunk,680,0,50,regular,1
Starlite,ferry,EAGLE,Batangas,Calapan,09/09/2026,17:00,20:00,,Reclining Seat,680,0,50,regular,0
Starlite,ferry,EAGLE,Batangas,Calapan,09/09/2026,17:00,20:00,,Economy Bed Bunk,680,0,50,regular,1
Starlite,ferry,EAGLE,Batangas,Calapan,09/09/2026,17:00,20:00,,Tourist Bed Bunk,680,0,50,regular,1
Starlite,ferry,EAGLE,Batangas,Calapan,09/09/2026,19:00,22:00,,Reclining Seat,680,0,50,regular,0
Starlite,ferry,EAGLE,Batangas,Calapan,09/09/2026,19:00,22:00,,Economy Bed Bunk,680,0,50,regular,1
Starlite,ferry,EAGLE,Batangas,Calapan,09/09/2026,19:00,22:00,,Tourist Bed Bunk,680,0,50,regular,1
Starlite,ferry,EAGLE,Batangas,Calapan,09/09/2026,21:00,00:00,,Reclining Seat,680,0,50,regular,0
Starlite,ferry,EAGLE,Batangas,Calapan,09/09/2026,21:00,00:00,,Economy Bed Bunk,680,0,50,regular,1
Starlite,ferry,EAGLE,Batangas,Calapan,09/09/2026,21:00,00:00,,Tourist Bed Bunk,680,0,50,regular,1
Starlite,ferry,EAGLE,Batangas,Calapan,09/09/2026,23:00,02:00,,Reclining Seat,680,0,50,regular,0
Starlite,ferry,EAGLE,Batangas,Calapan,09/09/2026,23:00,02:00,,Economy Bed Bunk,680,0,50,regular,1
Starlite,ferry,EAGLE,Batangas,Calapan,09/09/2026,23:00,02:00,,Tourist Bed Bunk,680,0,50,regular,1
Starlite,ferry,EAGLE,Batangas,Calapan,10/09/2026,01:00,04:00,,Reclining Seat,680,0,50,regular,0
Starlite,ferry,EAGLE,Batangas,Calapan,10/09/2026,01:00,04:00,,Economy Bed Bunk,680,0,50,regular,1
Starlite,ferry,EAGLE,Batangas,Calapan,10/09/2026,01:00,04:00,,Tourist Bed Bunk,680,0,50,regular,1
Starlite,ferry,EAGLE,Batangas,Calapan,10/09/2026,03:00,06:00,,Reclining Seat,680,0,50,regular,0
Starlite,ferry,EAGLE,Batangas,Calapan,10/09/2026,03:00,06:00,,Economy Bed Bunk,680,0,50,regular,1
Starlite,ferry,EAGLE,Batangas,Calapan,10/09/2026,03:00,06:00,,Tourist Bed Bunk,680,0,50,regular,1
Starlite,ferry,EAGLE,Batangas,Calapan,10/09/2026,05:00,08:00,,Reclining Seat,680,0,50,regular,0
Starlite,ferry,EAGLE,Batangas,Calapan,10/09/2026,05:00,08:00,,Economy Bed Bunk,680,0,50,regular,1
Starlite,ferry,EAGLE,Batangas,Calapan,10/09/2026,05:00,08:00,,Tourist Bed Bunk,680,0,50,regular,1
Starlite,ferry,EAGLE,Batangas,Calapan,10/09/2026,07:00,10:00,,Reclining Seat,680,0,50,regular,0
Starlite,ferry,EAGLE,Batangas,Calapan,10/09/2026,07:00,10:00,,Economy Bed Bunk,680,0,50,regular,1
Starlite,ferry,EAGLE,Batangas,Calapan,10/09/2026,07:00,10:00,,Tourist Bed Bunk,680,0,50,regular,1
Starlite,ferry,EAGLE,Batangas,Calapan,10/09/2026,09:00,12:00,,Reclining Seat,680,0,50,regular,0
Starlite,ferry,EAGLE,Batangas,Calapan,10/09/2026,09:00,12:00,,Economy Bed Bunk,680,0,50,regular,1
Starlite,ferry,EAGLE,Batangas,Calapan,10/09/2026,09:00,12:00,,Tourist Bed Bunk,680,0,50,regular,1
Starlite,ferry,EAGLE,Batangas,Calapan,10/09/2026,11:00,14:00,,Reclining Seat,680,0,50,regular,0
Starlite,ferry,EAGLE,Batangas,Calapan,10/09/2026,11:00,14:00,,Economy Bed Bunk,680,0,50,regular,1
Starlite,ferry,EAGLE,Batangas,Calapan,10/09/2026,11:00,14:00,,Tourist Bed Bunk,680,0,50,regular,1
Starlite,ferry,EAGLE,Batangas,Calapan,10/09/2026,13:00,16:00,,Reclining Seat,680,0,50,regular,0
Starlite,ferry,EAGLE,Batangas,Calapan,10/09/2026,13:00,16:00,,Economy Bed Bunk,680,0,50,regular,1
Starlite,ferry,EAGLE,Batangas,Calapan,10/09/2026,13:00,16:00,,Tourist Bed Bunk,680,0,50,regular,1
Starlite,ferry,EAGLE,Batangas,Calapan,10/09/2026,15:00,18:00,,Reclining Seat,680,0,50,regular,0
Starlite,ferry,EAGLE,Batangas,Calapan,10/09/2026,15:00,18:00,,Economy Bed Bunk,680,0,50,regular,1
Starlite,ferry,EAGLE,Batangas,Calapan,10/09/2026,15:00,18:00,,Tourist Bed Bunk,680,0,50,regular,1
Starlite,ferry,EAGLE,Batangas,Calapan,10/09/2026,17:00,20:00,,Reclining Seat,680,0,50,regular,0
Starlite,ferry,EAGLE,Batangas,Calapan,10/09/2026,17:00,20:00,,Economy Bed Bunk,680,0,50,regular,1
Starlite,ferry,EAGLE,Batangas,Calapan,10/09/2026,17:00,20:00,,Tourist Bed Bunk,680,0,50,regular,1
Starlite,ferry,EAGLE,Batangas,Calapan,10/09/2026,19:00,22:00,,Reclining Seat,680,0,50,regular,0
Starlite,ferry,EAGLE,Batangas,Calapan,10/09/2026,19:00,22:00,,Economy Bed Bunk,680,0,50,regular,1
Starlite,ferry,EAGLE,Batangas,Calapan,10/09/2026,19:00,22:00,,Tourist Bed Bunk,680,0,50,regular,1
Starlite,ferry,EAGLE,Batangas,Calapan,10/09/2026,21:00,00:00,,Reclining Seat,680,0,50,regular,0
Starlite,ferry,EAGLE,Batangas,Calapan,10/09/2026,21:00,00:00,,Economy Bed Bunk,680,0,50,regular,1
Starlite,ferry,EAGLE,Batangas,Calapan,10/09/2026,21:00,00:00,,Tourist Bed Bunk,680,0,50,regular,1
Starlite,ferry,EAGLE,Batangas,Calapan,10/09/2026,23:00,02:00,,Reclining Seat,680,0,50,regular,0
Starlite,ferry,EAGLE,Batangas,Calapan,10/09/2026,23:00,02:00,,Economy Bed Bunk,680,0,50,regular,1
Starlite,ferry,EAGLE,Batangas,Calapan,10/09/2026,23:00,02:00,,Tourist Bed Bunk,680,0,50,regular,1
Starlite,ferry,EAGLE,Batangas,Calapan,11/09/2026,01:00,04:00,,Reclining Seat,680,0,50,regular,0
Starlite,ferry,EAGLE,Batangas,Calapan,11/09/2026,01:00,04:00,,Economy Bed Bunk,680,0,50,regular,1
Starlite,ferry,EAGLE,Batangas,Calapan,11/09/2026,01:00,04:00,,Tourist Bed Bunk,680,0,50,regular,1
Starlite,ferry,EAGLE,Batangas,Calapan,11/09/2026,03:00,06:00,,Reclining Seat,680,0,50,regular,0
Starlite,ferry,EAGLE,Batangas,Calapan,11/09/2026,03:00,06:00,,Economy Bed Bunk,680,0,50,regular,1
Starlite,ferry,EAGLE,Batangas,Calapan,11/09/2026,03:00,06:00,,Tourist Bed Bunk,680,0,50,regular,1
Starlite,ferry,EAGLE,Batangas,Calapan,11/09/2026,05:00,08:00,,Reclining Seat,680,0,50,regular,0
Starlite,ferry,EAGLE,Batangas,Calapan,11/09/2026,05:00,08:00,,Economy Bed Bunk,680,0,50,regular,1
Starlite,ferry,EAGLE,Batangas,Calapan,11/09/2026,05:00,08:00,,Tourist Bed Bunk,680,0,50,regular,1
Starlite,ferry,EAGLE,Batangas,Calapan,11/09/2026,07:00,10:00,,Reclining Seat,680,0,50,regular,0
Starlite,ferry,EAGLE,Batangas,Calapan,11/09/2026,07:00,10:00,,Economy Bed Bunk,680,0,50,regular,1
Starlite,ferry,EAGLE,Batangas,Calapan,11/09/2026,07:00,10:00,,Tourist Bed Bunk,680,0,50,regular,1
Starlite,ferry,EAGLE,Batangas,Calapan,11/09/2026,09:00,12:00,,Reclining Seat,680,0,50,regular,0
Starlite,ferry,EAGLE,Batangas,Calapan,11/09/2026,09:00,12:00,,Economy Bed Bunk,680,0,50,regular,1
Starlite,ferry,EAGLE,Batangas,Calapan,11/09/2026,09:00,12:00,,Tourist Bed Bunk,680,0,50,regular,1
Starlite,ferry,EAGLE,Batangas,Calapan,11/09/2026,11:00,14:00,,Reclining Seat,680,0,50,regular,0
Starlite,ferry,EAGLE,Batangas,Calapan,11/09/2026,11:00,14:00,,Economy Bed Bunk,680,0,50,regular,1
Starlite,ferry,EAGLE,Batangas,Calapan,11/09/2026,11:00,14:00,,Tourist Bed Bunk,680,0,50,regular,1
Starlite,ferry,EAGLE,Batangas,Calapan,11/09/2026,13:00,16:00,,Reclining Seat,680,0,50,regular,0
Starlite,ferry,EAGLE,Batangas,Calapan,11/09/2026,13:00,16:00,,Economy Bed Bunk,680,0,50,regular,1
Starlite,ferry,EAGLE,Batangas,Calapan,11/09/2026,13:00,16:00,,Tourist Bed Bunk,680,0,50,regular,1
Starlite,ferry,EAGLE,Batangas,Calapan,11/09/2026,15:00,18:00,,Reclining Seat,680,0,50,regular,0
Starlite,ferry,EAGLE,Batangas,Calapan,11/09/2026,15:00,18:00,,Economy Bed Bunk,680,0,50,regular,1
Starlite,ferry,EAGLE,Batangas,Calapan,11/09/2026,15:00,18:00,,Tourist Bed Bunk,680,0,50,regular,1
Starlite,ferry,EAGLE,Batangas,Calapan,11/09/2026,17:00,20:00,,Reclining Seat,680,0,50,regular,0
Starlite,ferry,EAGLE,Batangas,Calapan,11/09/2026,17:00,20:00,,Economy Bed Bunk,680,0,50,regular,1
Starlite,ferry,EAGLE,Batangas,Calapan,11/09/2026,17:00,20:00,,Tourist Bed Bunk,680,0,50,regular,1
Starlite,ferry,EAGLE,Batangas,Calapan,11/09/2026,19:00,22:00,,Reclining Seat,680,0,50,regular,0
Starlite,ferry,EAGLE,Batangas,Calapan,11/09/2026,19:00,22:00,,Economy Bed Bunk,680,0,50,regular,1
Starlite,ferry,EAGLE,Batangas,Calapan,11/09/2026,19:00,22:00,,Tourist Bed Bunk,680,0,50,regular,1
Starlite,ferry,EAGLE,Batangas,Calapan,11/09/2026,21:00,00:00,,Reclining Seat,680,0,50,regular,0
Starlite,ferry,EAGLE,Batangas,Calapan,11/09/2026,21:00,00:00,,Economy Bed Bunk,680,0,50,regular,1
Starlite,ferry,EAGLE,Batangas,Calapan,11/09/2026,21:00,00:00,,Tourist Bed Bunk,680,0,50,regular,1
Starlite,ferry,EAGLE,Batangas,Calapan,11/09/2026,23:00,02:00,,Reclining Seat,680,0,50,regular,0
Starlite,ferry,EAGLE,Batangas,Calapan,11/09/2026,23:00,02:00,,Economy Bed Bunk,680,0,50,regular,1
Starlite,ferry,EAGLE,Batangas,Calapan,11/09/2026,23:00,02:00,,Tourist Bed Bunk,680,0,50,regular,1
Starlite,ferry,EAGLE,Batangas,Calapan,12/09/2026,01:00,04:00,,Reclining Seat,680,0,50,regular,0
Starlite,ferry,EAGLE,Batangas,Calapan,12/09/2026,01:00,04:00,,Economy Bed Bunk,680,0,50,regular,1
Starlite,ferry,EAGLE,Batangas,Calapan,12/09/2026,01:00,04:00,,Tourist Bed Bunk,680,0,50,regular,1
Starlite,ferry,EAGLE,Batangas,Calapan,12/09/2026,03:00,06:00,,Reclining Seat,680,0,50,regular,0
Starlite,ferry,EAGLE,Batangas,Calapan,12/09/2026,03:00,06:00,,Economy Bed Bunk,680,0,50,regular,1
Starlite,ferry,EAGLE,Batangas,Calapan,12/09/2026,03:00,06:00,,Tourist Bed Bunk,680,0,50,regular,1
Starlite,ferry,EAGLE,Batangas,Calapan,12/09/2026,05:00,08:00,,Reclining Seat,680,0,50,regular,0
Starlite,ferry,EAGLE,Batangas,Calapan,12/09/2026,05:00,08:00,,Economy Bed Bunk,680,0,50,regular,1
Starlite,ferry,EAGLE,Batangas,Calapan,12/09/2026,05:00,08:00,,Tourist Bed Bunk,680,0,50,regular,1
Starlite,ferry,EAGLE,Batangas,Calapan,12/09/2026,07:00,10:00,,Reclining Seat,680,0,50,regular,0
Starlite,ferry,EAGLE,Batangas,Calapan,12/09/2026,07:00,10:00,,Economy Bed Bunk,680,0,50,regular,1
Starlite,ferry,EAGLE,Batangas,Calapan,12/09/2026,07:00,10:00,,Tourist Bed Bunk,680,0,50,regular,1
Starlite,ferry,EAGLE,Batangas,Calapan,12/09/2026,09:00,12:00,,Reclining Seat,680,0,50,regular,0
Starlite,ferry,EAGLE,Batangas,Calapan,12/09/2026,09:00,12:00,,Economy Bed Bunk,680,0,50,regular,1
Starlite,ferry,EAGLE,Batangas,Calapan,12/09/2026,09:00,12:00,,Tourist Bed Bunk,680,0,50,regular,1
Starlite,ferry,EAGLE,Batangas,Calapan,12/09/2026,11:00,14:00,,Reclining Seat,680,0,50,regular,0
Starlite,ferry,EAGLE,Batangas,Calapan,12/09/2026,11:00,14:00,,Economy Bed Bunk,680,0,50,regular,1
Starlite,ferry,EAGLE,Batangas,Calapan,12/09/2026,11:00,14:00,,Tourist Bed Bunk,680,0,50,regular,1
Starlite,ferry,EAGLE,Batangas,Calapan,12/09/2026,13:00,16:00,,Reclining Seat,680,0,50,regular,0
Starlite,ferry,EAGLE,Batangas,Calapan,12/09/2026,13:00,16:00,,Economy Bed Bunk,680,0,50,regular,1
Starlite,ferry,EAGLE,Batangas,Calapan,12/09/2026,13:00,16:00,,Tourist Bed Bunk,680,0,50,regular,1
Starlite,ferry,EAGLE,Batangas,Calapan,12/09/2026,15:00,18:00,,Reclining Seat,680,0,50,regular,0
Starlite,ferry,EAGLE,Batangas,Calapan,12/09/2026,15:00,18:00,,Economy Bed Bunk,680,0,50,regular,1
Starlite,ferry,EAGLE,Batangas,Calapan,12/09/2026,15:00,18:00,,Tourist Bed Bunk,680,0,50,regular,1
Starlite,ferry,EAGLE,Batangas,Calapan,12/09/2026,17:00,20:00,,Reclining Seat,680,0,50,regular,0
Starlite,ferry,EAGLE,Batangas,Calapan,12/09/2026,17:00,20:00,,Economy Bed Bunk,680,0,50,regular,1
Starlite,ferry,EAGLE,Batangas,Calapan,12/09/2026,17:00,20:00,,Tourist Bed Bunk,680,0,50,regular,1
Starlite,ferry,EAGLE,Batangas,Calapan,12/09/2026,19:00,22:00,,Reclining Seat,680,0,50,regular,0
Starlite,ferry,EAGLE,Batangas,Calapan,12/09/2026,19:00,22:00,,Economy Bed Bunk,680,0,50,regular,1
Starlite,ferry,EAGLE,Batangas,Calapan,12/09/2026,19:00,22:00,,Tourist Bed Bunk,680,0,50,regular,1
Starlite,ferry,EAGLE,Batangas,Calapan,12/09/2026,21:00,00:00,,Reclining Seat,680,0,50,regular,0
Starlite,ferry,EAGLE,Batangas,Calapan,12/09/2026,21:00,00:00,,Economy Bed Bunk,680,0,50,regular,1
Starlite,ferry,EAGLE,Batangas,Calapan,12/09/2026,21:00,00:00,,Tourist Bed Bunk,680,0,50,regular,1
Starlite,ferry,EAGLE,Batangas,Calapan,12/09/2026,23:00,02:00,,Reclining Seat,680,0,50,regular,0
Starlite,ferry,EAGLE,Batangas,Calapan,12/09/2026,23:00,02:00,,Economy Bed Bunk,680,0,50,regular,1
Starlite,ferry,EAGLE,Batangas,Calapan,12/09/2026,23:00,02:00,,Tourist Bed Bunk,680,0,50,regular,1
Starlite,ferry,ARCHER,Batangas,Calapan,03/09/2026,01:00,04:00,,Reclining Seat,680,0,50,regular,0
Starlite,ferry,ARCHER,Batangas,Calapan,03/09/2026,01:00,04:00,,Economy Bed Bunk,680,0,50,regular,1
Starlite,ferry,ARCHER,Batangas,Calapan,03/09/2026,01:00,04:00,,Tourist Bed Bunk,680,0,50,regular,1
Starlite,ferry,ARCHER,Batangas,Calapan,03/09/2026,03:00,06:00,,Reclining Seat,680,0,50,regular,0
Starlite,ferry,ARCHER,Batangas,Calapan,03/09/2026,03:00,06:00,,Economy Bed Bunk,680,0,50,regular,1
Starlite,ferry,ARCHER,Batangas,Calapan,03/09/2026,03:00,06:00,,Tourist Bed Bunk,680,0,50,regular,1
Starlite,ferry,ARCHER,Batangas,Calapan,03/09/2026,05:00,08:00,,Reclining Seat,680,0,50,regular,0
Starlite,ferry,ARCHER,Batangas,Calapan,03/09/2026,05:00,08:00,,Economy Bed Bunk,680,0,50,regular,1
Starlite,ferry,ARCHER,Batangas,Calapan,03/09/2026,05:00,08:00,,Tourist Bed Bunk,680,0,50,regular,1
Starlite,ferry,ARCHER,Batangas,Calapan,03/09/2026,07:00,10:00,,Reclining Seat,680,0,50,regular,0
Starlite,ferry,ARCHER,Batangas,Calapan,03/09/2026,07:00,10:00,,Economy Bed Bunk,680,0,50,regular,1
Starlite,ferry,ARCHER,Batangas,Calapan,03/09/2026,07:00,10:00,,Tourist Bed Bunk,680,0,50,regular,1
Starlite,ferry,ARCHER,Batangas,Calapan,03/09/2026,09:00,12:00,,Reclining Seat,680,0,50,regular,0
Starlite,ferry,ARCHER,Batangas,Calapan,03/09/2026,09:00,12:00,,Economy Bed Bunk,680,0,50,regular,1
Starlite,ferry,ARCHER,Batangas,Calapan,03/09/2026,09:00,12:00,,Tourist Bed Bunk,680,0,50,regular,1
Starlite,ferry,ARCHER,Batangas,Calapan,03/09/2026,11:00,14:00,,Reclining Seat,680,0,50,regular,0
Starlite,ferry,ARCHER,Batangas,Calapan,03/09/2026,11:00,14:00,,Economy Bed Bunk,680,0,50,regular,1
Starlite,ferry,ARCHER,Batangas,Calapan,03/09/2026,11:00,14:00,,Tourist Bed Bunk,680,0,50,regular,1
Starlite,ferry,ARCHER,Batangas,Calapan,03/09/2026,13:00,16:00,,Reclining Seat,680,0,50,regular,0
Starlite,ferry,ARCHER,Batangas,Calapan,03/09/2026,13:00,16:00,,Economy Bed Bunk,680,0,50,regular,1
Starlite,ferry,ARCHER,Batangas,Calapan,03/09/2026,13:00,16:00,,Tourist Bed Bunk,680,0,50,regular,1
Starlite,ferry,ARCHER,Batangas,Calapan,03/09/2026,15:00,18:00,,Reclining Seat,680,0,50,regular,0
Starlite,ferry,ARCHER,Batangas,Calapan,03/09/2026,15:00,18:00,,Economy Bed Bunk,680,0,50,regular,1
Starlite,ferry,ARCHER,Batangas,Calapan,03/09/2026,15:00,18:00,,Tourist Bed Bunk,680,0,50,regular,1
Starlite,ferry,ARCHER,Batangas,Calapan,03/09/2026,17:00,20:00,,Reclining Seat,680,0,50,regular,0
Starlite,ferry,ARCHER,Batangas,Calapan,03/09/2026,17:00,20:00,,Economy Bed Bunk,680,0,50,regular,1
Starlite,ferry,ARCHER,Batangas,Calapan,03/09/2026,17:00,20:00,,Tourist Bed Bunk,680,0,50,regular,1
Starlite,ferry,ARCHER,Batangas,Calapan,03/09/2026,19:00,22:00,,Reclining Seat,680,0,50,regular,0
Starlite,ferry,ARCHER,Batangas,Calapan,03/09/2026,19:00,22:00,,Economy Bed Bunk,680,0,50,regular,1
Starlite,ferry,ARCHER,Batangas,Calapan,03/09/2026,19:00,22:00,,Tourist Bed Bunk,680,0,50,regular,1
Starlite,ferry,ARCHER,Batangas,Calapan,03/09/2026,21:00,00:00,,Reclining Seat,680,0,50,regular,0
Starlite,ferry,ARCHER,Batangas,Calapan,03/09/2026,21:00,00:00,,Economy Bed Bunk,680,0,50,regular,1
Starlite,ferry,ARCHER,Batangas,Calapan,03/09/2026,21:00,00:00,,Tourist Bed Bunk,680,0,50,regular,1
Starlite,ferry,ARCHER,Batangas,Calapan,03/09/2026,23:00,02:00,,Reclining Seat,680,0,50,regular,0
Starlite,ferry,ARCHER,Batangas,Calapan,03/09/2026,23:00,02:00,,Economy Bed Bunk,680,0,50,regular,1
Starlite,ferry,ARCHER,Batangas,Calapan,03/09/2026,23:00,02:00,,Tourist Bed Bunk,680,0,50,regular,1
Starlite,ferry,ARCHER,Batangas,Calapan,04/09/2026,01:00,04:00,,Reclining Seat,680,0,50,regular,0
Starlite,ferry,ARCHER,Batangas,Calapan,04/09/2026,01:00,04:00,,Economy Bed Bunk,680,0,50,regular,1
Starlite,ferry,ARCHER,Batangas,Calapan,04/09/2026,01:00,04:00,,Tourist Bed Bunk,680,0,50,regular,1
Starlite,ferry,ARCHER,Batangas,Calapan,04/09/2026,03:00,06:00,,Reclining Seat,680,0,50,regular,0
Starlite,ferry,ARCHER,Batangas,Calapan,04/09/2026,03:00,06:00,,Economy Bed Bunk,680,0,50,regular,1
Starlite,ferry,ARCHER,Batangas,Calapan,04/09/2026,03:00,06:00,,Tourist Bed Bunk,680,0,50,regular,1
Starlite,ferry,ARCHER,Batangas,Calapan,04/09/2026,05:00,08:00,,Reclining Seat,680,0,50,regular,0
Starlite,ferry,ARCHER,Batangas,Calapan,04/09/2026,05:00,08:00,,Economy Bed Bunk,680,0,50,regular,1
Starlite,ferry,ARCHER,Batangas,Calapan,04/09/2026,05:00,08:00,,Tourist Bed Bunk,680,0,50,regular,1
Starlite,ferry,ARCHER,Batangas,Calapan,04/09/2026,07:00,10:00,,Reclining Seat,680,0,50,regular,0
Starlite,ferry,ARCHER,Batangas,Calapan,04/09/2026,07:00,10:00,,Economy Bed Bunk,680,0,50,regular,1
Starlite,ferry,ARCHER,Batangas,Calapan,04/09/2026,07:00,10:00,,Tourist Bed Bunk,680,0,50,regular,1
Starlite,ferry,ARCHER,Batangas,Calapan,04/09/2026,09:00,12:00,,Reclining Seat,680,0,50,regular,0
Starlite,ferry,ARCHER,Batangas,Calapan,04/09/2026,09:00,12:00,,Economy Bed Bunk,680,0,50,regular,1
Starlite,ferry,ARCHER,Batangas,Calapan,04/09/2026,09:00,12:00,,Tourist Bed Bunk,680,0,50,regular,1
Starlite,ferry,ARCHER,Batangas,Calapan,04/09/2026,11:00,14:00,,Reclining Seat,680,0,50,regular,0
Starlite,ferry,ARCHER,Batangas,Calapan,04/09/2026,11:00,14:00,,Economy Bed Bunk,680,0,50,regular,1
Starlite,ferry,ARCHER,Batangas,Calapan,04/09/2026,11:00,14:00,,Tourist Bed Bunk,680,0,50,regular,1
Starlite,ferry,ARCHER,Batangas,Calapan,04/09/2026,13:00,16:00,,Reclining Seat,680,0,50,regular,0
Starlite,ferry,ARCHER,Batangas,Calapan,04/09/2026,13:00,16:00,,Economy Bed Bunk,680,0,50,regular,1
Starlite,ferry,ARCHER,Batangas,Calapan,04/09/2026,13:00,16:00,,Tourist Bed Bunk,680,0,50,regular,1
Starlite,ferry,ARCHER,Batangas,Calapan,04/09/2026,15:00,18:00,,Reclining Seat,680,0,50,regular,0
Starlite,ferry,ARCHER,Batangas,Calapan,04/09/2026,15:00,18:00,,Economy Bed Bunk,680,0,50,regular,1
Starlite,ferry,ARCHER,Batangas,Calapan,04/09/2026,15:00,18:00,,Tourist Bed Bunk,680,0,50,regular,1
Starlite,ferry,ARCHER,Batangas,Calapan,04/09/2026,17:00,20:00,,Reclining Seat,680,0,50,regular,0
Starlite,ferry,ARCHER,Batangas,Calapan,04/09/2026,17:00,20:00,,Economy Bed Bunk,680,0,50,regular,1
Starlite,ferry,ARCHER,Batangas,Calapan,04/09/2026,17:00,20:00,,Tourist Bed Bunk,680,0,50,regular,1
Starlite,ferry,ARCHER,Batangas,Calapan,04/09/2026,19:00,22:00,,Reclining Seat,680,0,50,regular,0
Starlite,ferry,ARCHER,Batangas,Calapan,04/09/2026,19:00,22:00,,Economy Bed Bunk,680,0,50,regular,1
Starlite,ferry,ARCHER,Batangas,Calapan,04/09/2026,19:00,22:00,,Tourist Bed Bunk,680,0,50,regular,1
Starlite,ferry,ARCHER,Batangas,Calapan,04/09/2026,21:00,00:00,,Reclining Seat,680,0,50,regular,0
Starlite,ferry,ARCHER,Batangas,Calapan,04/09/2026,21:00,00:00,,Economy Bed Bunk,680,0,50,regular,1
Starlite,ferry,ARCHER,Batangas,Calapan,04/09/2026,21:00,00:00,,Tourist Bed Bunk,680,0,50,regular,1
Starlite,ferry,ARCHER,Batangas,Calapan,04/09/2026,23:00,02:00,,Reclining Seat,680,0,50,regular,0
Starlite,ferry,ARCHER,Batangas,Calapan,04/09/2026,23:00,02:00,,Economy Bed Bunk,680,0,50,regular,1
Starlite,ferry,ARCHER,Batangas,Calapan,04/09/2026,23:00,02:00,,Tourist Bed Bunk,680,0,50,regular,1
Starlite,ferry,ARCHER,Batangas,Calapan,05/09/2026,01:00,04:00,,Reclining Seat,680,0,50,regular,0
Starlite,ferry,ARCHER,Batangas,Calapan,05/09/2026,01:00,04:00,,Economy Bed Bunk,680,0,50,regular,1
Starlite,ferry,ARCHER,Batangas,Calapan,05/09/2026,01:00,04:00,,Tourist Bed Bunk,680,0,50,regular,1
Starlite,ferry,ARCHER,Batangas,Calapan,05/09/2026,03:00,06:00,,Reclining Seat,680,0,50,regular,0
Starlite,ferry,ARCHER,Batangas,Calapan,05/09/2026,03:00,06:00,,Economy Bed Bunk,680,0,50,regular,1
Starlite,ferry,ARCHER,Batangas,Calapan,05/09/2026,03:00,06:00,,Tourist Bed Bunk,680,0,50,regular,1
Starlite,ferry,ARCHER,Batangas,Calapan,05/09/2026,05:00,08:00,,Reclining Seat,680,0,50,regular,0
Starlite,ferry,ARCHER,Batangas,Calapan,05/09/2026,05:00,08:00,,Economy Bed Bunk,680,0,50,regular,1
Starlite,ferry,ARCHER,Batangas,Calapan,05/09/2026,05:00,08:00,,Tourist Bed Bunk,680,0,50,regular,1
Starlite,ferry,ARCHER,Batangas,Calapan,05/09/2026,07:00,10:00,,Reclining Seat,680,0,50,regular,0
Starlite,ferry,ARCHER,Batangas,Calapan,05/09/2026,07:00,10:00,,Economy Bed Bunk,680,0,50,regular,1
Starlite,ferry,ARCHER,Batangas,Calapan,05/09/2026,07:00,10:00,,Tourist Bed Bunk,680,0,50,regular,1
Starlite,ferry,ARCHER,Batangas,Calapan,05/09/2026,09:00,12:00,,Reclining Seat,680,0,50,regular,0
Starlite,ferry,ARCHER,Batangas,Calapan,05/09/2026,09:00,12:00,,Economy Bed Bunk,680,0,50,regular,1
Starlite,ferry,ARCHER,Batangas,Calapan,05/09/2026,09:00,12:00,,Tourist Bed Bunk,680,0,50,regular,1
Starlite,ferry,ARCHER,Batangas,Calapan,05/09/2026,11:00,14:00,,Reclining Seat,680,0,50,regular,0
Starlite,ferry,ARCHER,Batangas,Calapan,05/09/2026,11:00,14:00,,Economy Bed Bunk,680,0,50,regular,1
Starlite,ferry,ARCHER,Batangas,Calapan,05/09/2026,11:00,14:00,,Tourist Bed Bunk,680,0,50,regular,1
Starlite,ferry,ARCHER,Batangas,Calapan,05/09/2026,13:00,16:00,,Reclining Seat,680,0,50,regular,0
Starlite,ferry,ARCHER,Batangas,Calapan,05/09/2026,13:00,16:00,,Economy Bed Bunk,680,0,50,regular,1
Starlite,ferry,ARCHER,Batangas,Calapan,05/09/2026,13:00,16:00,,Tourist Bed Bunk,680,0,50,regular,1
Starlite,ferry,ARCHER,Batangas,Calapan,05/09/2026,15:00,18:00,,Reclining Seat,680,0,50,regular,0
Starlite,ferry,ARCHER,Batangas,Calapan,05/09/2026,15:00,18:00,,Economy Bed Bunk,680,0,50,regular,1
Starlite,ferry,ARCHER,Batangas,Calapan,05/09/2026,15:00,18:00,,Tourist Bed Bunk,680,0,50,regular,1
Starlite,ferry,ARCHER,Batangas,Calapan,05/09/2026,17:00,20:00,,Reclining Seat,680,0,50,regular,0
Starlite,ferry,ARCHER,Batangas,Calapan,05/09/2026,17:00,20:00,,Economy Bed Bunk,680,0,50,regular,1
Starlite,ferry,ARCHER,Batangas,Calapan,05/09/2026,17:00,20:00,,Tourist Bed Bunk,680,0,50,regular,1
Starlite,ferry,ARCHER,Batangas,Calapan,05/09/2026,19:00,22:00,,Reclining Seat,680,0,50,regular,0
Starlite,ferry,ARCHER,Batangas,Calapan,05/09/2026,19:00,22:00,,Economy Bed Bunk,680,0,50,regular,1
Starlite,ferry,ARCHER,Batangas,Calapan,05/09/2026,19:00,22:00,,Tourist Bed Bunk,680,0,50,regular,1
Starlite,ferry,ARCHER,Batangas,Calapan,05/09/2026,21:00,00:00,,Reclining Seat,680,0,50,regular,0
Starlite,ferry,ARCHER,Batangas,Calapan,05/09/2026,21:00,00:00,,Economy Bed Bunk,680,0,50,regular,1
Starlite,ferry,ARCHER,Batangas,Calapan,05/09/2026,21:00,00:00,,Tourist Bed Bunk,680,0,50,regular,1
Starlite,ferry,ARCHER,Batangas,Calapan,05/09/2026,23:00,02:00,,Reclining Seat,680,0,50,regular,0
Starlite,ferry,ARCHER,Batangas,Calapan,05/09/2026,23:00,02:00,,Economy Bed Bunk,680,0,50,regular,1
Starlite,ferry,ARCHER,Batangas,Calapan,05/09/2026,23:00,02:00,,Tourist Bed Bunk,680,0,50,regular,1
Starlite,ferry,ARCHER,Batangas,Calapan,06/09/2026,01:00,04:00,,Reclining Seat,680,0,50,regular,0
Starlite,ferry,ARCHER,Batangas,Calapan,06/09/2026,01:00,04:00,,Economy Bed Bunk,680,0,50,regular,1
Starlite,ferry,ARCHER,Batangas,Calapan,06/09/2026,01:00,04:00,,Tourist Bed Bunk,680,0,50,regular,1
Starlite,ferry,ARCHER,Batangas,Calapan,06/09/2026,03:00,06:00,,Reclining Seat,680,0,50,regular,0
Starlite,ferry,ARCHER,Batangas,Calapan,06/09/2026,03:00,06:00,,Economy Bed Bunk,680,0,50,regular,1
Starlite,ferry,ARCHER,Batangas,Calapan,06/09/2026,03:00,06:00,,Tourist Bed Bunk,680,0,50,regular,1
Starlite,ferry,ARCHER,Batangas,Calapan,06/09/2026,05:00,08:00,,Reclining Seat,680,0,50,regular,0
Starlite,ferry,ARCHER,Batangas,Calapan,06/09/2026,05:00,08:00,,Economy Bed Bunk,680,0,50,regular,1
Starlite,ferry,ARCHER,Batangas,Calapan,06/09/2026,05:00,08:00,,Tourist Bed Bunk,680,0,50,regular,1
Starlite,ferry,ARCHER,Batangas,Calapan,06/09/2026,07:00,10:00,,Reclining Seat,680,0,50,regular,0
Starlite,ferry,ARCHER,Batangas,Calapan,06/09/2026,07:00,10:00,,Economy Bed Bunk,680,0,50,regular,1
Starlite,ferry,ARCHER,Batangas,Calapan,06/09/2026,07:00,10:00,,Tourist Bed Bunk,680,0,50,regular,1
Starlite,ferry,ARCHER,Batangas,Calapan,06/09/2026,09:00,12:00,,Reclining Seat,680,0,50,regular,0
Starlite,ferry,ARCHER,Batangas,Calapan,06/09/2026,09:00,12:00,,Economy Bed Bunk,680,0,50,regular,1
Starlite,ferry,ARCHER,Batangas,Calapan,06/09/2026,09:00,12:00,,Tourist Bed Bunk,680,0,50,regular,1
Starlite,ferry,ARCHER,Batangas,Calapan,06/09/2026,11:00,14:00,,Reclining Seat,680,0,50,regular,0
Starlite,ferry,ARCHER,Batangas,Calapan,06/09/2026,11:00,14:00,,Economy Bed Bunk,680,0,50,regular,1
Starlite,ferry,ARCHER,Batangas,Calapan,06/09/2026,11:00,14:00,,Tourist Bed Bunk,680,0,50,regular,1
Starlite,ferry,ARCHER,Batangas,Calapan,06/09/2026,13:00,16:00,,Reclining Seat,680,0,50,regular,0
Starlite,ferry,ARCHER,Batangas,Calapan,06/09/2026,13:00,16:00,,Economy Bed Bunk,680,0,50,regular,1
Starlite,ferry,ARCHER,Batangas,Calapan,06/09/2026,13:00,16:00,,Tourist Bed Bunk,680,0,50,regular,1
Starlite,ferry,ARCHER,Batangas,Calapan,06/09/2026,15:00,18:00,,Reclining Seat,680,0,50,regular,0
Starlite,ferry,ARCHER,Batangas,Calapan,06/09/2026,15:00,18:00,,Economy Bed Bunk,680,0,50,regular,1
Starlite,ferry,ARCHER,Batangas,Calapan,06/09/2026,15:00,18:00,,Tourist Bed Bunk,680,0,50,regular,1
Starlite,ferry,ARCHER,Batangas,Calapan,06/09/2026,17:00,20:00,,Reclining Seat,680,0,50,regular,0
Starlite,ferry,ARCHER,Batangas,Calapan,06/09/2026,17:00,20:00,,Economy Bed Bunk,680,0,50,regular,1
Starlite,ferry,ARCHER,Batangas,Calapan,06/09/2026,17:00,20:00,,Tourist Bed Bunk,680,0,50,regular,1
Starlite,ferry,ARCHER,Batangas,Calapan,06/09/2026,19:00,22:00,,Reclining Seat,680,0,50,regular,0
Starlite,ferry,ARCHER,Batangas,Calapan,06/09/2026,19:00,22:00,,Economy Bed Bunk,680,0,50,regular,1
Starlite,ferry,ARCHER,Batangas,Calapan,06/09/2026,19:00,22:00,,Tourist Bed Bunk,680,0,50,regular,1
Starlite,ferry,ARCHER,Batangas,Calapan,06/09/2026,21:00,00:00,,Reclining Seat,680,0,50,regular,0
Starlite,ferry,ARCHER,Batangas,Calapan,06/09/2026,21:00,00:00,,Economy Bed Bunk,680,0,50,regular,1
Starlite,ferry,ARCHER,Batangas,Calapan,06/09/2026,21:00,00:00,,Tourist Bed Bunk,680,0,50,regular,1
Starlite,ferry,ARCHER,Batangas,Calapan,06/09/2026,23:00,02:00,,Reclining Seat,680,0,50,regular,0
Starlite,ferry,ARCHER,Batangas,Calapan,06/09/2026,23:00,02:00,,Economy Bed Bunk,680,0,50,regular,1
Starlite,ferry,ARCHER,Batangas,Calapan,06/09/2026,23:00,02:00,,Tourist Bed Bunk,680,0,50,regular,1
Starlite,ferry,ARCHER,Batangas,Calapan,07/09/2026,01:00,04:00,,Reclining Seat,680,0,50,regular,0
Starlite,ferry,ARCHER,Batangas,Calapan,07/09/2026,01:00,04:00,,Economy Bed Bunk,680,0,50,regular,1
Starlite,ferry,ARCHER,Batangas,Calapan,07/09/2026,01:00,04:00,,Tourist Bed Bunk,680,0,50,regular,1
Starlite,ferry,ARCHER,Batangas,Calapan,07/09/2026,03:00,06:00,,Reclining Seat,680,0,50,regular,0
Starlite,ferry,ARCHER,Batangas,Calapan,07/09/2026,03:00,06:00,,Economy Bed Bunk,680,0,50,regular,1
Starlite,ferry,ARCHER,Batangas,Calapan,07/09/2026,03:00,06:00,,Tourist Bed Bunk,680,0,50,regular,1
Starlite,ferry,ARCHER,Batangas,Calapan,07/09/2026,05:00,08:00,,Reclining Seat,680,0,50,regular,0
Starlite,ferry,ARCHER,Batangas,Calapan,07/09/2026,05:00,08:00,,Economy Bed Bunk,680,0,50,regular,1
Starlite,ferry,ARCHER,Batangas,Calapan,07/09/2026,05:00,08:00,,Tourist Bed Bunk,680,0,50,regular,1
Starlite,ferry,ARCHER,Batangas,Calapan,07/09/2026,07:00,10:00,,Reclining Seat,680,0,50,regular,0
Starlite,ferry,ARCHER,Batangas,Calapan,07/09/2026,07:00,10:00,,Economy Bed Bunk,680,0,50,regular,1
Starlite,ferry,ARCHER,Batangas,Calapan,07/09/2026,07:00,10:00,,Tourist Bed Bunk,680,0,50,regular,1
Starlite,ferry,ARCHER,Batangas,Calapan,07/09/2026,09:00,12:00,,Reclining Seat,680,0,50,regular,0
Starlite,ferry,ARCHER,Batangas,Calapan,07/09/2026,09:00,12:00,,Economy Bed Bunk,680,0,50,regular,1
Starlite,ferry,ARCHER,Batangas,Calapan,07/09/2026,09:00,12:00,,Tourist Bed Bunk,680,0,50,regular,1
Starlite,ferry,ARCHER,Batangas,Calapan,07/09/2026,11:00,14:00,,Reclining Seat,680,0,50,regular,0
Starlite,ferry,ARCHER,Batangas,Calapan,07/09/2026,11:00,14:00,,Economy Bed Bunk,680,0,50,regular,1
Starlite,ferry,ARCHER,Batangas,Calapan,07/09/2026,11:00,14:00,,Tourist Bed Bunk,680,0,50,regular,1
Starlite,ferry,ARCHER,Batangas,Calapan,07/09/2026,13:00,16:00,,Reclining Seat,680,0,50,regular,0
Starlite,ferry,ARCHER,Batangas,Calapan,07/09/2026,13:00,16:00,,Economy Bed Bunk,680,0,50,regular,1
Starlite,ferry,ARCHER,Batangas,Calapan,07/09/2026,13:00,16:00,,Tourist Bed Bunk,680,0,50,regular,1
Starlite,ferry,ARCHER,Batangas,Calapan,07/09/2026,15:00,18:00,,Reclining Seat,680,0,50,regular,0
Starlite,ferry,ARCHER,Batangas,Calapan,07/09/2026,15:00,18:00,,Economy Bed Bunk,680,0,50,regular,1
Starlite,ferry,ARCHER,Batangas,Calapan,07/09/2026,15:00,18:00,,Tourist Bed Bunk,680,0,50,regular,1
Starlite,ferry,ARCHER,Batangas,Calapan,07/09/2026,17:00,20:00,,Reclining Seat,680,0,50,regular,0
Starlite,ferry,ARCHER,Batangas,Calapan,07/09/2026,17:00,20:00,,Economy Bed Bunk,680,0,50,regular,1
Starlite,ferry,ARCHER,Batangas,Calapan,07/09/2026,17:00,20:00,,Tourist Bed Bunk,680,0,50,regular,1
Starlite,ferry,ARCHER,Batangas,Calapan,07/09/2026,19:00,22:00,,Reclining Seat,680,0,50,regular,0
Starlite,ferry,ARCHER,Batangas,Calapan,07/09/2026,19:00,22:00,,Economy Bed Bunk,680,0,50,regular,1
Starlite,ferry,ARCHER,Batangas,Calapan,07/09/2026,19:00,22:00,,Tourist Bed Bunk,680,0,50,regular,1
Starlite,ferry,ARCHER,Batangas,Calapan,07/09/2026,21:00,00:00,,Reclining Seat,680,0,50,regular,0
Starlite,ferry,ARCHER,Batangas,Calapan,07/09/2026,21:00,00:00,,Economy Bed Bunk,680,0,50,regular,1
Starlite,ferry,ARCHER,Batangas,Calapan,07/09/2026,21:00,00:00,,Tourist Bed Bunk,680,0,50,regular,1
Starlite,ferry,ARCHER,Batangas,Calapan,07/09/2026,23:00,02:00,,Reclining Seat,680,0,50,regular,0
Starlite,ferry,ARCHER,Batangas,Calapan,07/09/2026,23:00,02:00,,Economy Bed Bunk,680,0,50,regular,1
Starlite,ferry,ARCHER,Batangas,Calapan,07/09/2026,23:00,02:00,,Tourist Bed Bunk,680,0,50,regular,1
Starlite,ferry,ARCHER,Batangas,Calapan,08/09/2026,01:00,04:00,,Reclining Seat,680,0,50,regular,0
Starlite,ferry,ARCHER,Batangas,Calapan,08/09/2026,01:00,04:00,,Economy Bed Bunk,680,0,50,regular,1
Starlite,ferry,ARCHER,Batangas,Calapan,08/09/2026,01:00,04:00,,Tourist Bed Bunk,680,0,50,regular,1
Starlite,ferry,ARCHER,Batangas,Calapan,08/09/2026,03:00,06:00,,Reclining Seat,680,0,50,regular,0
Starlite,ferry,ARCHER,Batangas,Calapan,08/09/2026,03:00,06:00,,Economy Bed Bunk,680,0,50,regular,1
Starlite,ferry,ARCHER,Batangas,Calapan,08/09/2026,03:00,06:00,,Tourist Bed Bunk,680,0,50,regular,1
Starlite,ferry,ARCHER,Batangas,Calapan,08/09/2026,05:00,08:00,,Reclining Seat,680,0,50,regular,0
Starlite,ferry,ARCHER,Batangas,Calapan,08/09/2026,05:00,08:00,,Economy Bed Bunk,680,0,50,regular,1
Starlite,ferry,ARCHER,Batangas,Calapan,08/09/2026,05:00,08:00,,Tourist Bed Bunk,680,0,50,regular,1
Starlite,ferry,ARCHER,Batangas,Calapan,08/09/2026,07:00,10:00,,Reclining Seat,680,0,50,regular,0
Starlite,ferry,ARCHER,Batangas,Calapan,08/09/2026,07:00,10:00,,Economy Bed Bunk,680,0,50,regular,1
Starlite,ferry,ARCHER,Batangas,Calapan,08/09/2026,07:00,10:00,,Tourist Bed Bunk,680,0,50,regular,1
Starlite,ferry,ARCHER,Batangas,Calapan,08/09/2026,09:00,12:00,,Reclining Seat,680,0,50,regular,0
Starlite,ferry,ARCHER,Batangas,Calapan,08/09/2026,09:00,12:00,,Economy Bed Bunk,680,0,50,regular,1
Starlite,ferry,ARCHER,Batangas,Calapan,08/09/2026,09:00,12:00,,Tourist Bed Bunk,680,0,50,regular,1
Starlite,ferry,ARCHER,Batangas,Calapan,08/09/2026,11:00,14:00,,Reclining Seat,680,0,50,regular,0
Starlite,ferry,ARCHER,Batangas,Calapan,08/09/2026,11:00,14:00,,Economy Bed Bunk,680,0,50,regular,1
Starlite,ferry,ARCHER,Batangas,Calapan,08/09/2026,11:00,14:00,,Tourist Bed Bunk,680,0,50,regular,1
Starlite,ferry,ARCHER,Batangas,Calapan,08/09/2026,13:00,16:00,,Reclining Seat,680,0,50,regular,0
Starlite,ferry,ARCHER,Batangas,Calapan,08/09/2026,13:00,16:00,,Economy Bed Bunk,680,0,50,regular,1
Starlite,ferry,ARCHER,Batangas,Calapan,08/09/2026,13:00,16:00,,Tourist Bed Bunk,680,0,50,regular,1
Starlite,ferry,ARCHER,Batangas,Calapan,08/09/2026,15:00,18:00,,Reclining Seat,680,0,50,regular,0
Starlite,ferry,ARCHER,Batangas,Calapan,08/09/2026,15:00,18:00,,Economy Bed Bunk,680,0,50,regular,1
Starlite,ferry,ARCHER,Batangas,Calapan,08/09/2026,15:00,18:00,,Tourist Bed Bunk,680,0,50,regular,1
Starlite,ferry,ARCHER,Batangas,Calapan,08/09/2026,17:00,20:00,,Reclining Seat,680,0,50,regular,0
Starlite,ferry,ARCHER,Batangas,Calapan,08/09/2026,17:00,20:00,,Economy Bed Bunk,680,0,50,regular,1
Starlite,ferry,ARCHER,Batangas,Calapan,08/09/2026,17:00,20:00,,Tourist Bed Bunk,680,0,50,regular,1
Starlite,ferry,ARCHER,Batangas,Calapan,08/09/2026,19:00,22:00,,Reclining Seat,680,0,50,regular,0
Starlite,ferry,ARCHER,Batangas,Calapan,08/09/2026,19:00,22:00,,Economy Bed Bunk,680,0,50,regular,1
Starlite,ferry,ARCHER,Batangas,Calapan,08/09/2026,19:00,22:00,,Tourist Bed Bunk,680,0,50,regular,1
Starlite,ferry,ARCHER,Batangas,Calapan,08/09/2026,21:00,00:00,,Reclining Seat,680,0,50,regular,0
Starlite,ferry,ARCHER,Batangas,Calapan,08/09/2026,21:00,00:00,,Economy Bed Bunk,680,0,50,regular,1
Starlite,ferry,ARCHER,Batangas,Calapan,08/09/2026,21:00,00:00,,Tourist Bed Bunk,680,0,50,regular,1
Starlite,ferry,ARCHER,Batangas,Calapan,08/09/2026,23:00,02:00,,Reclining Seat,680,0,50,regular,0
Starlite,ferry,ARCHER,Batangas,Calapan,08/09/2026,23:00,02:00,,Economy Bed Bunk,680,0,50,regular,1
Starlite,ferry,ARCHER,Batangas,Calapan,08/09/2026,23:00,02:00,,Tourist Bed Bunk,680,0,50,regular,1
Starlite,ferry,ARCHER,Batangas,Calapan,09/09/2026,01:00,04:00,,Reclining Seat,680,0,50,regular,0
Starlite,ferry,ARCHER,Batangas,Calapan,09/09/2026,01:00,04:00,,Economy Bed Bunk,680,0,50,regular,1
Starlite,ferry,ARCHER,Batangas,Calapan,09/09/2026,01:00,04:00,,Tourist Bed Bunk,680,0,50,regular,1
Starlite,ferry,ARCHER,Batangas,Calapan,09/09/2026,03:00,06:00,,Reclining Seat,680,0,50,regular,0
Starlite,ferry,ARCHER,Batangas,Calapan,09/09/2026,03:00,06:00,,Economy Bed Bunk,680,0,50,regular,1
Starlite,ferry,ARCHER,Batangas,Calapan,09/09/2026,03:00,06:00,,Tourist Bed Bunk,680,0,50,regular,1
Starlite,ferry,ARCHER,Batangas,Calapan,09/09/2026,05:00,08:00,,Reclining Seat,680,0,50,regular,0
Starlite,ferry,ARCHER,Batangas,Calapan,09/09/2026,05:00,08:00,,Economy Bed Bunk,680,0,50,regular,1
Starlite,ferry,ARCHER,Batangas,Calapan,09/09/2026,05:00,08:00,,Tourist Bed Bunk,680,0,50,regular,1
Starlite,ferry,ARCHER,Batangas,Calapan,09/09/2026,07:00,10:00,,Reclining Seat,680,0,50,regular,0
Starlite,ferry,ARCHER,Batangas,Calapan,09/09/2026,07:00,10:00,,Economy Bed Bunk,680,0,50,regular,1
Starlite,ferry,ARCHER,Batangas,Calapan,09/09/2026,07:00,10:00,,Tourist Bed Bunk,680,0,50,regular,1
Starlite,ferry,ARCHER,Batangas,Calapan,09/09/2026,09:00,12:00,,Reclining Seat,680,0,50,regular,0
Starlite,ferry,ARCHER,Batangas,Calapan,09/09/2026,09:00,12:00,,Economy Bed Bunk,680,0,50,regular,1
Starlite,ferry,ARCHER,Batangas,Calapan,09/09/2026,09:00,12:00,,Tourist Bed Bunk,680,0,50,regular,1
Starlite,ferry,ARCHER,Batangas,Calapan,09/09/2026,11:00,14:00,,Reclining Seat,680,0,50,regular,0
Starlite,ferry,ARCHER,Batangas,Calapan,09/09/2026,11:00,14:00,,Economy Bed Bunk,680,0,50,regular,1
Starlite,ferry,ARCHER,Batangas,Calapan,09/09/2026,11:00,14:00,,Tourist Bed Bunk,680,0,50,regular,1
Starlite,ferry,ARCHER,Batangas,Calapan,09/09/2026,13:00,16:00,,Reclining Seat,680,0,50,regular,0
Starlite,ferry,ARCHER,Batangas,Calapan,09/09/2026,13:00,16:00,,Economy Bed Bunk,680,0,50,regular,1
Starlite,ferry,ARCHER,Batangas,Calapan,09/09/2026,13:00,16:00,,Tourist Bed Bunk,680,0,50,regular,1
Starlite,ferry,ARCHER,Batangas,Calapan,09/09/2026,15:00,18:00,,Reclining Seat,680,0,50,regular,0
Starlite,ferry,ARCHER,Batangas,Calapan,09/09/2026,15:00,18:00,,Economy Bed Bunk,680,0,50,regular,1
Starlite,ferry,ARCHER,Batangas,Calapan,09/09/2026,15:00,18:00,,Tourist Bed Bunk,680,0,50,regular,1
Starlite,ferry,ARCHER,Batangas,Calapan,09/09/2026,17:00,20:00,,Reclining Seat,680,0,50,regular,0
Starlite,ferry,ARCHER,Batangas,Calapan,09/09/2026,17:00,20:00,,Economy Bed Bunk,680,0,50,regular,1
Starlite,ferry,ARCHER,Batangas,Calapan,09/09/2026,17:00,20:00,,Tourist Bed Bunk,680,0,50,regular,1
Starlite,ferry,ARCHER,Batangas,Calapan,09/09/2026,19:00,22:00,,Reclining Seat,680,0,50,regular,0
Starlite,ferry,ARCHER,Batangas,Calapan,09/09/2026,19:00,22:00,,Economy Bed Bunk,680,0,50,regular,1
Starlite,ferry,ARCHER,Batangas,Calapan,09/09/2026,19:00,22:00,,Tourist Bed Bunk,680,0,50,regular,1
Starlite,ferry,ARCHER,Batangas,Calapan,09/09/2026,21:00,00:00,,Reclining Seat,680,0,50,regular,0
Starlite,ferry,ARCHER,Batangas,Calapan,09/09/2026,21:00,00:00,,Economy Bed Bunk,680,0,50,regular,1
Starlite,ferry,ARCHER,Batangas,Calapan,09/09/2026,21:00,00:00,,Tourist Bed Bunk,680,0,50,regular,1
Starlite,ferry,ARCHER,Batangas,Calapan,09/09/2026,23:00,02:00,,Reclining Seat,680,0,50,regular,0
Starlite,ferry,ARCHER,Batangas,Calapan,09/09/2026,23:00,02:00,,Economy Bed Bunk,680,0,50,regular,1
Starlite,ferry,ARCHER,Batangas,Calapan,09/09/2026,23:00,02:00,,Tourist Bed Bunk,680,0,50,regular,1
Starlite,ferry,ARCHER,Batangas,Calapan,10/09/2026,01:00,04:00,,Reclining Seat,680,0,50,regular,0
Starlite,ferry,ARCHER,Batangas,Calapan,10/09/2026,01:00,04:00,,Economy Bed Bunk,680,0,50,regular,1
Starlite,ferry,ARCHER,Batangas,Calapan,10/09/2026,01:00,04:00,,Tourist Bed Bunk,680,0,50,regular,1
Starlite,ferry,ARCHER,Batangas,Calapan,10/09/2026,03:00,06:00,,Reclining Seat,680,0,50,regular,0
Starlite,ferry,ARCHER,Batangas,Calapan,10/09/2026,03:00,06:00,,Economy Bed Bunk,680,0,50,regular,1
Starlite,ferry,ARCHER,Batangas,Calapan,10/09/2026,03:00,06:00,,Tourist Bed Bunk,680,0,50,regular,1
Starlite,ferry,ARCHER,Batangas,Calapan,10/09/2026,05:00,08:00,,Reclining Seat,680,0,50,regular,0
Starlite,ferry,ARCHER,Batangas,Calapan,10/09/2026,05:00,08:00,,Economy Bed Bunk,680,0,50,regular,1
Starlite,ferry,ARCHER,Batangas,Calapan,10/09/2026,05:00,08:00,,Tourist Bed Bunk,680,0,50,regular,1
Starlite,ferry,ARCHER,Batangas,Calapan,10/09/2026,07:00,10:00,,Reclining Seat,680,0,50,regular,0
Starlite,ferry,ARCHER,Batangas,Calapan,10/09/2026,07:00,10:00,,Economy Bed Bunk,680,0,50,regular,1
Starlite,ferry,ARCHER,Batangas,Calapan,10/09/2026,07:00,10:00,,Tourist Bed Bunk,680,0,50,regular,1
Starlite,ferry,ARCHER,Batangas,Calapan,10/09/2026,09:00,12:00,,Reclining Seat,680,0,50,regular,0
Starlite,ferry,ARCHER,Batangas,Calapan,10/09/2026,09:00,12:00,,Economy Bed Bunk,680,0,50,regular,1
Starlite,ferry,ARCHER,Batangas,Calapan,10/09/2026,09:00,12:00,,Tourist Bed Bunk,680,0,50,regular,1
Starlite,ferry,ARCHER,Batangas,Calapan,10/09/2026,11:00,14:00,,Reclining Seat,680,0,50,regular,0
Starlite,ferry,ARCHER,Batangas,Calapan,10/09/2026,11:00,14:00,,Economy Bed Bunk,680,0,50,regular,1
Starlite,ferry,ARCHER,Batangas,Calapan,10/09/2026,11:00,14:00,,Tourist Bed Bunk,680,0,50,regular,1
Starlite,ferry,ARCHER,Batangas,Calapan,10/09/2026,13:00,16:00,,Reclining Seat,680,0,50,regular,0
Starlite,ferry,ARCHER,Batangas,Calapan,10/09/2026,13:00,16:00,,Economy Bed Bunk,680,0,50,regular,1
Starlite,ferry,ARCHER,Batangas,Calapan,10/09/2026,13:00,16:00,,Tourist Bed Bunk,680,0,50,regular,1
Starlite,ferry,ARCHER,Batangas,Calapan,10/09/2026,15:00,18:00,,Reclining Seat,680,0,50,regular,0
Starlite,ferry,ARCHER,Batangas,Calapan,10/09/2026,15:00,18:00,,Economy Bed Bunk,680,0,50,regular,1
Starlite,ferry,ARCHER,Batangas,Calapan,10/09/2026,15:00,18:00,,Tourist Bed Bunk,680,0,50,regular,1
Starlite,ferry,ARCHER,Batangas,Calapan,10/09/2026,17:00,20:00,,Reclining Seat,680,0,50,regular,0
Starlite,ferry,ARCHER,Batangas,Calapan,10/09/2026,17:00,20:00,,Economy Bed Bunk,680,0,50,regular,1
Starlite,ferry,ARCHER,Batangas,Calapan,10/09/2026,17:00,20:00,,Tourist Bed Bunk,680,0,50,regular,1
Starlite,ferry,ARCHER,Batangas,Calapan,10/09/2026,19:00,22:00,,Reclining Seat,680,0,50,regular,0
Starlite,ferry,ARCHER,Batangas,Calapan,10/09/2026,19:00,22:00,,Economy Bed Bunk,680,0,50,regular,1
Starlite,ferry,ARCHER,Batangas,Calapan,10/09/2026,19:00,22:00,,Tourist Bed Bunk,680,0,50,regular,1
Starlite,ferry,ARCHER,Batangas,Calapan,10/09/2026,21:00,00:00,,Reclining Seat,680,0,50,regular,0
Starlite,ferry,ARCHER,Batangas,Calapan,10/09/2026,21:00,00:00,,Economy Bed Bunk,680,0,50,regular,1
Starlite,ferry,ARCHER,Batangas,Calapan,10/09/2026,21:00,00:00,,Tourist Bed Bunk,680,0,50,regular,1
Starlite,ferry,ARCHER,Batangas,Calapan,10/09/2026,23:00,02:00,,Reclining Seat,680,0,50,regular,0
Starlite,ferry,ARCHER,Batangas,Calapan,10/09/2026,23:00,02:00,,Economy Bed Bunk,680,0,50,regular,1
Starlite,ferry,ARCHER,Batangas,Calapan,10/09/2026,23:00,02:00,,Tourist Bed Bunk,680,0,50,regular,1
Starlite,ferry,ARCHER,Batangas,Calapan,11/09/2026,01:00,04:00,,Reclining Seat,680,0,50,regular,0
Starlite,ferry,ARCHER,Batangas,Calapan,11/09/2026,01:00,04:00,,Economy Bed Bunk,680,0,50,regular,1
Starlite,ferry,ARCHER,Batangas,Calapan,11/09/2026,01:00,04:00,,Tourist Bed Bunk,680,0,50,regular,1
Starlite,ferry,ARCHER,Batangas,Calapan,11/09/2026,03:00,06:00,,Reclining Seat,680,0,50,regular,0
Starlite,ferry,ARCHER,Batangas,Calapan,11/09/2026,03:00,06:00,,Economy Bed Bunk,680,0,50,regular,1
Starlite,ferry,ARCHER,Batangas,Calapan,11/09/2026,03:00,06:00,,Tourist Bed Bunk,680,0,50,regular,1
Starlite,ferry,ARCHER,Batangas,Calapan,11/09/2026,05:00,08:00,,Reclining Seat,680,0,50,regular,0
Starlite,ferry,ARCHER,Batangas,Calapan,11/09/2026,05:00,08:00,,Economy Bed Bunk,680,0,50,regular,1
Starlite,ferry,ARCHER,Batangas,Calapan,11/09/2026,05:00,08:00,,Tourist Bed Bunk,680,0,50,regular,1
Starlite,ferry,ARCHER,Batangas,Calapan,11/09/2026,07:00,10:00,,Reclining Seat,680,0,50,regular,0
Starlite,ferry,ARCHER,Batangas,Calapan,11/09/2026,07:00,10:00,,Economy Bed Bunk,680,0,50,regular,1
Starlite,ferry,ARCHER,Batangas,Calapan,11/09/2026,07:00,10:00,,Tourist Bed Bunk,680,0,50,regular,1
Starlite,ferry,ARCHER,Batangas,Calapan,11/09/2026,09:00,12:00,,Reclining Seat,680,0,50,regular,0
Starlite,ferry,ARCHER,Batangas,Calapan,11/09/2026,09:00,12:00,,Economy Bed Bunk,680,0,50,regular,1
Starlite,ferry,ARCHER,Batangas,Calapan,11/09/2026,09:00,12:00,,Tourist Bed Bunk,680,0,50,regular,1
Starlite,ferry,ARCHER,Batangas,Calapan,11/09/2026,11:00,14:00,,Reclining Seat,680,0,50,regular,0
Starlite,ferry,ARCHER,Batangas,Calapan,11/09/2026,11:00,14:00,,Economy Bed Bunk,680,0,50,regular,1
Starlite,ferry,ARCHER,Batangas,Calapan,11/09/2026,11:00,14:00,,Tourist Bed Bunk,680,0,50,regular,1
Starlite,ferry,ARCHER,Batangas,Calapan,11/09/2026,13:00,16:00,,Reclining Seat,680,0,50,regular,0
Starlite,ferry,ARCHER,Batangas,Calapan,11/09/2026,13:00,16:00,,Economy Bed Bunk,680,0,50,regular,1
Starlite,ferry,ARCHER,Batangas,Calapan,11/09/2026,13:00,16:00,,Tourist Bed Bunk,680,0,50,regular,1
Starlite,ferry,ARCHER,Batangas,Calapan,11/09/2026,15:00,18:00,,Reclining Seat,680,0,50,regular,0
Starlite,ferry,ARCHER,Batangas,Calapan,11/09/2026,15:00,18:00,,Economy Bed Bunk,680,0,50,regular,1
Starlite,ferry,ARCHER,Batangas,Calapan,11/09/2026,15:00,18:00,,Tourist Bed Bunk,680,0,50,regular,1
Starlite,ferry,ARCHER,Batangas,Calapan,11/09/2026,17:00,20:00,,Reclining Seat,680,0,50,regular,0
Starlite,ferry,ARCHER,Batangas,Calapan,11/09/2026,17:00,20:00,,Economy Bed Bunk,680,0,50,regular,1
Starlite,ferry,ARCHER,Batangas,Calapan,11/09/2026,17:00,20:00,,Tourist Bed Bunk,680,0,50,regular,1
Starlite,ferry,ARCHER,Batangas,Calapan,11/09/2026,19:00,22:00,,Reclining Seat,680,0,50,regular,0
Starlite,ferry,ARCHER,Batangas,Calapan,11/09/2026,19:00,22:00,,Economy Bed Bunk,680,0,50,regular,1
Starlite,ferry,ARCHER,Batangas,Calapan,11/09/2026,19:00,22:00,,Tourist Bed Bunk,680,0,50,regular,1
Starlite,ferry,ARCHER,Batangas,Calapan,11/09/2026,21:00,00:00,,Reclining Seat,680,0,50,regular,0
Starlite,ferry,ARCHER,Batangas,Calapan,11/09/2026,21:00,00:00,,Economy Bed Bunk,680,0,50,regular,1
Starlite,ferry,ARCHER,Batangas,Calapan,11/09/2026,21:00,00:00,,Tourist Bed Bunk,680,0,50,regular,1
Starlite,ferry,ARCHER,Batangas,Calapan,11/09/2026,23:00,02:00,,Reclining Seat,680,0,50,regular,0
Starlite,ferry,ARCHER,Batangas,Calapan,11/09/2026,23:00,02:00,,Economy Bed Bunk,680,0,50,regular,1
Starlite,ferry,ARCHER,Batangas,Calapan,11/09/2026,23:00,02:00,,Tourist Bed Bunk,680,0,50,regular,1
Starlite,ferry,ARCHER,Batangas,Calapan,12/09/2026,01:00,04:00,,Reclining Seat,680,0,50,regular,0
Starlite,ferry,ARCHER,Batangas,Calapan,12/09/2026,01:00,04:00,,Economy Bed Bunk,680,0,50,regular,1
Starlite,ferry,ARCHER,Batangas,Calapan,12/09/2026,01:00,04:00,,Tourist Bed Bunk,680,0,50,regular,1
Starlite,ferry,ARCHER,Batangas,Calapan,12/09/2026,03:00,06:00,,Reclining Seat,680,0,50,regular,0
Starlite,ferry,ARCHER,Batangas,Calapan,12/09/2026,03:00,06:00,,Economy Bed Bunk,680,0,50,regular,1
Starlite,ferry,ARCHER,Batangas,Calapan,12/09/2026,03:00,06:00,,Tourist Bed Bunk,680,0,50,regular,1
Starlite,ferry,ARCHER,Batangas,Calapan,12/09/2026,05:00,08:00,,Reclining Seat,680,0,50,regular,0
Starlite,ferry,ARCHER,Batangas,Calapan,12/09/2026,05:00,08:00,,Economy Bed Bunk,680,0,50,regular,1
Starlite,ferry,ARCHER,Batangas,Calapan,12/09/2026,05:00,08:00,,Tourist Bed Bunk,680,0,50,regular,1
Starlite,ferry,ARCHER,Batangas,Calapan,12/09/2026,07:00,10:00,,Reclining Seat,680,0,50,regular,0
Starlite,ferry,ARCHER,Batangas,Calapan,12/09/2026,07:00,10:00,,Economy Bed Bunk,680,0,50,regular,1
Starlite,ferry,ARCHER,Batangas,Calapan,12/09/2026,07:00,10:00,,Tourist Bed Bunk,680,0,50,regular,1
Starlite,ferry,ARCHER,Batangas,Calapan,12/09/2026,09:00,12:00,,Reclining Seat,680,0,50,regular,0
Starlite,ferry,ARCHER,Batangas,Calapan,12/09/2026,09:00,12:00,,Economy Bed Bunk,680,0,50,regular,1
Starlite,ferry,ARCHER,Batangas,Calapan,12/09/2026,09:00,12:00,,Tourist Bed Bunk,680,0,50,regular,1
Starlite,ferry,ARCHER,Batangas,Calapan,12/09/2026,11:00,14:00,,Reclining Seat,680,0,50,regular,0
Starlite,ferry,ARCHER,Batangas,Calapan,12/09/2026,11:00,14:00,,Economy Bed Bunk,680,0,50,regular,1
Starlite,ferry,ARCHER,Batangas,Calapan,12/09/2026,11:00,14:00,,Tourist Bed Bunk,680,0,50,regular,1
Starlite,ferry,ARCHER,Batangas,Calapan,12/09/2026,13:00,16:00,,Reclining Seat,680,0,50,regular,0
Starlite,ferry,ARCHER,Batangas,Calapan,12/09/2026,13:00,16:00,,Economy Bed Bunk,680,0,50,regular,1
Starlite,ferry,ARCHER,Batangas,Calapan,12/09/2026,13:00,16:00,,Tourist Bed Bunk,680,0,50,regular,1
Starlite,ferry,ARCHER,Batangas,Calapan,12/09/2026,15:00,18:00,,Reclining Seat,680,0,50,regular,0
Starlite,ferry,ARCHER,Batangas,Calapan,12/09/2026,15:00,18:00,,Economy Bed Bunk,680,0,50,regular,1
Starlite,ferry,ARCHER,Batangas,Calapan,12/09/2026,15:00,18:00,,Tourist Bed Bunk,680,0,50,regular,1
Starlite,ferry,ARCHER,Batangas,Calapan,12/09/2026,17:00,20:00,,Reclining Seat,680,0,50,regular,0
Starlite,ferry,ARCHER,Batangas,Calapan,12/09/2026,17:00,20:00,,Economy Bed Bunk,680,0,50,regular,1
Starlite,ferry,ARCHER,Batangas,Calapan,12/09/2026,17:00,20:00,,Tourist Bed Bunk,680,0,50,regular,1
Starlite,ferry,ARCHER,Batangas,Calapan,12/09/2026,19:00,22:00,,Reclining Seat,680,0,50,regular,0
Starlite,ferry,ARCHER,Batangas,Calapan,12/09/2026,19:00,22:00,,Economy Bed Bunk,680,0,50,regular,1
Starlite,ferry,ARCHER,Batangas,Calapan,12/09/2026,19:00,22:00,,Tourist Bed Bunk,680,0,50,regular,1
Starlite,ferry,ARCHER,Batangas,Calapan,12/09/2026,21:00,00:00,,Reclining Seat,680,0,50,regular,0
Starlite,ferry,ARCHER,Batangas,Calapan,12/09/2026,21:00,00:00,,Economy Bed Bunk,680,0,50,regular,1
Starlite,ferry,ARCHER,Batangas,Calapan,12/09/2026,21:00,00:00,,Tourist Bed Bunk,680,0,50,regular,1
Starlite,ferry,ARCHER,Batangas,Calapan,12/09/2026,23:00,02:00,,Reclining Seat,680,0,50,regular,0
Starlite,ferry,ARCHER,Batangas,Calapan,12/09/2026,23:00,02:00,,Economy Bed Bunk,680,0,50,regular,1
Starlite,ferry,ARCHER,Batangas,Calapan,12/09/2026,23:00,02:00,,Tourist Bed Bunk,680,0,50,regular,1
Starlite,ferry,ANNAPOLIS,Calapan,Batangas,03/09/2026,01:00,04:00,,Reclining Seat,680,0,50,regular,0
Starlite,ferry,ANNAPOLIS,Calapan,Batangas,03/09/2026,01:00,04:00,,Economy Bed Bunk,680,0,50,regular,1
Starlite,ferry,ANNAPOLIS,Calapan,Batangas,03/09/2026,01:00,04:00,,Tourist Bed Bunk,680,0,50,regular,1
Starlite,ferry,ANNAPOLIS,Calapan,Batangas,03/09/2026,03:00,06:00,,Reclining Seat,680,0,50,regular,0
Starlite,ferry,ANNAPOLIS,Calapan,Batangas,03/09/2026,03:00,06:00,,Economy Bed Bunk,680,0,50,regular,1
Starlite,ferry,ANNAPOLIS,Calapan,Batangas,03/09/2026,03:00,06:00,,Tourist Bed Bunk,680,0,50,regular,1
Starlite,ferry,ANNAPOLIS,Calapan,Batangas,03/09/2026,05:00,08:00,,Reclining Seat,680,0,50,regular,0
Starlite,ferry,ANNAPOLIS,Calapan,Batangas,03/09/2026,05:00,08:00,,Economy Bed Bunk,680,0,50,regular,1
Starlite,ferry,ANNAPOLIS,Calapan,Batangas,03/09/2026,05:00,08:00,,Tourist Bed Bunk,680,0,50,regular,1
Starlite,ferry,ANNAPOLIS,Calapan,Batangas,03/09/2026,07:00,10:00,,Reclining Seat,680,0,50,regular,0
Starlite,ferry,ANNAPOLIS,Calapan,Batangas,03/09/2026,07:00,10:00,,Economy Bed Bunk,680,0,50,regular,1
Starlite,ferry,ANNAPOLIS,Calapan,Batangas,03/09/2026,07:00,10:00,,Tourist Bed Bunk,680,0,50,regular,1
Starlite,ferry,ANNAPOLIS,Calapan,Batangas,03/09/2026,09:00,12:00,,Reclining Seat,680,0,50,regular,0
Starlite,ferry,ANNAPOLIS,Calapan,Batangas,03/09/2026,09:00,12:00,,Economy Bed Bunk,680,0,50,regular,1
Starlite,ferry,ANNAPOLIS,Calapan,Batangas,03/09/2026,09:00,12:00,,Tourist Bed Bunk,680,0,50,regular,1
Starlite,ferry,ANNAPOLIS,Calapan,Batangas,03/09/2026,11:00,14:00,,Reclining Seat,680,0,50,regular,0
Starlite,ferry,ANNAPOLIS,Calapan,Batangas,03/09/2026,11:00,14:00,,Economy Bed Bunk,680,0,50,regular,1
Starlite,ferry,ANNAPOLIS,Calapan,Batangas,03/09/2026,11:00,14:00,,Tourist Bed Bunk,680,0,50,regular,1
Starlite,ferry,ANNAPOLIS,Calapan,Batangas,03/09/2026,13:00,16:00,,Reclining Seat,680,0,50,regular,0
Starlite,ferry,ANNAPOLIS,Calapan,Batangas,03/09/2026,13:00,16:00,,Economy Bed Bunk,680,0,50,regular,1
Starlite,ferry,ANNAPOLIS,Calapan,Batangas,03/09/2026,13:00,16:00,,Tourist Bed Bunk,680,0,50,regular,1
Starlite,ferry,ANNAPOLIS,Calapan,Batangas,03/09/2026,15:00,18:00,,Reclining Seat,680,0,50,regular,0
Starlite,ferry,ANNAPOLIS,Calapan,Batangas,03/09/2026,15:00,18:00,,Economy Bed Bunk,680,0,50,regular,1
Starlite,ferry,ANNAPOLIS,Calapan,Batangas,03/09/2026,15:00,18:00,,Tourist Bed Bunk,680,0,50,regular,1
Starlite,ferry,ANNAPOLIS,Calapan,Batangas,03/09/2026,17:00,20:00,,Reclining Seat,680,0,50,regular,0
Starlite,ferry,ANNAPOLIS,Calapan,Batangas,03/09/2026,17:00,20:00,,Economy Bed Bunk,680,0,50,regular,1
Starlite,ferry,ANNAPOLIS,Calapan,Batangas,03/09/2026,17:00,20:00,,Tourist Bed Bunk,680,0,50,regular,1
Starlite,ferry,ANNAPOLIS,Calapan,Batangas,03/09/2026,19:00,22:00,,Reclining Seat,680,0,50,regular,0
Starlite,ferry,ANNAPOLIS,Calapan,Batangas,03/09/2026,19:00,22:00,,Economy Bed Bunk,680,0,50,regular,1
Starlite,ferry,ANNAPOLIS,Calapan,Batangas,03/09/2026,19:00,22:00,,Tourist Bed Bunk,680,0,50,regular,1
Starlite,ferry,ANNAPOLIS,Calapan,Batangas,03/09/2026,21:00,00:00,,Reclining Seat,680,0,50,regular,0
Starlite,ferry,ANNAPOLIS,Calapan,Batangas,03/09/2026,21:00,00:00,,Economy Bed Bunk,680,0,50,regular,1
Starlite,ferry,ANNAPOLIS,Calapan,Batangas,03/09/2026,21:00,00:00,,Tourist Bed Bunk,680,0,50,regular,1
Starlite,ferry,ANNAPOLIS,Calapan,Batangas,03/09/2026,23:00,02:00,,Reclining Seat,680,0,50,regular,0
Starlite,ferry,ANNAPOLIS,Calapan,Batangas,03/09/2026,23:00,02:00,,Economy Bed Bunk,680,0,50,regular,1
Starlite,ferry,ANNAPOLIS,Calapan,Batangas,03/09/2026,23:00,02:00,,Tourist Bed Bunk,680,0,50,regular,1
Starlite,ferry,ANNAPOLIS,Calapan,Batangas,04/09/2026,01:00,04:00,,Reclining Seat,680,0,50,regular,0
Starlite,ferry,ANNAPOLIS,Calapan,Batangas,04/09/2026,01:00,04:00,,Economy Bed Bunk,680,0,50,regular,1
Starlite,ferry,ANNAPOLIS,Calapan,Batangas,04/09/2026,01:00,04:00,,Tourist Bed Bunk,680,0,50,regular,1
Starlite,ferry,ANNAPOLIS,Calapan,Batangas,04/09/2026,03:00,06:00,,Reclining Seat,680,0,50,regular,0
Starlite,ferry,ANNAPOLIS,Calapan,Batangas,04/09/2026,03:00,06:00,,Economy Bed Bunk,680,0,50,regular,1
Starlite,ferry,ANNAPOLIS,Calapan,Batangas,04/09/2026,03:00,06:00,,Tourist Bed Bunk,680,0,50,regular,1
Starlite,ferry,ANNAPOLIS,Calapan,Batangas,04/09/2026,05:00,08:00,,Reclining Seat,680,0,50,regular,0
Starlite,ferry,ANNAPOLIS,Calapan,Batangas,04/09/2026,05:00,08:00,,Economy Bed Bunk,680,0,50,regular,1
Starlite,ferry,ANNAPOLIS,Calapan,Batangas,04/09/2026,05:00,08:00,,Tourist Bed Bunk,680,0,50,regular,1
Starlite,ferry,ANNAPOLIS,Calapan,Batangas,04/09/2026,07:00,10:00,,Reclining Seat,680,0,50,regular,0
Starlite,ferry,ANNAPOLIS,Calapan,Batangas,04/09/2026,07:00,10:00,,Economy Bed Bunk,680,0,50,regular,1
Starlite,ferry,ANNAPOLIS,Calapan,Batangas,04/09/2026,07:00,10:00,,Tourist Bed Bunk,680,0,50,regular,1
Starlite,ferry,ANNAPOLIS,Calapan,Batangas,04/09/2026,09:00,12:00,,Reclining Seat,680,0,50,regular,0
Starlite,ferry,ANNAPOLIS,Calapan,Batangas,04/09/2026,09:00,12:00,,Economy Bed Bunk,680,0,50,regular,1
Starlite,ferry,ANNAPOLIS,Calapan,Batangas,04/09/2026,09:00,12:00,,Tourist Bed Bunk,680,0,50,regular,1
Starlite,ferry,ANNAPOLIS,Calapan,Batangas,04/09/2026,11:00,14:00,,Reclining Seat,680,0,50,regular,0
Starlite,ferry,ANNAPOLIS,Calapan,Batangas,04/09/2026,11:00,14:00,,Economy Bed Bunk,680,0,50,regular,1
Starlite,ferry,ANNAPOLIS,Calapan,Batangas,04/09/2026,11:00,14:00,,Tourist Bed Bunk,680,0,50,regular,1
Starlite,ferry,ANNAPOLIS,Calapan,Batangas,04/09/2026,13:00,16:00,,Reclining Seat,680,0,50,regular,0
Starlite,ferry,ANNAPOLIS,Calapan,Batangas,04/09/2026,13:00,16:00,,Economy Bed Bunk,680,0,50,regular,1
Starlite,ferry,ANNAPOLIS,Calapan,Batangas,04/09/2026,13:00,16:00,,Tourist Bed Bunk,680,0,50,regular,1
Starlite,ferry,ANNAPOLIS,Calapan,Batangas,04/09/2026,15:00,18:00,,Reclining Seat,680,0,50,regular,0
Starlite,ferry,ANNAPOLIS,Calapan,Batangas,04/09/2026,15:00,18:00,,Economy Bed Bunk,680,0,50,regular,1
Starlite,ferry,ANNAPOLIS,Calapan,Batangas,04/09/2026,15:00,18:00,,Tourist Bed Bunk,680,0,50,regular,1
Starlite,ferry,ANNAPOLIS,Calapan,Batangas,04/09/2026,17:00,20:00,,Reclining Seat,680,0,50,regular,0
Starlite,ferry,ANNAPOLIS,Calapan,Batangas,04/09/2026,17:00,20:00,,Economy Bed Bunk,680,0,50,regular,1
Starlite,ferry,ANNAPOLIS,Calapan,Batangas,04/09/2026,17:00,20:00,,Tourist Bed Bunk,680,0,50,regular,1
Starlite,ferry,ANNAPOLIS,Calapan,Batangas,04/09/2026,19:00,22:00,,Reclining Seat,680,0,50,regular,0
Starlite,ferry,ANNAPOLIS,Calapan,Batangas,04/09/2026,19:00,22:00,,Economy Bed Bunk,680,0,50,regular,1
Starlite,ferry,ANNAPOLIS,Calapan,Batangas,04/09/2026,19:00,22:00,,Tourist Bed Bunk,680,0,50,regular,1
Starlite,ferry,ANNAPOLIS,Calapan,Batangas,04/09/2026,21:00,00:00,,Reclining Seat,680,0,50,regular,0
Starlite,ferry,ANNAPOLIS,Calapan,Batangas,04/09/2026,21:00,00:00,,Economy Bed Bunk,680,0,50,regular,1
Starlite,ferry,ANNAPOLIS,Calapan,Batangas,04/09/2026,21:00,00:00,,Tourist Bed Bunk,680,0,50,regular,1
Starlite,ferry,ANNAPOLIS,Calapan,Batangas,04/09/2026,23:00,02:00,,Reclining Seat,680,0,50,regular,0
Starlite,ferry,ANNAPOLIS,Calapan,Batangas,04/09/2026,23:00,02:00,,Economy Bed Bunk,680,0,50,regular,1
Starlite,ferry,ANNAPOLIS,Calapan,Batangas,04/09/2026,23:00,02:00,,Tourist Bed Bunk,680,0,50,regular,1
Starlite,ferry,ANNAPOLIS,Calapan,Batangas,05/09/2026,01:00,04:00,,Reclining Seat,680,0,50,regular,0
Starlite,ferry,ANNAPOLIS,Calapan,Batangas,05/09/2026,01:00,04:00,,Economy Bed Bunk,680,0,50,regular,1
Starlite,ferry,ANNAPOLIS,Calapan,Batangas,05/09/2026,01:00,04:00,,Tourist Bed Bunk,680,0,50,regular,1
Starlite,ferry,ANNAPOLIS,Calapan,Batangas,05/09/2026,03:00,06:00,,Reclining Seat,680,0,50,regular,0
Starlite,ferry,ANNAPOLIS,Calapan,Batangas,05/09/2026,03:00,06:00,,Economy Bed Bunk,680,0,50,regular,1
Starlite,ferry,ANNAPOLIS,Calapan,Batangas,05/09/2026,03:00,06:00,,Tourist Bed Bunk,680,0,50,regular,1
Starlite,ferry,ANNAPOLIS,Calapan,Batangas,05/09/2026,05:00,08:00,,Reclining Seat,680,0,50,regular,0
Starlite,ferry,ANNAPOLIS,Calapan,Batangas,05/09/2026,05:00,08:00,,Economy Bed Bunk,680,0,50,regular,1
Starlite,ferry,ANNAPOLIS,Calapan,Batangas,05/09/2026,05:00,08:00,,Tourist Bed Bunk,680,0,50,regular,1
Starlite,ferry,ANNAPOLIS,Calapan,Batangas,05/09/2026,07:00,10:00,,Reclining Seat,680,0,50,regular,0
Starlite,ferry,ANNAPOLIS,Calapan,Batangas,05/09/2026,07:00,10:00,,Economy Bed Bunk,680,0,50,regular,1
Starlite,ferry,ANNAPOLIS,Calapan,Batangas,05/09/2026,07:00,10:00,,Tourist Bed Bunk,680,0,50,regular,1
Starlite,ferry,ANNAPOLIS,Calapan,Batangas,05/09/2026,09:00,12:00,,Reclining Seat,680,0,50,regular,0
Starlite,ferry,ANNAPOLIS,Calapan,Batangas,05/09/2026,09:00,12:00,,Economy Bed Bunk,680,0,50,regular,1
Starlite,ferry,ANNAPOLIS,Calapan,Batangas,05/09/2026,09:00,12:00,,Tourist Bed Bunk,680,0,50,regular,1
Starlite,ferry,ANNAPOLIS,Calapan,Batangas,05/09/2026,11:00,14:00,,Reclining Seat,680,0,50,regular,0
Starlite,ferry,ANNAPOLIS,Calapan,Batangas,05/09/2026,11:00,14:00,,Economy Bed Bunk,680,0,50,regular,1
Starlite,ferry,ANNAPOLIS,Calapan,Batangas,05/09/2026,11:00,14:00,,Tourist Bed Bunk,680,0,50,regular,1
Starlite,ferry,ANNAPOLIS,Calapan,Batangas,05/09/2026,13:00,16:00,,Reclining Seat,680,0,50,regular,0
Starlite,ferry,ANNAPOLIS,Calapan,Batangas,05/09/2026,13:00,16:00,,Economy Bed Bunk,680,0,50,regular,1
Starlite,ferry,ANNAPOLIS,Calapan,Batangas,05/09/2026,13:00,16:00,,Tourist Bed Bunk,680,0,50,regular,1
Starlite,ferry,ANNAPOLIS,Calapan,Batangas,05/09/2026,15:00,18:00,,Reclining Seat,680,0,50,regular,0
Starlite,ferry,ANNAPOLIS,Calapan,Batangas,05/09/2026,15:00,18:00,,Economy Bed Bunk,680,0,50,regular,1
Starlite,ferry,ANNAPOLIS,Calapan,Batangas,05/09/2026,15:00,18:00,,Tourist Bed Bunk,680,0,50,regular,1
Starlite,ferry,ANNAPOLIS,Calapan,Batangas,05/09/2026,17:00,20:00,,Reclining Seat,680,0,50,regular,0
Starlite,ferry,ANNAPOLIS,Calapan,Batangas,05/09/2026,17:00,20:00,,Economy Bed Bunk,680,0,50,regular,1
Starlite,ferry,ANNAPOLIS,Calapan,Batangas,05/09/2026,17:00,20:00,,Tourist Bed Bunk,680,0,50,regular,1
Starlite,ferry,ANNAPOLIS,Calapan,Batangas,05/09/2026,19:00,22:00,,Reclining Seat,680,0,50,regular,0
Starlite,ferry,ANNAPOLIS,Calapan,Batangas,05/09/2026,19:00,22:00,,Economy Bed Bunk,680,0,50,regular,1
Starlite,ferry,ANNAPOLIS,Calapan,Batangas,05/09/2026,19:00,22:00,,Tourist Bed Bunk,680,0,50,regular,1
Starlite,ferry,ANNAPOLIS,Calapan,Batangas,05/09/2026,21:00,00:00,,Reclining Seat,680,0,50,regular,0
Starlite,ferry,ANNAPOLIS,Calapan,Batangas,05/09/2026,21:00,00:00,,Economy Bed Bunk,680,0,50,regular,1
Starlite,ferry,ANNAPOLIS,Calapan,Batangas,05/09/2026,21:00,00:00,,Tourist Bed Bunk,680,0,50,regular,1
Starlite,ferry,ANNAPOLIS,Calapan,Batangas,05/09/2026,23:00,02:00,,Reclining Seat,680,0,50,regular,0
Starlite,ferry,ANNAPOLIS,Calapan,Batangas,05/09/2026,23:00,02:00,,Economy Bed Bunk,680,0,50,regular,1
Starlite,ferry,ANNAPOLIS,Calapan,Batangas,05/09/2026,23:00,02:00,,Tourist Bed Bunk,680,0,50,regular,1
Starlite,ferry,ANNAPOLIS,Calapan,Batangas,06/09/2026,01:00,04:00,,Reclining Seat,680,0,50,regular,0
Starlite,ferry,ANNAPOLIS,Calapan,Batangas,06/09/2026,01:00,04:00,,Economy Bed Bunk,680,0,50,regular,1
Starlite,ferry,ANNAPOLIS,Calapan,Batangas,06/09/2026,01:00,04:00,,Tourist Bed Bunk,680,0,50,regular,1
Starlite,ferry,ANNAPOLIS,Calapan,Batangas,06/09/2026,03:00,06:00,,Reclining Seat,680,0,50,regular,0
Starlite,ferry,ANNAPOLIS,Calapan,Batangas,06/09/2026,03:00,06:00,,Economy Bed Bunk,680,0,50,regular,1
Starlite,ferry,ANNAPOLIS,Calapan,Batangas,06/09/2026,03:00,06:00,,Tourist Bed Bunk,680,0,50,regular,1
Starlite,ferry,ANNAPOLIS,Calapan,Batangas,06/09/2026,05:00,08:00,,Reclining Seat,680,0,50,regular,0
Starlite,ferry,ANNAPOLIS,Calapan,Batangas,06/09/2026,05:00,08:00,,Economy Bed Bunk,680,0,50,regular,1
Starlite,ferry,ANNAPOLIS,Calapan,Batangas,06/09/2026,05:00,08:00,,Tourist Bed Bunk,680,0,50,regular,1
Starlite,ferry,ANNAPOLIS,Calapan,Batangas,06/09/2026,07:00,10:00,,Reclining Seat,680,0,50,regular,0
Starlite,ferry,ANNAPOLIS,Calapan,Batangas,06/09/2026,07:00,10:00,,Economy Bed Bunk,680,0,50,regular,1
Starlite,ferry,ANNAPOLIS,Calapan,Batangas,06/09/2026,07:00,10:00,,Tourist Bed Bunk,680,0,50,regular,1
Starlite,ferry,ANNAPOLIS,Calapan,Batangas,06/09/2026,09:00,12:00,,Reclining Seat,680,0,50,regular,0
Starlite,ferry,ANNAPOLIS,Calapan,Batangas,06/09/2026,09:00,12:00,,Economy Bed Bunk,680,0,50,regular,1
Starlite,ferry,ANNAPOLIS,Calapan,Batangas,06/09/2026,09:00,12:00,,Tourist Bed Bunk,680,0,50,regular,1
Starlite,ferry,ANNAPOLIS,Calapan,Batangas,06/09/2026,11:00,14:00,,Reclining Seat,680,0,50,regular,0
Starlite,ferry,ANNAPOLIS,Calapan,Batangas,06/09/2026,11:00,14:00,,Economy Bed Bunk,680,0,50,regular,1
Starlite,ferry,ANNAPOLIS,Calapan,Batangas,06/09/2026,11:00,14:00,,Tourist Bed Bunk,680,0,50,regular,1
Starlite,ferry,ANNAPOLIS,Calapan,Batangas,06/09/2026,13:00,16:00,,Reclining Seat,680,0,50,regular,0
Starlite,ferry,ANNAPOLIS,Calapan,Batangas,06/09/2026,13:00,16:00,,Economy Bed Bunk,680,0,50,regular,1
Starlite,ferry,ANNAPOLIS,Calapan,Batangas,06/09/2026,13:00,16:00,,Tourist Bed Bunk,680,0,50,regular,1
Starlite,ferry,ANNAPOLIS,Calapan,Batangas,06/09/2026,15:00,18:00,,Reclining Seat,680,0,50,regular,0
Starlite,ferry,ANNAPOLIS,Calapan,Batangas,06/09/2026,15:00,18:00,,Economy Bed Bunk,680,0,50,regular,1
Starlite,ferry,ANNAPOLIS,Calapan,Batangas,06/09/2026,15:00,18:00,,Tourist Bed Bunk,680,0,50,regular,1
Starlite,ferry,ANNAPOLIS,Calapan,Batangas,06/09/2026,17:00,20:00,,Reclining Seat,680,0,50,regular,0
Starlite,ferry,ANNAPOLIS,Calapan,Batangas,06/09/2026,17:00,20:00,,Economy Bed Bunk,680,0,50,regular,1
Starlite,ferry,ANNAPOLIS,Calapan,Batangas,06/09/2026,17:00,20:00,,Tourist Bed Bunk,680,0,50,regular,1
Starlite,ferry,ANNAPOLIS,Calapan,Batangas,06/09/2026,19:00,22:00,,Reclining Seat,680,0,50,regular,0
Starlite,ferry,ANNAPOLIS,Calapan,Batangas,06/09/2026,19:00,22:00,,Economy Bed Bunk,680,0,50,regular,1
Starlite,ferry,ANNAPOLIS,Calapan,Batangas,06/09/2026,19:00,22:00,,Tourist Bed Bunk,680,0,50,regular,1
Starlite,ferry,ANNAPOLIS,Calapan,Batangas,06/09/2026,21:00,00:00,,Reclining Seat,680,0,50,regular,0
Starlite,ferry,ANNAPOLIS,Calapan,Batangas,06/09/2026,21:00,00:00,,Economy Bed Bunk,680,0,50,regular,1
Starlite,ferry,ANNAPOLIS,Calapan,Batangas,06/09/2026,21:00,00:00,,Tourist Bed Bunk,680,0,50,regular,1
Starlite,ferry,ANNAPOLIS,Calapan,Batangas,06/09/2026,23:00,02:00,,Reclining Seat,680,0,50,regular,0
Starlite,ferry,ANNAPOLIS,Calapan,Batangas,06/09/2026,23:00,02:00,,Economy Bed Bunk,680,0,50,regular,1
Starlite,ferry,ANNAPOLIS,Calapan,Batangas,06/09/2026,23:00,02:00,,Tourist Bed Bunk,680,0,50,regular,1
Starlite,ferry,ANNAPOLIS,Calapan,Batangas,07/09/2026,01:00,04:00,,Reclining Seat,680,0,50,regular,0
Starlite,ferry,ANNAPOLIS,Calapan,Batangas,07/09/2026,01:00,04:00,,Economy Bed Bunk,680,0,50,regular,1
Starlite,ferry,ANNAPOLIS,Calapan,Batangas,07/09/2026,01:00,04:00,,Tourist Bed Bunk,680,0,50,regular,1
Starlite,ferry,ANNAPOLIS,Calapan,Batangas,07/09/2026,03:00,06:00,,Reclining Seat,680,0,50,regular,0
Starlite,ferry,ANNAPOLIS,Calapan,Batangas,07/09/2026,03:00,06:00,,Economy Bed Bunk,680,0,50,regular,1
Starlite,ferry,ANNAPOLIS,Calapan,Batangas,07/09/2026,03:00,06:00,,Tourist Bed Bunk,680,0,50,regular,1
Starlite,ferry,ANNAPOLIS,Calapan,Batangas,07/09/2026,05:00,08:00,,Reclining Seat,680,0,50,regular,0
Starlite,ferry,ANNAPOLIS,Calapan,Batangas,07/09/2026,05:00,08:00,,Economy Bed Bunk,680,0,50,regular,1
Starlite,ferry,ANNAPOLIS,Calapan,Batangas,07/09/2026,05:00,08:00,,Tourist Bed Bunk,680,0,50,regular,1
Starlite,ferry,ANNAPOLIS,Calapan,Batangas,07/09/2026,07:00,10:00,,Reclining Seat,680,0,50,regular,0
Starlite,ferry,ANNAPOLIS,Calapan,Batangas,07/09/2026,07:00,10:00,,Economy Bed Bunk,680,0,50,regular,1
Starlite,ferry,ANNAPOLIS,Calapan,Batangas,07/09/2026,07:00,10:00,,Tourist Bed Bunk,680,0,50,regular,1
Starlite,ferry,ANNAPOLIS,Calapan,Batangas,07/09/2026,09:00,12:00,,Reclining Seat,680,0,50,regular,0
Starlite,ferry,ANNAPOLIS,Calapan,Batangas,07/09/2026,09:00,12:00,,Economy Bed Bunk,680,0,50,regular,1
Starlite,ferry,ANNAPOLIS,Calapan,Batangas,07/09/2026,09:00,12:00,,Tourist Bed Bunk,680,0,50,regular,1
Starlite,ferry,ANNAPOLIS,Calapan,Batangas,07/09/2026,11:00,14:00,,Reclining Seat,680,0,50,regular,0
Starlite,ferry,ANNAPOLIS,Calapan,Batangas,07/09/2026,11:00,14:00,,Economy Bed Bunk,680,0,50,regular,1
Starlite,ferry,ANNAPOLIS,Calapan,Batangas,07/09/2026,11:00,14:00,,Tourist Bed Bunk,680,0,50,regular,1
Starlite,ferry,ANNAPOLIS,Calapan,Batangas,07/09/2026,13:00,16:00,,Reclining Seat,680,0,50,regular,0
Starlite,ferry,ANNAPOLIS,Calapan,Batangas,07/09/2026,13:00,16:00,,Economy Bed Bunk,680,0,50,regular,1
Starlite,ferry,ANNAPOLIS,Calapan,Batangas,07/09/2026,13:00,16:00,,Tourist Bed Bunk,680,0,50,regular,1
Starlite,ferry,ANNAPOLIS,Calapan,Batangas,07/09/2026,15:00,18:00,,Reclining Seat,680,0,50,regular,0
Starlite,ferry,ANNAPOLIS,Calapan,Batangas,07/09/2026,15:00,18:00,,Economy Bed Bunk,680,0,50,regular,1
Starlite,ferry,ANNAPOLIS,Calapan,Batangas,07/09/2026,15:00,18:00,,Tourist Bed Bunk,680,0,50,regular,1
Starlite,ferry,ANNAPOLIS,Calapan,Batangas,07/09/2026,17:00,20:00,,Reclining Seat,680,0,50,regular,0
Starlite,ferry,ANNAPOLIS,Calapan,Batangas,07/09/2026,17:00,20:00,,Economy Bed Bunk,680,0,50,regular,1
Starlite,ferry,ANNAPOLIS,Calapan,Batangas,07/09/2026,17:00,20:00,,Tourist Bed Bunk,680,0,50,regular,1
Starlite,ferry,ANNAPOLIS,Calapan,Batangas,07/09/2026,19:00,22:00,,Reclining Seat,680,0,50,regular,0
Starlite,ferry,ANNAPOLIS,Calapan,Batangas,07/09/2026,19:00,22:00,,Economy Bed Bunk,680,0,50,regular,1
Starlite,ferry,ANNAPOLIS,Calapan,Batangas,07/09/2026,19:00,22:00,,Tourist Bed Bunk,680,0,50,regular,1
Starlite,ferry,ANNAPOLIS,Calapan,Batangas,07/09/2026,21:00,00:00,,Reclining Seat,680,0,50,regular,0
Starlite,ferry,ANNAPOLIS,Calapan,Batangas,07/09/2026,21:00,00:00,,Economy Bed Bunk,680,0,50,regular,1
Starlite,ferry,ANNAPOLIS,Calapan,Batangas,07/09/2026,21:00,00:00,,Tourist Bed Bunk,680,0,50,regular,1
Starlite,ferry,ANNAPOLIS,Calapan,Batangas,07/09/2026,23:00,02:00,,Reclining Seat,680,0,50,regular,0
Starlite,ferry,ANNAPOLIS,Calapan,Batangas,07/09/2026,23:00,02:00,,Economy Bed Bunk,680,0,50,regular,1
Starlite,ferry,ANNAPOLIS,Calapan,Batangas,07/09/2026,23:00,02:00,,Tourist Bed Bunk,680,0,50,regular,1
Starlite,ferry,ANNAPOLIS,Calapan,Batangas,08/09/2026,01:00,04:00,,Reclining Seat,680,0,50,regular,0
Starlite,ferry,ANNAPOLIS,Calapan,Batangas,08/09/2026,01:00,04:00,,Economy Bed Bunk,680,0,50,regular,1
Starlite,ferry,ANNAPOLIS,Calapan,Batangas,08/09/2026,01:00,04:00,,Tourist Bed Bunk,680,0,50,regular,1
Starlite,ferry,ANNAPOLIS,Calapan,Batangas,08/09/2026,03:00,06:00,,Reclining Seat,680,0,50,regular,0
Starlite,ferry,ANNAPOLIS,Calapan,Batangas,08/09/2026,03:00,06:00,,Economy Bed Bunk,680,0,50,regular,1
Starlite,ferry,ANNAPOLIS,Calapan,Batangas,08/09/2026,03:00,06:00,,Tourist Bed Bunk,680,0,50,regular,1
Starlite,ferry,ANNAPOLIS,Calapan,Batangas,08/09/2026,05:00,08:00,,Reclining Seat,680,0,50,regular,0
Starlite,ferry,ANNAPOLIS,Calapan,Batangas,08/09/2026,05:00,08:00,,Economy Bed Bunk,680,0,50,regular,1
Starlite,ferry,ANNAPOLIS,Calapan,Batangas,08/09/2026,05:00,08:00,,Tourist Bed Bunk,680,0,50,regular,1
Starlite,ferry,ANNAPOLIS,Calapan,Batangas,08/09/2026,07:00,10:00,,Reclining Seat,680,0,50,regular,0
Starlite,ferry,ANNAPOLIS,Calapan,Batangas,08/09/2026,07:00,10:00,,Economy Bed Bunk,680,0,50,regular,1
Starlite,ferry,ANNAPOLIS,Calapan,Batangas,08/09/2026,07:00,10:00,,Tourist Bed Bunk,680,0,50,regular,1
Starlite,ferry,ANNAPOLIS,Calapan,Batangas,08/09/2026,09:00,12:00,,Reclining Seat,680,0,50,regular,0
Starlite,ferry,ANNAPOLIS,Calapan,Batangas,08/09/2026,09:00,12:00,,Economy Bed Bunk,680,0,50,regular,1
Starlite,ferry,ANNAPOLIS,Calapan,Batangas,08/09/2026,09:00,12:00,,Tourist Bed Bunk,680,0,50,regular,1
Starlite,ferry,ANNAPOLIS,Calapan,Batangas,08/09/2026,11:00,14:00,,Reclining Seat,680,0,50,regular,0
Starlite,ferry,ANNAPOLIS,Calapan,Batangas,08/09/2026,11:00,14:00,,Economy Bed Bunk,680,0,50,regular,1
Starlite,ferry,ANNAPOLIS,Calapan,Batangas,08/09/2026,11:00,14:00,,Tourist Bed Bunk,680,0,50,regular,1
Starlite,ferry,ANNAPOLIS,Calapan,Batangas,08/09/2026,13:00,16:00,,Reclining Seat,680,0,50,regular,0
Starlite,ferry,ANNAPOLIS,Calapan,Batangas,08/09/2026,13:00,16:00,,Economy Bed Bunk,680,0,50,regular,1
Starlite,ferry,ANNAPOLIS,Calapan,Batangas,08/09/2026,13:00,16:00,,Tourist Bed Bunk,680,0,50,regular,1
Starlite,ferry,ANNAPOLIS,Calapan,Batangas,08/09/2026,15:00,18:00,,Reclining Seat,680,0,50,regular,0
Starlite,ferry,ANNAPOLIS,Calapan,Batangas,08/09/2026,15:00,18:00,,Economy Bed Bunk,680,0,50,regular,1
Starlite,ferry,ANNAPOLIS,Calapan,Batangas,08/09/2026,15:00,18:00,,Tourist Bed Bunk,680,0,50,regular,1
Starlite,ferry,ANNAPOLIS,Calapan,Batangas,08/09/2026,17:00,20:00,,Reclining Seat,680,0,50,regular,0
Starlite,ferry,ANNAPOLIS,Calapan,Batangas,08/09/2026,17:00,20:00,,Economy Bed Bunk,680,0,50,regular,1
Starlite,ferry,ANNAPOLIS,Calapan,Batangas,08/09/2026,17:00,20:00,,Tourist Bed Bunk,680,0,50,regular,1
Starlite,ferry,ANNAPOLIS,Calapan,Batangas,08/09/2026,19:00,22:00,,Reclining Seat,680,0,50,regular,0
Starlite,ferry,ANNAPOLIS,Calapan,Batangas,08/09/2026,19:00,22:00,,Economy Bed Bunk,680,0,50,regular,1
Starlite,ferry,ANNAPOLIS,Calapan,Batangas,08/09/2026,19:00,22:00,,Tourist Bed Bunk,680,0,50,regular,1
Starlite,ferry,ANNAPOLIS,Calapan,Batangas,08/09/2026,21:00,00:00,,Reclining Seat,680,0,50,regular,0
Starlite,ferry,ANNAPOLIS,Calapan,Batangas,08/09/2026,21:00,00:00,,Economy Bed Bunk,680,0,50,regular,1
Starlite,ferry,ANNAPOLIS,Calapan,Batangas,08/09/2026,21:00,00:00,,Tourist Bed Bunk,680,0,50,regular,1
Starlite,ferry,ANNAPOLIS,Calapan,Batangas,08/09/2026,23:00,02:00,,Reclining Seat,680,0,50,regular,0
Starlite,ferry,ANNAPOLIS,Calapan,Batangas,08/09/2026,23:00,02:00,,Economy Bed Bunk,680,0,50,regular,1
Starlite,ferry,ANNAPOLIS,Calapan,Batangas,08/09/2026,23:00,02:00,,Tourist Bed Bunk,680,0,50,regular,1
Starlite,ferry,ANNAPOLIS,Calapan,Batangas,09/09/2026,01:00,04:00,,Reclining Seat,680,0,50,regular,0
Starlite,ferry,ANNAPOLIS,Calapan,Batangas,09/09/2026,01:00,04:00,,Economy Bed Bunk,680,0,50,regular,1
Starlite,ferry,ANNAPOLIS,Calapan,Batangas,09/09/2026,01:00,04:00,,Tourist Bed Bunk,680,0,50,regular,1
Starlite,ferry,ANNAPOLIS,Calapan,Batangas,09/09/2026,03:00,06:00,,Reclining Seat,680,0,50,regular,0
Starlite,ferry,ANNAPOLIS,Calapan,Batangas,09/09/2026,03:00,06:00,,Economy Bed Bunk,680,0,50,regular,1
Starlite,ferry,ANNAPOLIS,Calapan,Batangas,09/09/2026,03:00,06:00,,Tourist Bed Bunk,680,0,50,regular,1
Starlite,ferry,ANNAPOLIS,Calapan,Batangas,09/09/2026,05:00,08:00,,Reclining Seat,680,0,50,regular,0
Starlite,ferry,ANNAPOLIS,Calapan,Batangas,09/09/2026,05:00,08:00,,Economy Bed Bunk,680,0,50,regular,1
Starlite,ferry,ANNAPOLIS,Calapan,Batangas,09/09/2026,05:00,08:00,,Tourist Bed Bunk,680,0,50,regular,1
Starlite,ferry,ANNAPOLIS,Calapan,Batangas,09/09/2026,07:00,10:00,,Reclining Seat,680,0,50,regular,0
Starlite,ferry,ANNAPOLIS,Calapan,Batangas,09/09/2026,07:00,10:00,,Economy Bed Bunk,680,0,50,regular,1
Starlite,ferry,ANNAPOLIS,Calapan,Batangas,09/09/2026,07:00,10:00,,Tourist Bed Bunk,680,0,50,regular,1
Starlite,ferry,ANNAPOLIS,Calapan,Batangas,09/09/2026,09:00,12:00,,Reclining Seat,680,0,50,regular,0
Starlite,ferry,ANNAPOLIS,Calapan,Batangas,09/09/2026,09:00,12:00,,Economy Bed Bunk,680,0,50,regular,1
Starlite,ferry,ANNAPOLIS,Calapan,Batangas,09/09/2026,09:00,12:00,,Tourist Bed Bunk,680,0,50,regular,1
Starlite,ferry,ANNAPOLIS,Calapan,Batangas,09/09/2026,11:00,14:00,,Reclining Seat,680,0,50,regular,0
Starlite,ferry,ANNAPOLIS,Calapan,Batangas,09/09/2026,11:00,14:00,,Economy Bed Bunk,680,0,50,regular,1
Starlite,ferry,ANNAPOLIS,Calapan,Batangas,09/09/2026,11:00,14:00,,Tourist Bed Bunk,680,0,50,regular,1
Starlite,ferry,ANNAPOLIS,Calapan,Batangas,09/09/2026,13:00,16:00,,Reclining Seat,680,0,50,regular,0
Starlite,ferry,ANNAPOLIS,Calapan,Batangas,09/09/2026,13:00,16:00,,Economy Bed Bunk,680,0,50,regular,1
Starlite,ferry,ANNAPOLIS,Calapan,Batangas,09/09/2026,13:00,16:00,,Tourist Bed Bunk,680,0,50,regular,1
Starlite,ferry,ANNAPOLIS,Calapan,Batangas,09/09/2026,15:00,18:00,,Reclining Seat,680,0,50,regular,0
Starlite,ferry,ANNAPOLIS,Calapan,Batangas,09/09/2026,15:00,18:00,,Economy Bed Bunk,680,0,50,regular,1
Starlite,ferry,ANNAPOLIS,Calapan,Batangas,09/09/2026,15:00,18:00,,Tourist Bed Bunk,680,0,50,regular,1
Starlite,ferry,ANNAPOLIS,Calapan,Batangas,09/09/2026,17:00,20:00,,Reclining Seat,680,0,50,regular,0
Starlite,ferry,ANNAPOLIS,Calapan,Batangas,09/09/2026,17:00,20:00,,Economy Bed Bunk,680,0,50,regular,1
Starlite,ferry,ANNAPOLIS,Calapan,Batangas,09/09/2026,17:00,20:00,,Tourist Bed Bunk,680,0,50,regular,1
Starlite,ferry,ANNAPOLIS,Calapan,Batangas,09/09/2026,19:00,22:00,,Reclining Seat,680,0,50,regular,0
Starlite,ferry,ANNAPOLIS,Calapan,Batangas,09/09/2026,19:00,22:00,,Economy Bed Bunk,680,0,50,regular,1
Starlite,ferry,ANNAPOLIS,Calapan,Batangas,09/09/2026,19:00,22:00,,Tourist Bed Bunk,680,0,50,regular,1
Starlite,ferry,ANNAPOLIS,Calapan,Batangas,09/09/2026,21:00,00:00,,Reclining Seat,680,0,50,regular,0
Starlite,ferry,ANNAPOLIS,Calapan,Batangas,09/09/2026,21:00,00:00,,Economy Bed Bunk,680,0,50,regular,1
Starlite,ferry,ANNAPOLIS,Calapan,Batangas,09/09/2026,21:00,00:00,,Tourist Bed Bunk,680,0,50,regular,1
Starlite,ferry,ANNAPOLIS,Calapan,Batangas,09/09/2026,23:00,02:00,,Reclining Seat,680,0,50,regular,0
Starlite,ferry,ANNAPOLIS,Calapan,Batangas,09/09/2026,23:00,02:00,,Economy Bed Bunk,680,0,50,regular,1
Starlite,ferry,ANNAPOLIS,Calapan,Batangas,09/09/2026,23:00,02:00,,Tourist Bed Bunk,680,0,50,regular,1
Starlite,ferry,ANNAPOLIS,Calapan,Batangas,10/09/2026,01:00,04:00,,Reclining Seat,680,0,50,regular,0
Starlite,ferry,ANNAPOLIS,Calapan,Batangas,10/09/2026,01:00,04:00,,Economy Bed Bunk,680,0,50,regular,1
Starlite,ferry,ANNAPOLIS,Calapan,Batangas,10/09/2026,01:00,04:00,,Tourist Bed Bunk,680,0,50,regular,1
Starlite,ferry,ANNAPOLIS,Calapan,Batangas,10/09/2026,03:00,06:00,,Reclining Seat,680,0,50,regular,0
Starlite,ferry,ANNAPOLIS,Calapan,Batangas,10/09/2026,03:00,06:00,,Economy Bed Bunk,680,0,50,regular,1
Starlite,ferry,ANNAPOLIS,Calapan,Batangas,10/09/2026,03:00,06:00,,Tourist Bed Bunk,680,0,50,regular,1
Starlite,ferry,ANNAPOLIS,Calapan,Batangas,10/09/2026,05:00,08:00,,Reclining Seat,680,0,50,regular,0
Starlite,ferry,ANNAPOLIS,Calapan,Batangas,10/09/2026,05:00,08:00,,Economy Bed Bunk,680,0,50,regular,1
Starlite,ferry,ANNAPOLIS,Calapan,Batangas,10/09/2026,05:00,08:00,,Tourist Bed Bunk,680,0,50,regular,1
Starlite,ferry,ANNAPOLIS,Calapan,Batangas,10/09/2026,07:00,10:00,,Reclining Seat,680,0,50,regular,0
Starlite,ferry,ANNAPOLIS,Calapan,Batangas,10/09/2026,07:00,10:00,,Economy Bed Bunk,680,0,50,regular,1
Starlite,ferry,ANNAPOLIS,Calapan,Batangas,10/09/2026,07:00,10:00,,Tourist Bed Bunk,680,0,50,regular,1
Starlite,ferry,ANNAPOLIS,Calapan,Batangas,10/09/2026,09:00,12:00,,Reclining Seat,680,0,50,regular,0
Starlite,ferry,ANNAPOLIS,Calapan,Batangas,10/09/2026,09:00,12:00,,Economy Bed Bunk,680,0,50,regular,1
Starlite,ferry,ANNAPOLIS,Calapan,Batangas,10/09/2026,09:00,12:00,,Tourist Bed Bunk,680,0,50,regular,1
Starlite,ferry,ANNAPOLIS,Calapan,Batangas,10/09/2026,11:00,14:00,,Reclining Seat,680,0,50,regular,0
Starlite,ferry,ANNAPOLIS,Calapan,Batangas,10/09/2026,11:00,14:00,,Economy Bed Bunk,680,0,50,regular,1
Starlite,ferry,ANNAPOLIS,Calapan,Batangas,10/09/2026,11:00,14:00,,Tourist Bed Bunk,680,0,50,regular,1
Starlite,ferry,ANNAPOLIS,Calapan,Batangas,10/09/2026,13:00,16:00,,Reclining Seat,680,0,50,regular,0
Starlite,ferry,ANNAPOLIS,Calapan,Batangas,10/09/2026,13:00,16:00,,Economy Bed Bunk,680,0,50,regular,1
Starlite,ferry,ANNAPOLIS,Calapan,Batangas,10/09/2026,13:00,16:00,,Tourist Bed Bunk,680,0,50,regular,1
Starlite,ferry,ANNAPOLIS,Calapan,Batangas,10/09/2026,15:00,18:00,,Reclining Seat,680,0,50,regular,0
Starlite,ferry,ANNAPOLIS,Calapan,Batangas,10/09/2026,15:00,18:00,,Economy Bed Bunk,680,0,50,regular,1
Starlite,ferry,ANNAPOLIS,Calapan,Batangas,10/09/2026,15:00,18:00,,Tourist Bed Bunk,680,0,50,regular,1
Starlite,ferry,ANNAPOLIS,Calapan,Batangas,10/09/2026,17:00,20:00,,Reclining Seat,680,0,50,regular,0
Starlite,ferry,ANNAPOLIS,Calapan,Batangas,10/09/2026,17:00,20:00,,Economy Bed Bunk,680,0,50,regular,1
Starlite,ferry,ANNAPOLIS,Calapan,Batangas,10/09/2026,17:00,20:00,,Tourist Bed Bunk,680,0,50,regular,1
Starlite,ferry,ANNAPOLIS,Calapan,Batangas,10/09/2026,19:00,22:00,,Reclining Seat,680,0,50,regular,0
Starlite,ferry,ANNAPOLIS,Calapan,Batangas,10/09/2026,19:00,22:00,,Economy Bed Bunk,680,0,50,regular,1
Starlite,ferry,ANNAPOLIS,Calapan,Batangas,10/09/2026,19:00,22:00,,Tourist Bed Bunk,680,0,50,regular,1
Starlite,ferry,ANNAPOLIS,Calapan,Batangas,10/09/2026,21:00,00:00,,Reclining Seat,680,0,50,regular,0
Starlite,ferry,ANNAPOLIS,Calapan,Batangas,10/09/2026,21:00,00:00,,Economy Bed Bunk,680,0,50,regular,1
Starlite,ferry,ANNAPOLIS,Calapan,Batangas,10/09/2026,21:00,00:00,,Tourist Bed Bunk,680,0,50,regular,1
Starlite,ferry,ANNAPOLIS,Calapan,Batangas,10/09/2026,23:00,02:00,,Reclining Seat,680,0,50,regular,0
Starlite,ferry,ANNAPOLIS,Calapan,Batangas,10/09/2026,23:00,02:00,,Economy Bed Bunk,680,0,50,regular,1
Starlite,ferry,ANNAPOLIS,Calapan,Batangas,10/09/2026,23:00,02:00,,Tourist Bed Bunk,680,0,50,regular,1
Starlite,ferry,ANNAPOLIS,Calapan,Batangas,11/09/2026,01:00,04:00,,Reclining Seat,680,0,50,regular,0
Starlite,ferry,ANNAPOLIS,Calapan,Batangas,11/09/2026,01:00,04:00,,Economy Bed Bunk,680,0,50,regular,1
Starlite,ferry,ANNAPOLIS,Calapan,Batangas,11/09/2026,01:00,04:00,,Tourist Bed Bunk,680,0,50,regular,1
Starlite,ferry,ANNAPOLIS,Calapan,Batangas,11/09/2026,03:00,06:00,,Reclining Seat,680,0,50,regular,0
Starlite,ferry,ANNAPOLIS,Calapan,Batangas,11/09/2026,03:00,06:00,,Economy Bed Bunk,680,0,50,regular,1
Starlite,ferry,ANNAPOLIS,Calapan,Batangas,11/09/2026,03:00,06:00,,Tourist Bed Bunk,680,0,50,regular,1
Starlite,ferry,ANNAPOLIS,Calapan,Batangas,11/09/2026,05:00,08:00,,Reclining Seat,680,0,50,regular,0
Starlite,ferry,ANNAPOLIS,Calapan,Batangas,11/09/2026,05:00,08:00,,Economy Bed Bunk,680,0,50,regular,1
Starlite,ferry,ANNAPOLIS,Calapan,Batangas,11/09/2026,05:00,08:00,,Tourist Bed Bunk,680,0,50,regular,1
Starlite,ferry,ANNAPOLIS,Calapan,Batangas,11/09/2026,07:00,10:00,,Reclining Seat,680,0,50,regular,0
Starlite,ferry,ANNAPOLIS,Calapan,Batangas,11/09/2026,07:00,10:00,,Economy Bed Bunk,680,0,50,regular,1
Starlite,ferry,ANNAPOLIS,Calapan,Batangas,11/09/2026,07:00,10:00,,Tourist Bed Bunk,680,0,50,regular,1
Starlite,ferry,ANNAPOLIS,Calapan,Batangas,11/09/2026,09:00,12:00,,Reclining Seat,680,0,50,regular,0
Starlite,ferry,ANNAPOLIS,Calapan,Batangas,11/09/2026,09:00,12:00,,Economy Bed Bunk,680,0,50,regular,1
Starlite,ferry,ANNAPOLIS,Calapan,Batangas,11/09/2026,09:00,12:00,,Tourist Bed Bunk,680,0,50,regular,1
Starlite,ferry,ANNAPOLIS,Calapan,Batangas,11/09/2026,11:00,14:00,,Reclining Seat,680,0,50,regular,0
Starlite,ferry,ANNAPOLIS,Calapan,Batangas,11/09/2026,11:00,14:00,,Economy Bed Bunk,680,0,50,regular,1
Starlite,ferry,ANNAPOLIS,Calapan,Batangas,11/09/2026,11:00,14:00,,Tourist Bed Bunk,680,0,50,regular,1
Starlite,ferry,ANNAPOLIS,Calapan,Batangas,11/09/2026,13:00,16:00,,Reclining Seat,680,0,50,regular,0
Starlite,ferry,ANNAPOLIS,Calapan,Batangas,11/09/2026,13:00,16:00,,Economy Bed Bunk,680,0,50,regular,1
Starlite,ferry,ANNAPOLIS,Calapan,Batangas,11/09/2026,13:00,16:00,,Tourist Bed Bunk,680,0,50,regular,1
Starlite,ferry,ANNAPOLIS,Calapan,Batangas,11/09/2026,15:00,18:00,,Reclining Seat,680,0,50,regular,0
Starlite,ferry,ANNAPOLIS,Calapan,Batangas,11/09/2026,15:00,18:00,,Economy Bed Bunk,680,0,50,regular,1
Starlite,ferry,ANNAPOLIS,Calapan,Batangas,11/09/2026,15:00,18:00,,Tourist Bed Bunk,680,0,50,regular,1
Starlite,ferry,ANNAPOLIS,Calapan,Batangas,11/09/2026,17:00,20:00,,Reclining Seat,680,0,50,regular,0
Starlite,ferry,ANNAPOLIS,Calapan,Batangas,11/09/2026,17:00,20:00,,Economy Bed Bunk,680,0,50,regular,1
Starlite,ferry,ANNAPOLIS,Calapan,Batangas,11/09/2026,17:00,20:00,,Tourist Bed Bunk,680,0,50,regular,1
Starlite,ferry,ANNAPOLIS,Calapan,Batangas,11/09/2026,19:00,22:00,,Reclining Seat,680,0,50,regular,0
Starlite,ferry,ANNAPOLIS,Calapan,Batangas,11/09/2026,19:00,22:00,,Economy Bed Bunk,680,0,50,regular,1
Starlite,ferry,ANNAPOLIS,Calapan,Batangas,11/09/2026,19:00,22:00,,Tourist Bed Bunk,680,0,50,regular,1
Starlite,ferry,ANNAPOLIS,Calapan,Batangas,11/09/2026,21:00,00:00,,Reclining Seat,680,0,50,regular,0
Starlite,ferry,ANNAPOLIS,Calapan,Batangas,11/09/2026,21:00,00:00,,Economy Bed Bunk,680,0,50,regular,1
Starlite,ferry,ANNAPOLIS,Calapan,Batangas,11/09/2026,21:00,00:00,,Tourist Bed Bunk,680,0,50,regular,1
Starlite,ferry,ANNAPOLIS,Calapan,Batangas,11/09/2026,23:00,02:00,,Reclining Seat,680,0,50,regular,0
Starlite,ferry,ANNAPOLIS,Calapan,Batangas,11/09/2026,23:00,02:00,,Economy Bed Bunk,680,0,50,regular,1
Starlite,ferry,ANNAPOLIS,Calapan,Batangas,11/09/2026,23:00,02:00,,Tourist Bed Bunk,680,0,50,regular,1
Starlite,ferry,ANNAPOLIS,Calapan,Batangas,12/09/2026,01:00,04:00,,Reclining Seat,680,0,50,regular,0
Starlite,ferry,ANNAPOLIS,Calapan,Batangas,12/09/2026,01:00,04:00,,Economy Bed Bunk,680,0,50,regular,1
Starlite,ferry,ANNAPOLIS,Calapan,Batangas,12/09/2026,01:00,04:00,,Tourist Bed Bunk,680,0,50,regular,1
Starlite,ferry,ANNAPOLIS,Calapan,Batangas,12/09/2026,03:00,06:00,,Reclining Seat,680,0,50,regular,0
Starlite,ferry,ANNAPOLIS,Calapan,Batangas,12/09/2026,03:00,06:00,,Economy Bed Bunk,680,0,50,regular,1
Starlite,ferry,ANNAPOLIS,Calapan,Batangas,12/09/2026,03:00,06:00,,Tourist Bed Bunk,680,0,50,regular,1
Starlite,ferry,ANNAPOLIS,Calapan,Batangas,12/09/2026,05:00,08:00,,Reclining Seat,680,0,50,regular,0
Starlite,ferry,ANNAPOLIS,Calapan,Batangas,12/09/2026,05:00,08:00,,Economy Bed Bunk,680,0,50,regular,1
Starlite,ferry,ANNAPOLIS,Calapan,Batangas,12/09/2026,05:00,08:00,,Tourist Bed Bunk,680,0,50,regular,1
Starlite,ferry,ANNAPOLIS,Calapan,Batangas,12/09/2026,07:00,10:00,,Reclining Seat,680,0,50,regular,0
Starlite,ferry,ANNAPOLIS,Calapan,Batangas,12/09/2026,07:00,10:00,,Economy Bed Bunk,680,0,50,regular,1
Starlite,ferry,ANNAPOLIS,Calapan,Batangas,12/09/2026,07:00,10:00,,Tourist Bed Bunk,680,0,50,regular,1
Starlite,ferry,ANNAPOLIS,Calapan,Batangas,12/09/2026,09:00,12:00,,Reclining Seat,680,0,50,regular,0
Starlite,ferry,ANNAPOLIS,Calapan,Batangas,12/09/2026,09:00,12:00,,Economy Bed Bunk,680,0,50,regular,1
Starlite,ferry,ANNAPOLIS,Calapan,Batangas,12/09/2026,09:00,12:00,,Tourist Bed Bunk,680,0,50,regular,1
Starlite,ferry,ANNAPOLIS,Calapan,Batangas,12/09/2026,11:00,14:00,,Reclining Seat,680,0,50,regular,0
Starlite,ferry,ANNAPOLIS,Calapan,Batangas,12/09/2026,11:00,14:00,,Economy Bed Bunk,680,0,50,regular,1
Starlite,ferry,ANNAPOLIS,Calapan,Batangas,12/09/2026,11:00,14:00,,Tourist Bed Bunk,680,0,50,regular,1
Starlite,ferry,ANNAPOLIS,Calapan,Batangas,12/09/2026,13:00,16:00,,Reclining Seat,680,0,50,regular,0
Starlite,ferry,ANNAPOLIS,Calapan,Batangas,12/09/2026,13:00,16:00,,Economy Bed Bunk,680,0,50,regular,1
Starlite,ferry,ANNAPOLIS,Calapan,Batangas,12/09/2026,13:00,16:00,,Tourist Bed Bunk,680,0,50,regular,1
Starlite,ferry,ANNAPOLIS,Calapan,Batangas,12/09/2026,15:00,18:00,,Reclining Seat,680,0,50,regular,0
Starlite,ferry,ANNAPOLIS,Calapan,Batangas,12/09/2026,15:00,18:00,,Economy Bed Bunk,680,0,50,regular,1
Starlite,ferry,ANNAPOLIS,Calapan,Batangas,12/09/2026,15:00,18:00,,Tourist Bed Bunk,680,0,50,regular,1
Starlite,ferry,ANNAPOLIS,Calapan,Batangas,12/09/2026,17:00,20:00,,Reclining Seat,680,0,50,regular,0
Starlite,ferry,ANNAPOLIS,Calapan,Batangas,12/09/2026,17:00,20:00,,Economy Bed Bunk,680,0,50,regular,1
Starlite,ferry,ANNAPOLIS,Calapan,Batangas,12/09/2026,17:00,20:00,,Tourist Bed Bunk,680,0,50,regular,1
Starlite,ferry,ANNAPOLIS,Calapan,Batangas,12/09/2026,19:00,22:00,,Reclining Seat,680,0,50,regular,0
Starlite,ferry,ANNAPOLIS,Calapan,Batangas,12/09/2026,19:00,22:00,,Economy Bed Bunk,680,0,50,regular,1
Starlite,ferry,ANNAPOLIS,Calapan,Batangas,12/09/2026,19:00,22:00,,Tourist Bed Bunk,680,0,50,regular,1
Starlite,ferry,ANNAPOLIS,Calapan,Batangas,12/09/2026,21:00,00:00,,Reclining Seat,680,0,50,regular,0
Starlite,ferry,ANNAPOLIS,Calapan,Batangas,12/09/2026,21:00,00:00,,Economy Bed Bunk,680,0,50,regular,1
Starlite,ferry,ANNAPOLIS,Calapan,Batangas,12/09/2026,21:00,00:00,,Tourist Bed Bunk,680,0,50,regular,1
Starlite,ferry,ANNAPOLIS,Calapan,Batangas,12/09/2026,23:00,02:00,,Reclining Seat,680,0,50,regular,0
Starlite,ferry,ANNAPOLIS,Calapan,Batangas,12/09/2026,23:00,02:00,,Economy Bed Bunk,680,0,50,regular,1
Starlite,ferry,ANNAPOLIS,Calapan,Batangas,12/09/2026,23:00,02:00,,Tourist Bed Bunk,680,0,50,regular,1
Starlite,ferry,SAGA,Calapan,Batangas,03/09/2026,01:00,04:00,,Reclining Seat,680,0,50,regular,0
Starlite,ferry,SAGA,Calapan,Batangas,03/09/2026,01:00,04:00,,Economy Bed Bunk,680,0,50,regular,1
Starlite,ferry,SAGA,Calapan,Batangas,03/09/2026,01:00,04:00,,Tourist Bed Bunk,680,0,50,regular,1
Starlite,ferry,SAGA,Calapan,Batangas,03/09/2026,03:00,06:00,,Reclining Seat,680,0,50,regular,0
Starlite,ferry,SAGA,Calapan,Batangas,03/09/2026,03:00,06:00,,Economy Bed Bunk,680,0,50,regular,1
Starlite,ferry,SAGA,Calapan,Batangas,03/09/2026,03:00,06:00,,Tourist Bed Bunk,680,0,50,regular,1
Starlite,ferry,SAGA,Calapan,Batangas,03/09/2026,05:00,08:00,,Reclining Seat,680,0,50,regular,0
Starlite,ferry,SAGA,Calapan,Batangas,03/09/2026,05:00,08:00,,Economy Bed Bunk,680,0,50,regular,1
Starlite,ferry,SAGA,Calapan,Batangas,03/09/2026,05:00,08:00,,Tourist Bed Bunk,680,0,50,regular,1
Starlite,ferry,SAGA,Calapan,Batangas,03/09/2026,07:00,10:00,,Reclining Seat,680,0,50,regular,0
Starlite,ferry,SAGA,Calapan,Batangas,03/09/2026,07:00,10:00,,Economy Bed Bunk,680,0,50,regular,1
Starlite,ferry,SAGA,Calapan,Batangas,03/09/2026,07:00,10:00,,Tourist Bed Bunk,680,0,50,regular,1
Starlite,ferry,SAGA,Calapan,Batangas,03/09/2026,09:00,12:00,,Reclining Seat,680,0,50,regular,0
Starlite,ferry,SAGA,Calapan,Batangas,03/09/2026,09:00,12:00,,Economy Bed Bunk,680,0,50,regular,1
Starlite,ferry,SAGA,Calapan,Batangas,03/09/2026,09:00,12:00,,Tourist Bed Bunk,680,0,50,regular,1
Starlite,ferry,SAGA,Calapan,Batangas,03/09/2026,11:00,14:00,,Reclining Seat,680,0,50,regular,0
Starlite,ferry,SAGA,Calapan,Batangas,03/09/2026,11:00,14:00,,Economy Bed Bunk,680,0,50,regular,1
Starlite,ferry,SAGA,Calapan,Batangas,03/09/2026,11:00,14:00,,Tourist Bed Bunk,680,0,50,regular,1
Starlite,ferry,SAGA,Calapan,Batangas,03/09/2026,13:00,16:00,,Reclining Seat,680,0,50,regular,0
Starlite,ferry,SAGA,Calapan,Batangas,03/09/2026,13:00,16:00,,Economy Bed Bunk,680,0,50,regular,1
Starlite,ferry,SAGA,Calapan,Batangas,03/09/2026,13:00,16:00,,Tourist Bed Bunk,680,0,50,regular,1
Starlite,ferry,SAGA,Calapan,Batangas,03/09/2026,15:00,18:00,,Reclining Seat,680,0,50,regular,0
Starlite,ferry,SAGA,Calapan,Batangas,03/09/2026,15:00,18:00,,Economy Bed Bunk,680,0,50,regular,1
Starlite,ferry,SAGA,Calapan,Batangas,03/09/2026,15:00,18:00,,Tourist Bed Bunk,680,0,50,regular,1
Starlite,ferry,SAGA,Calapan,Batangas,03/09/2026,17:00,20:00,,Reclining Seat,680,0,50,regular,0
Starlite,ferry,SAGA,Calapan,Batangas,03/09/2026,17:00,20:00,,Economy Bed Bunk,680,0,50,regular,1
Starlite,ferry,SAGA,Calapan,Batangas,03/09/2026,17:00,20:00,,Tourist Bed Bunk,680,0,50,regular,1
Starlite,ferry,SAGA,Calapan,Batangas,03/09/2026,19:00,22:00,,Reclining Seat,680,0,50,regular,0
Starlite,ferry,SAGA,Calapan,Batangas,03/09/2026,19:00,22:00,,Economy Bed Bunk,680,0,50,regular,1
Starlite,ferry,SAGA,Calapan,Batangas,03/09/2026,19:00,22:00,,Tourist Bed Bunk,680,0,50,regular,1
Starlite,ferry,SAGA,Calapan,Batangas,03/09/2026,21:00,00:00,,Reclining Seat,680,0,50,regular,0
Starlite,ferry,SAGA,Calapan,Batangas,03/09/2026,21:00,00:00,,Economy Bed Bunk,680,0,50,regular,1
Starlite,ferry,SAGA,Calapan,Batangas,03/09/2026,21:00,00:00,,Tourist Bed Bunk,680,0,50,regular,1
Starlite,ferry,SAGA,Calapan,Batangas,03/09/2026,23:00,02:00,,Reclining Seat,680,0,50,regular,0
Starlite,ferry,SAGA,Calapan,Batangas,03/09/2026,23:00,02:00,,Economy Bed Bunk,680,0,50,regular,1
Starlite,ferry,SAGA,Calapan,Batangas,03/09/2026,23:00,02:00,,Tourist Bed Bunk,680,0,50,regular,1
Starlite,ferry,SAGA,Calapan,Batangas,04/09/2026,01:00,04:00,,Reclining Seat,680,0,50,regular,0
Starlite,ferry,SAGA,Calapan,Batangas,04/09/2026,01:00,04:00,,Economy Bed Bunk,680,0,50,regular,1
Starlite,ferry,SAGA,Calapan,Batangas,04/09/2026,01:00,04:00,,Tourist Bed Bunk,680,0,50,regular,1
Starlite,ferry,SAGA,Calapan,Batangas,04/09/2026,03:00,06:00,,Reclining Seat,680,0,50,regular,0
Starlite,ferry,SAGA,Calapan,Batangas,04/09/2026,03:00,06:00,,Economy Bed Bunk,680,0,50,regular,1
Starlite,ferry,SAGA,Calapan,Batangas,04/09/2026,03:00,06:00,,Tourist Bed Bunk,680,0,50,regular,1
Starlite,ferry,SAGA,Calapan,Batangas,04/09/2026,05:00,08:00,,Reclining Seat,680,0,50,regular,0
Starlite,ferry,SAGA,Calapan,Batangas,04/09/2026,05:00,08:00,,Economy Bed Bunk,680,0,50,regular,1
Starlite,ferry,SAGA,Calapan,Batangas,04/09/2026,05:00,08:00,,Tourist Bed Bunk,680,0,50,regular,1
Starlite,ferry,SAGA,Calapan,Batangas,04/09/2026,07:00,10:00,,Reclining Seat,680,0,50,regular,0
Starlite,ferry,SAGA,Calapan,Batangas,04/09/2026,07:00,10:00,,Economy Bed Bunk,680,0,50,regular,1
Starlite,ferry,SAGA,Calapan,Batangas,04/09/2026,07:00,10:00,,Tourist Bed Bunk,680,0,50,regular,1
Starlite,ferry,SAGA,Calapan,Batangas,04/09/2026,09:00,12:00,,Reclining Seat,680,0,50,regular,0
Starlite,ferry,SAGA,Calapan,Batangas,04/09/2026,09:00,12:00,,Economy Bed Bunk,680,0,50,regular,1
Starlite,ferry,SAGA,Calapan,Batangas,04/09/2026,09:00,12:00,,Tourist Bed Bunk,680,0,50,regular,1
Starlite,ferry,SAGA,Calapan,Batangas,04/09/2026,11:00,14:00,,Reclining Seat,680,0,50,regular,0
Starlite,ferry,SAGA,Calapan,Batangas,04/09/2026,11:00,14:00,,Economy Bed Bunk,680,0,50,regular,1
Starlite,ferry,SAGA,Calapan,Batangas,04/09/2026,11:00,14:00,,Tourist Bed Bunk,680,0,50,regular,1
Starlite,ferry,SAGA,Calapan,Batangas,04/09/2026,13:00,16:00,,Reclining Seat,680,0,50,regular,0
Starlite,ferry,SAGA,Calapan,Batangas,04/09/2026,13:00,16:00,,Economy Bed Bunk,680,0,50,regular,1
Starlite,ferry,SAGA,Calapan,Batangas,04/09/2026,13:00,16:00,,Tourist Bed Bunk,680,0,50,regular,1
Starlite,ferry,SAGA,Calapan,Batangas,04/09/2026,15:00,18:00,,Reclining Seat,680,0,50,regular,0
Starlite,ferry,SAGA,Calapan,Batangas,04/09/2026,15:00,18:00,,Economy Bed Bunk,680,0,50,regular,1
Starlite,ferry,SAGA,Calapan,Batangas,04/09/2026,15:00,18:00,,Tourist Bed Bunk,680,0,50,regular,1
Starlite,ferry,SAGA,Calapan,Batangas,04/09/2026,17:00,20:00,,Reclining Seat,680,0,50,regular,0
Starlite,ferry,SAGA,Calapan,Batangas,04/09/2026,17:00,20:00,,Economy Bed Bunk,680,0,50,regular,1
Starlite,ferry,SAGA,Calapan,Batangas,04/09/2026,17:00,20:00,,Tourist Bed Bunk,680,0,50,regular,1
Starlite,ferry,SAGA,Calapan,Batangas,04/09/2026,19:00,22:00,,Reclining Seat,680,0,50,regular,0
Starlite,ferry,SAGA,Calapan,Batangas,04/09/2026,19:00,22:00,,Economy Bed Bunk,680,0,50,regular,1
Starlite,ferry,SAGA,Calapan,Batangas,04/09/2026,19:00,22:00,,Tourist Bed Bunk,680,0,50,regular,1
Starlite,ferry,SAGA,Calapan,Batangas,04/09/2026,21:00,00:00,,Reclining Seat,680,0,50,regular,0
Starlite,ferry,SAGA,Calapan,Batangas,04/09/2026,21:00,00:00,,Economy Bed Bunk,680,0,50,regular,1
Starlite,ferry,SAGA,Calapan,Batangas,04/09/2026,21:00,00:00,,Tourist Bed Bunk,680,0,50,regular,1
Starlite,ferry,SAGA,Calapan,Batangas,04/09/2026,23:00,02:00,,Reclining Seat,680,0,50,regular,0
Starlite,ferry,SAGA,Calapan,Batangas,04/09/2026,23:00,02:00,,Economy Bed Bunk,680,0,50,regular,1
Starlite,ferry,SAGA,Calapan,Batangas,04/09/2026,23:00,02:00,,Tourist Bed Bunk,680,0,50,regular,1
Starlite,ferry,SAGA,Calapan,Batangas,05/09/2026,01:00,04:00,,Reclining Seat,680,0,50,regular,0
Starlite,ferry,SAGA,Calapan,Batangas,05/09/2026,01:00,04:00,,Economy Bed Bunk,680,0,50,regular,1
Starlite,ferry,SAGA,Calapan,Batangas,05/09/2026,01:00,04:00,,Tourist Bed Bunk,680,0,50,regular,1
Starlite,ferry,SAGA,Calapan,Batangas,05/09/2026,03:00,06:00,,Reclining Seat,680,0,50,regular,0
Starlite,ferry,SAGA,Calapan,Batangas,05/09/2026,03:00,06:00,,Economy Bed Bunk,680,0,50,regular,1
Starlite,ferry,SAGA,Calapan,Batangas,05/09/2026,03:00,06:00,,Tourist Bed Bunk,680,0,50,regular,1
Starlite,ferry,SAGA,Calapan,Batangas,05/09/2026,05:00,08:00,,Reclining Seat,680,0,50,regular,0
Starlite,ferry,SAGA,Calapan,Batangas,05/09/2026,05:00,08:00,,Economy Bed Bunk,680,0,50,regular,1
Starlite,ferry,SAGA,Calapan,Batangas,05/09/2026,05:00,08:00,,Tourist Bed Bunk,680,0,50,regular,1
Starlite,ferry,SAGA,Calapan,Batangas,05/09/2026,07:00,10:00,,Reclining Seat,680,0,50,regular,0
Starlite,ferry,SAGA,Calapan,Batangas,05/09/2026,07:00,10:00,,Economy Bed Bunk,680,0,50,regular,1
Starlite,ferry,SAGA,Calapan,Batangas,05/09/2026,07:00,10:00,,Tourist Bed Bunk,680,0,50,regular,1
Starlite,ferry,SAGA,Calapan,Batangas,05/09/2026,09:00,12:00,,Reclining Seat,680,0,50,regular,0
Starlite,ferry,SAGA,Calapan,Batangas,05/09/2026,09:00,12:00,,Economy Bed Bunk,680,0,50,regular,1
Starlite,ferry,SAGA,Calapan,Batangas,05/09/2026,09:00,12:00,,Tourist Bed Bunk,680,0,50,regular,1
Starlite,ferry,SAGA,Calapan,Batangas,05/09/2026,11:00,14:00,,Reclining Seat,680,0,50,regular,0
Starlite,ferry,SAGA,Calapan,Batangas,05/09/2026,11:00,14:00,,Economy Bed Bunk,680,0,50,regular,1
Starlite,ferry,SAGA,Calapan,Batangas,05/09/2026,11:00,14:00,,Tourist Bed Bunk,680,0,50,regular,1
Starlite,ferry,SAGA,Calapan,Batangas,05/09/2026,13:00,16:00,,Reclining Seat,680,0,50,regular,0
Starlite,ferry,SAGA,Calapan,Batangas,05/09/2026,13:00,16:00,,Economy Bed Bunk,680,0,50,regular,1
Starlite,ferry,SAGA,Calapan,Batangas,05/09/2026,13:00,16:00,,Tourist Bed Bunk,680,0,50,regular,1
Starlite,ferry,SAGA,Calapan,Batangas,05/09/2026,15:00,18:00,,Reclining Seat,680,0,50,regular,0
Starlite,ferry,SAGA,Calapan,Batangas,05/09/2026,15:00,18:00,,Economy Bed Bunk,680,0,50,regular,1
Starlite,ferry,SAGA,Calapan,Batangas,05/09/2026,15:00,18:00,,Tourist Bed Bunk,680,0,50,regular,1
Starlite,ferry,SAGA,Calapan,Batangas,05/09/2026,17:00,20:00,,Reclining Seat,680,0,50,regular,0
Starlite,ferry,SAGA,Calapan,Batangas,05/09/2026,17:00,20:00,,Economy Bed Bunk,680,0,50,regular,1
Starlite,ferry,SAGA,Calapan,Batangas,05/09/2026,17:00,20:00,,Tourist Bed Bunk,680,0,50,regular,1
Starlite,ferry,SAGA,Calapan,Batangas,05/09/2026,19:00,22:00,,Reclining Seat,680,0,50,regular,0
Starlite,ferry,SAGA,Calapan,Batangas,05/09/2026,19:00,22:00,,Economy Bed Bunk,680,0,50,regular,1
Starlite,ferry,SAGA,Calapan,Batangas,05/09/2026,19:00,22:00,,Tourist Bed Bunk,680,0,50,regular,1
Starlite,ferry,SAGA,Calapan,Batangas,05/09/2026,21:00,00:00,,Reclining Seat,680,0,50,regular,0
Starlite,ferry,SAGA,Calapan,Batangas,05/09/2026,21:00,00:00,,Economy Bed Bunk,680,0,50,regular,1
Starlite,ferry,SAGA,Calapan,Batangas,05/09/2026,21:00,00:00,,Tourist Bed Bunk,680,0,50,regular,1
Starlite,ferry,SAGA,Calapan,Batangas,05/09/2026,23:00,02:00,,Reclining Seat,680,0,50,regular,0
Starlite,ferry,SAGA,Calapan,Batangas,05/09/2026,23:00,02:00,,Economy Bed Bunk,680,0,50,regular,1
Starlite,ferry,SAGA,Calapan,Batangas,05/09/2026,23:00,02:00,,Tourist Bed Bunk,680,0,50,regular,1
Starlite,ferry,SAGA,Calapan,Batangas,06/09/2026,01:00,04:00,,Reclining Seat,680,0,50,regular,0
Starlite,ferry,SAGA,Calapan,Batangas,06/09/2026,01:00,04:00,,Economy Bed Bunk,680,0,50,regular,1
Starlite,ferry,SAGA,Calapan,Batangas,06/09/2026,01:00,04:00,,Tourist Bed Bunk,680,0,50,regular,1
Starlite,ferry,SAGA,Calapan,Batangas,06/09/2026,03:00,06:00,,Reclining Seat,680,0,50,regular,0
Starlite,ferry,SAGA,Calapan,Batangas,06/09/2026,03:00,06:00,,Economy Bed Bunk,680,0,50,regular,1
Starlite,ferry,SAGA,Calapan,Batangas,06/09/2026,03:00,06:00,,Tourist Bed Bunk,680,0,50,regular,1
Starlite,ferry,SAGA,Calapan,Batangas,06/09/2026,05:00,08:00,,Reclining Seat,680,0,50,regular,0
Starlite,ferry,SAGA,Calapan,Batangas,06/09/2026,05:00,08:00,,Economy Bed Bunk,680,0,50,regular,1
Starlite,ferry,SAGA,Calapan,Batangas,06/09/2026,05:00,08:00,,Tourist Bed Bunk,680,0,50,regular,1
Starlite,ferry,SAGA,Calapan,Batangas,06/09/2026,07:00,10:00,,Reclining Seat,680,0,50,regular,0
Starlite,ferry,SAGA,Calapan,Batangas,06/09/2026,07:00,10:00,,Economy Bed Bunk,680,0,50,regular,1
Starlite,ferry,SAGA,Calapan,Batangas,06/09/2026,07:00,10:00,,Tourist Bed Bunk,680,0,50,regular,1
Starlite,ferry,SAGA,Calapan,Batangas,06/09/2026,09:00,12:00,,Reclining Seat,680,0,50,regular,0
Starlite,ferry,SAGA,Calapan,Batangas,06/09/2026,09:00,12:00,,Economy Bed Bunk,680,0,50,regular,1
Starlite,ferry,SAGA,Calapan,Batangas,06/09/2026,09:00,12:00,,Tourist Bed Bunk,680,0,50,regular,1
Starlite,ferry,SAGA,Calapan,Batangas,06/09/2026,11:00,14:00,,Reclining Seat,680,0,50,regular,0
Starlite,ferry,SAGA,Calapan,Batangas,06/09/2026,11:00,14:00,,Economy Bed Bunk,680,0,50,regular,1
Starlite,ferry,SAGA,Calapan,Batangas,06/09/2026,11:00,14:00,,Tourist Bed Bunk,680,0,50,regular,1
Starlite,ferry,SAGA,Calapan,Batangas,06/09/2026,13:00,16:00,,Reclining Seat,680,0,50,regular,0
Starlite,ferry,SAGA,Calapan,Batangas,06/09/2026,13:00,16:00,,Economy Bed Bunk,680,0,50,regular,1
Starlite,ferry,SAGA,Calapan,Batangas,06/09/2026,13:00,16:00,,Tourist Bed Bunk,680,0,50,regular,1
Starlite,ferry,SAGA,Calapan,Batangas,06/09/2026,15:00,18:00,,Reclining Seat,680,0,50,regular,0
Starlite,ferry,SAGA,Calapan,Batangas,06/09/2026,15:00,18:00,,Economy Bed Bunk,680,0,50,regular,1
Starlite,ferry,SAGA,Calapan,Batangas,06/09/2026,15:00,18:00,,Tourist Bed Bunk,680,0,50,regular,1
Starlite,ferry,SAGA,Calapan,Batangas,06/09/2026,17:00,20:00,,Reclining Seat,680,0,50,regular,0
Starlite,ferry,SAGA,Calapan,Batangas,06/09/2026,17:00,20:00,,Economy Bed Bunk,680,0,50,regular,1
Starlite,ferry,SAGA,Calapan,Batangas,06/09/2026,17:00,20:00,,Tourist Bed Bunk,680,0,50,regular,1
Starlite,ferry,SAGA,Calapan,Batangas,06/09/2026,19:00,22:00,,Reclining Seat,680,0,50,regular,0
Starlite,ferry,SAGA,Calapan,Batangas,06/09/2026,19:00,22:00,,Economy Bed Bunk,680,0,50,regular,1
Starlite,ferry,SAGA,Calapan,Batangas,06/09/2026,19:00,22:00,,Tourist Bed Bunk,680,0,50,regular,1
Starlite,ferry,SAGA,Calapan,Batangas,06/09/2026,21:00,00:00,,Reclining Seat,680,0,50,regular,0
Starlite,ferry,SAGA,Calapan,Batangas,06/09/2026,21:00,00:00,,Economy Bed Bunk,680,0,50,regular,1
Starlite,ferry,SAGA,Calapan,Batangas,06/09/2026,21:00,00:00,,Tourist Bed Bunk,680,0,50,regular,1
Starlite,ferry,SAGA,Calapan,Batangas,06/09/2026,23:00,02:00,,Reclining Seat,680,0,50,regular,0
Starlite,ferry,SAGA,Calapan,Batangas,06/09/2026,23:00,02:00,,Economy Bed Bunk,680,0,50,regular,1
Starlite,ferry,SAGA,Calapan,Batangas,06/09/2026,23:00,02:00,,Tourist Bed Bunk,680,0,50,regular,1
Starlite,ferry,SAGA,Calapan,Batangas,07/09/2026,01:00,04:00,,Reclining Seat,680,0,50,regular,0
Starlite,ferry,SAGA,Calapan,Batangas,07/09/2026,01:00,04:00,,Economy Bed Bunk,680,0,50,regular,1
Starlite,ferry,SAGA,Calapan,Batangas,07/09/2026,01:00,04:00,,Tourist Bed Bunk,680,0,50,regular,1
Starlite,ferry,SAGA,Calapan,Batangas,07/09/2026,03:00,06:00,,Reclining Seat,680,0,50,regular,0
Starlite,ferry,SAGA,Calapan,Batangas,07/09/2026,03:00,06:00,,Economy Bed Bunk,680,0,50,regular,1
Starlite,ferry,SAGA,Calapan,Batangas,07/09/2026,03:00,06:00,,Tourist Bed Bunk,680,0,50,regular,1
Starlite,ferry,SAGA,Calapan,Batangas,07/09/2026,05:00,08:00,,Reclining Seat,680,0,50,regular,0
Starlite,ferry,SAGA,Calapan,Batangas,07/09/2026,05:00,08:00,,Economy Bed Bunk,680,0,50,regular,1
Starlite,ferry,SAGA,Calapan,Batangas,07/09/2026,05:00,08:00,,Tourist Bed Bunk,680,0,50,regular,1
Starlite,ferry,SAGA,Calapan,Batangas,07/09/2026,07:00,10:00,,Reclining Seat,680,0,50,regular,0
Starlite,ferry,SAGA,Calapan,Batangas,07/09/2026,07:00,10:00,,Economy Bed Bunk,680,0,50,regular,1
Starlite,ferry,SAGA,Calapan,Batangas,07/09/2026,07:00,10:00,,Tourist Bed Bunk,680,0,50,regular,1
Starlite,ferry,SAGA,Calapan,Batangas,07/09/2026,09:00,12:00,,Reclining Seat,680,0,50,regular,0
Starlite,ferry,SAGA,Calapan,Batangas,07/09/2026,09:00,12:00,,Economy Bed Bunk,680,0,50,regular,1
Starlite,ferry,SAGA,Calapan,Batangas,07/09/2026,09:00,12:00,,Tourist Bed Bunk,680,0,50,regular,1
Starlite,ferry,SAGA,Calapan,Batangas,07/09/2026,11:00,14:00,,Reclining Seat,680,0,50,regular,0
Starlite,ferry,SAGA,Calapan,Batangas,07/09/2026,11:00,14:00,,Economy Bed Bunk,680,0,50,regular,1
Starlite,ferry,SAGA,Calapan,Batangas,07/09/2026,11:00,14:00,,Tourist Bed Bunk,680,0,50,regular,1
Starlite,ferry,SAGA,Calapan,Batangas,07/09/2026,13:00,16:00,,Reclining Seat,680,0,50,regular,0
Starlite,ferry,SAGA,Calapan,Batangas,07/09/2026,13:00,16:00,,Economy Bed Bunk,680,0,50,regular,1
Starlite,ferry,SAGA,Calapan,Batangas,07/09/2026,13:00,16:00,,Tourist Bed Bunk,680,0,50,regular,1
Starlite,ferry,SAGA,Calapan,Batangas,07/09/2026,15:00,18:00,,Reclining Seat,680,0,50,regular,0
Starlite,ferry,SAGA,Calapan,Batangas,07/09/2026,15:00,18:00,,Economy Bed Bunk,680,0,50,regular,1
Starlite,ferry,SAGA,Calapan,Batangas,07/09/2026,15:00,18:00,,Tourist Bed Bunk,680,0,50,regular,1
Starlite,ferry,SAGA,Calapan,Batangas,07/09/2026,17:00,20:00,,Reclining Seat,680,0,50,regular,0
Starlite,ferry,SAGA,Calapan,Batangas,07/09/2026,17:00,20:00,,Economy Bed Bunk,680,0,50,regular,1
Starlite,ferry,SAGA,Calapan,Batangas,07/09/2026,17:00,20:00,,Tourist Bed Bunk,680,0,50,regular,1
Starlite,ferry,SAGA,Calapan,Batangas,07/09/2026,19:00,22:00,,Reclining Seat,680,0,50,regular,0
Starlite,ferry,SAGA,Calapan,Batangas,07/09/2026,19:00,22:00,,Economy Bed Bunk,680,0,50,regular,1
Starlite,ferry,SAGA,Calapan,Batangas,07/09/2026,19:00,22:00,,Tourist Bed Bunk,680,0,50,regular,1
Starlite,ferry,SAGA,Calapan,Batangas,07/09/2026,21:00,00:00,,Reclining Seat,680,0,50,regular,0
Starlite,ferry,SAGA,Calapan,Batangas,07/09/2026,21:00,00:00,,Economy Bed Bunk,680,0,50,regular,1
Starlite,ferry,SAGA,Calapan,Batangas,07/09/2026,21:00,00:00,,Tourist Bed Bunk,680,0,50,regular,1
Starlite,ferry,SAGA,Calapan,Batangas,07/09/2026,23:00,02:00,,Reclining Seat,680,0,50,regular,0
Starlite,ferry,SAGA,Calapan,Batangas,07/09/2026,23:00,02:00,,Economy Bed Bunk,680,0,50,regular,1
Starlite,ferry,SAGA,Calapan,Batangas,07/09/2026,23:00,02:00,,Tourist Bed Bunk,680,0,50,regular,1
Starlite,ferry,SAGA,Calapan,Batangas,08/09/2026,01:00,04:00,,Reclining Seat,680,0,50,regular,0
Starlite,ferry,SAGA,Calapan,Batangas,08/09/2026,01:00,04:00,,Economy Bed Bunk,680,0,50,regular,1
Starlite,ferry,SAGA,Calapan,Batangas,08/09/2026,01:00,04:00,,Tourist Bed Bunk,680,0,50,regular,1
Starlite,ferry,SAGA,Calapan,Batangas,08/09/2026,03:00,06:00,,Reclining Seat,680,0,50,regular,0
Starlite,ferry,SAGA,Calapan,Batangas,08/09/2026,03:00,06:00,,Economy Bed Bunk,680,0,50,regular,1
Starlite,ferry,SAGA,Calapan,Batangas,08/09/2026,03:00,06:00,,Tourist Bed Bunk,680,0,50,regular,1
Starlite,ferry,SAGA,Calapan,Batangas,08/09/2026,05:00,08:00,,Reclining Seat,680,0,50,regular,0
Starlite,ferry,SAGA,Calapan,Batangas,08/09/2026,05:00,08:00,,Economy Bed Bunk,680,0,50,regular,1
Starlite,ferry,SAGA,Calapan,Batangas,08/09/2026,05:00,08:00,,Tourist Bed Bunk,680,0,50,regular,1
Starlite,ferry,SAGA,Calapan,Batangas,08/09/2026,07:00,10:00,,Reclining Seat,680,0,50,regular,0
Starlite,ferry,SAGA,Calapan,Batangas,08/09/2026,07:00,10:00,,Economy Bed Bunk,680,0,50,regular,1
Starlite,ferry,SAGA,Calapan,Batangas,08/09/2026,07:00,10:00,,Tourist Bed Bunk,680,0,50,regular,1
Starlite,ferry,SAGA,Calapan,Batangas,08/09/2026,09:00,12:00,,Reclining Seat,680,0,50,regular,0
Starlite,ferry,SAGA,Calapan,Batangas,08/09/2026,09:00,12:00,,Economy Bed Bunk,680,0,50,regular,1
Starlite,ferry,SAGA,Calapan,Batangas,08/09/2026,09:00,12:00,,Tourist Bed Bunk,680,0,50,regular,1
Starlite,ferry,SAGA,Calapan,Batangas,08/09/2026,11:00,14:00,,Reclining Seat,680,0,50,regular,0
Starlite,ferry,SAGA,Calapan,Batangas,08/09/2026,11:00,14:00,,Economy Bed Bunk,680,0,50,regular,1
Starlite,ferry,SAGA,Calapan,Batangas,08/09/2026,11:00,14:00,,Tourist Bed Bunk,680,0,50,regular,1
Starlite,ferry,SAGA,Calapan,Batangas,08/09/2026,13:00,16:00,,Reclining Seat,680,0,50,regular,0
Starlite,ferry,SAGA,Calapan,Batangas,08/09/2026,13:00,16:00,,Economy Bed Bunk,680,0,50,regular,1
Starlite,ferry,SAGA,Calapan,Batangas,08/09/2026,13:00,16:00,,Tourist Bed Bunk,680,0,50,regular,1
Starlite,ferry,SAGA,Calapan,Batangas,08/09/2026,15:00,18:00,,Reclining Seat,680,0,50,regular,0
Starlite,ferry,SAGA,Calapan,Batangas,08/09/2026,15:00,18:00,,Economy Bed Bunk,680,0,50,regular,1
Starlite,ferry,SAGA,Calapan,Batangas,08/09/2026,15:00,18:00,,Tourist Bed Bunk,680,0,50,regular,1
Starlite,ferry,SAGA,Calapan,Batangas,08/09/2026,17:00,20:00,,Reclining Seat,680,0,50,regular,0
Starlite,ferry,SAGA,Calapan,Batangas,08/09/2026,17:00,20:00,,Economy Bed Bunk,680,0,50,regular,1
Starlite,ferry,SAGA,Calapan,Batangas,08/09/2026,17:00,20:00,,Tourist Bed Bunk,680,0,50,regular,1
Starlite,ferry,SAGA,Calapan,Batangas,08/09/2026,19:00,22:00,,Reclining Seat,680,0,50,regular,0
Starlite,ferry,SAGA,Calapan,Batangas,08/09/2026,19:00,22:00,,Economy Bed Bunk,680,0,50,regular,1
Starlite,ferry,SAGA,Calapan,Batangas,08/09/2026,19:00,22:00,,Tourist Bed Bunk,680,0,50,regular,1
Starlite,ferry,SAGA,Calapan,Batangas,08/09/2026,21:00,00:00,,Reclining Seat,680,0,50,regular,0
Starlite,ferry,SAGA,Calapan,Batangas,08/09/2026,21:00,00:00,,Economy Bed Bunk,680,0,50,regular,1
Starlite,ferry,SAGA,Calapan,Batangas,08/09/2026,21:00,00:00,,Tourist Bed Bunk,680,0,50,regular,1
Starlite,ferry,SAGA,Calapan,Batangas,08/09/2026,23:00,02:00,,Reclining Seat,680,0,50,regular,0
Starlite,ferry,SAGA,Calapan,Batangas,08/09/2026,23:00,02:00,,Economy Bed Bunk,680,0,50,regular,1
Starlite,ferry,SAGA,Calapan,Batangas,08/09/2026,23:00,02:00,,Tourist Bed Bunk,680,0,50,regular,1
Starlite,ferry,SAGA,Calapan,Batangas,09/09/2026,01:00,04:00,,Reclining Seat,680,0,50,regular,0
Starlite,ferry,SAGA,Calapan,Batangas,09/09/2026,01:00,04:00,,Economy Bed Bunk,680,0,50,regular,1
Starlite,ferry,SAGA,Calapan,Batangas,09/09/2026,01:00,04:00,,Tourist Bed Bunk,680,0,50,regular,1
Starlite,ferry,SAGA,Calapan,Batangas,09/09/2026,03:00,06:00,,Reclining Seat,680,0,50,regular,0
Starlite,ferry,SAGA,Calapan,Batangas,09/09/2026,03:00,06:00,,Economy Bed Bunk,680,0,50,regular,1
Starlite,ferry,SAGA,Calapan,Batangas,09/09/2026,03:00,06:00,,Tourist Bed Bunk,680,0,50,regular,1
Starlite,ferry,SAGA,Calapan,Batangas,09/09/2026,05:00,08:00,,Reclining Seat,680,0,50,regular,0
Starlite,ferry,SAGA,Calapan,Batangas,09/09/2026,05:00,08:00,,Economy Bed Bunk,680,0,50,regular,1
Starlite,ferry,SAGA,Calapan,Batangas,09/09/2026,05:00,08:00,,Tourist Bed Bunk,680,0,50,regular,1
Starlite,ferry,SAGA,Calapan,Batangas,09/09/2026,07:00,10:00,,Reclining Seat,680,0,50,regular,0
Starlite,ferry,SAGA,Calapan,Batangas,09/09/2026,07:00,10:00,,Economy Bed Bunk,680,0,50,regular,1
Starlite,ferry,SAGA,Calapan,Batangas,09/09/2026,07:00,10:00,,Tourist Bed Bunk,680,0,50,regular,1
Starlite,ferry,SAGA,Calapan,Batangas,09/09/2026,09:00,12:00,,Reclining Seat,680,0,50,regular,0
Starlite,ferry,SAGA,Calapan,Batangas,09/09/2026,09:00,12:00,,Economy Bed Bunk,680,0,50,regular,1
Starlite,ferry,SAGA,Calapan,Batangas,09/09/2026,09:00,12:00,,Tourist Bed Bunk,680,0,50,regular,1
Starlite,ferry,SAGA,Calapan,Batangas,09/09/2026,11:00,14:00,,Reclining Seat,680,0,50,regular,0
Starlite,ferry,SAGA,Calapan,Batangas,09/09/2026,11:00,14:00,,Economy Bed Bunk,680,0,50,regular,1
Starlite,ferry,SAGA,Calapan,Batangas,09/09/2026,11:00,14:00,,Tourist Bed Bunk,680,0,50,regular,1
Starlite,ferry,SAGA,Calapan,Batangas,09/09/2026,13:00,16:00,,Reclining Seat,680,0,50,regular,0
Starlite,ferry,SAGA,Calapan,Batangas,09/09/2026,13:00,16:00,,Economy Bed Bunk,680,0,50,regular,1
Starlite,ferry,SAGA,Calapan,Batangas,09/09/2026,13:00,16:00,,Tourist Bed Bunk,680,0,50,regular,1
Starlite,ferry,SAGA,Calapan,Batangas,09/09/2026,15:00,18:00,,Reclining Seat,680,0,50,regular,0
Starlite,ferry,SAGA,Calapan,Batangas,09/09/2026,15:00,18:00,,Economy Bed Bunk,680,0,50,regular,1
Starlite,ferry,SAGA,Calapan,Batangas,09/09/2026,15:00,18:00,,Tourist Bed Bunk,680,0,50,regular,1
Starlite,ferry,SAGA,Calapan,Batangas,09/09/2026,17:00,20:00,,Reclining Seat,680,0,50,regular,0
Starlite,ferry,SAGA,Calapan,Batangas,09/09/2026,17:00,20:00,,Economy Bed Bunk,680,0,50,regular,1
Starlite,ferry,SAGA,Calapan,Batangas,09/09/2026,17:00,20:00,,Tourist Bed Bunk,680,0,50,regular,1
Starlite,ferry,SAGA,Calapan,Batangas,09/09/2026,19:00,22:00,,Reclining Seat,680,0,50,regular,0
Starlite,ferry,SAGA,Calapan,Batangas,09/09/2026,19:00,22:00,,Economy Bed Bunk,680,0,50,regular,1
Starlite,ferry,SAGA,Calapan,Batangas,09/09/2026,19:00,22:00,,Tourist Bed Bunk,680,0,50,regular,1
Starlite,ferry,SAGA,Calapan,Batangas,09/09/2026,21:00,00:00,,Reclining Seat,680,0,50,regular,0
Starlite,ferry,SAGA,Calapan,Batangas,09/09/2026,21:00,00:00,,Economy Bed Bunk,680,0,50,regular,1
Starlite,ferry,SAGA,Calapan,Batangas,09/09/2026,21:00,00:00,,Tourist Bed Bunk,680,0,50,regular,1
Starlite,ferry,SAGA,Calapan,Batangas,09/09/2026,23:00,02:00,,Reclining Seat,680,0,50,regular,0
Starlite,ferry,SAGA,Calapan,Batangas,09/09/2026,23:00,02:00,,Economy Bed Bunk,680,0,50,regular,1
Starlite,ferry,SAGA,Calapan,Batangas,09/09/2026,23:00,02:00,,Tourist Bed Bunk,680,0,50,regular,1
Starlite,ferry,SAGA,Calapan,Batangas,10/09/2026,01:00,04:00,,Reclining Seat,680,0,50,regular,0
Starlite,ferry,SAGA,Calapan,Batangas,10/09/2026,01:00,04:00,,Economy Bed Bunk,680,0,50,regular,1
Starlite,ferry,SAGA,Calapan,Batangas,10/09/2026,01:00,04:00,,Tourist Bed Bunk,680,0,50,regular,1
Starlite,ferry,SAGA,Calapan,Batangas,10/09/2026,03:00,06:00,,Reclining Seat,680,0,50,regular,0
Starlite,ferry,SAGA,Calapan,Batangas,10/09/2026,03:00,06:00,,Economy Bed Bunk,680,0,50,regular,1
Starlite,ferry,SAGA,Calapan,Batangas,10/09/2026,03:00,06:00,,Tourist Bed Bunk,680,0,50,regular,1
Starlite,ferry,SAGA,Calapan,Batangas,10/09/2026,05:00,08:00,,Reclining Seat,680,0,50,regular,0
Starlite,ferry,SAGA,Calapan,Batangas,10/09/2026,05:00,08:00,,Economy Bed Bunk,680,0,50,regular,1
Starlite,ferry,SAGA,Calapan,Batangas,10/09/2026,05:00,08:00,,Tourist Bed Bunk,680,0,50,regular,1
Starlite,ferry,SAGA,Calapan,Batangas,10/09/2026,07:00,10:00,,Reclining Seat,680,0,50,regular,0
Starlite,ferry,SAGA,Calapan,Batangas,10/09/2026,07:00,10:00,,Economy Bed Bunk,680,0,50,regular,1
Starlite,ferry,SAGA,Calapan,Batangas,10/09/2026,07:00,10:00,,Tourist Bed Bunk,680,0,50,regular,1
Starlite,ferry,SAGA,Calapan,Batangas,10/09/2026,09:00,12:00,,Reclining Seat,680,0,50,regular,0
Starlite,ferry,SAGA,Calapan,Batangas,10/09/2026,09:00,12:00,,Economy Bed Bunk,680,0,50,regular,1
Starlite,ferry,SAGA,Calapan,Batangas,10/09/2026,09:00,12:00,,Tourist Bed Bunk,680,0,50,regular,1
Starlite,ferry,SAGA,Calapan,Batangas,10/09/2026,11:00,14:00,,Reclining Seat,680,0,50,regular,0
Starlite,ferry,SAGA,Calapan,Batangas,10/09/2026,11:00,14:00,,Economy Bed Bunk,680,0,50,regular,1
Starlite,ferry,SAGA,Calapan,Batangas,10/09/2026,11:00,14:00,,Tourist Bed Bunk,680,0,50,regular,1
Starlite,ferry,SAGA,Calapan,Batangas,10/09/2026,13:00,16:00,,Reclining Seat,680,0,50,regular,0
Starlite,ferry,SAGA,Calapan,Batangas,10/09/2026,13:00,16:00,,Economy Bed Bunk,680,0,50,regular,1
Starlite,ferry,SAGA,Calapan,Batangas,10/09/2026,13:00,16:00,,Tourist Bed Bunk,680,0,50,regular,1
Starlite,ferry,SAGA,Calapan,Batangas,10/09/2026,15:00,18:00,,Reclining Seat,680,0,50,regular,0
Starlite,ferry,SAGA,Calapan,Batangas,10/09/2026,15:00,18:00,,Economy Bed Bunk,680,0,50,regular,1
Starlite,ferry,SAGA,Calapan,Batangas,10/09/2026,15:00,18:00,,Tourist Bed Bunk,680,0,50,regular,1
Starlite,ferry,SAGA,Calapan,Batangas,10/09/2026,17:00,20:00,,Reclining Seat,680,0,50,regular,0
Starlite,ferry,SAGA,Calapan,Batangas,10/09/2026,17:00,20:00,,Economy Bed Bunk,680,0,50,regular,1
Starlite,ferry,SAGA,Calapan,Batangas,10/09/2026,17:00,20:00,,Tourist Bed Bunk,680,0,50,regular,1
Starlite,ferry,SAGA,Calapan,Batangas,10/09/2026,19:00,22:00,,Reclining Seat,680,0,50,regular,0
Starlite,ferry,SAGA,Calapan,Batangas,10/09/2026,19:00,22:00,,Economy Bed Bunk,680,0,50,regular,1
Starlite,ferry,SAGA,Calapan,Batangas,10/09/2026,19:00,22:00,,Tourist Bed Bunk,680,0,50,regular,1
Starlite,ferry,SAGA,Calapan,Batangas,10/09/2026,21:00,00:00,,Reclining Seat,680,0,50,regular,0
Starlite,ferry,SAGA,Calapan,Batangas,10/09/2026,21:00,00:00,,Economy Bed Bunk,680,0,50,regular,1
Starlite,ferry,SAGA,Calapan,Batangas,10/09/2026,21:00,00:00,,Tourist Bed Bunk,680,0,50,regular,1
Starlite,ferry,SAGA,Calapan,Batangas,10/09/2026,23:00,02:00,,Reclining Seat,680,0,50,regular,0
Starlite,ferry,SAGA,Calapan,Batangas,10/09/2026,23:00,02:00,,Economy Bed Bunk,680,0,50,regular,1
Starlite,ferry,SAGA,Calapan,Batangas,10/09/2026,23:00,02:00,,Tourist Bed Bunk,680,0,50,regular,1
Starlite,ferry,SAGA,Calapan,Batangas,11/09/2026,01:00,04:00,,Reclining Seat,680,0,50,regular,0
Starlite,ferry,SAGA,Calapan,Batangas,11/09/2026,01:00,04:00,,Economy Bed Bunk,680,0,50,regular,1
Starlite,ferry,SAGA,Calapan,Batangas,11/09/2026,01:00,04:00,,Tourist Bed Bunk,680,0,50,regular,1
Starlite,ferry,SAGA,Calapan,Batangas,11/09/2026,03:00,06:00,,Reclining Seat,680,0,50,regular,0
Starlite,ferry,SAGA,Calapan,Batangas,11/09/2026,03:00,06:00,,Economy Bed Bunk,680,0,50,regular,1
Starlite,ferry,SAGA,Calapan,Batangas,11/09/2026,03:00,06:00,,Tourist Bed Bunk,680,0,50,regular,1
Starlite,ferry,SAGA,Calapan,Batangas,11/09/2026,05:00,08:00,,Reclining Seat,680,0,50,regular,0
Starlite,ferry,SAGA,Calapan,Batangas,11/09/2026,05:00,08:00,,Economy Bed Bunk,680,0,50,regular,1
Starlite,ferry,SAGA,Calapan,Batangas,11/09/2026,05:00,08:00,,Tourist Bed Bunk,680,0,50,regular,1
Starlite,ferry,SAGA,Calapan,Batangas,11/09/2026,07:00,10:00,,Reclining Seat,680,0,50,regular,0
Starlite,ferry,SAGA,Calapan,Batangas,11/09/2026,07:00,10:00,,Economy Bed Bunk,680,0,50,regular,1
Starlite,ferry,SAGA,Calapan,Batangas,11/09/2026,07:00,10:00,,Tourist Bed Bunk,680,0,50,regular,1
Starlite,ferry,SAGA,Calapan,Batangas,11/09/2026,09:00,12:00,,Reclining Seat,680,0,50,regular,0
Starlite,ferry,SAGA,Calapan,Batangas,11/09/2026,09:00,12:00,,Economy Bed Bunk,680,0,50,regular,1
Starlite,ferry,SAGA,Calapan,Batangas,11/09/2026,09:00,12:00,,Tourist Bed Bunk,680,0,50,regular,1
Starlite,ferry,SAGA,Calapan,Batangas,11/09/2026,11:00,14:00,,Reclining Seat,680,0,50,regular,0
Starlite,ferry,SAGA,Calapan,Batangas,11/09/2026,11:00,14:00,,Economy Bed Bunk,680,0,50,regular,1
Starlite,ferry,SAGA,Calapan,Batangas,11/09/2026,11:00,14:00,,Tourist Bed Bunk,680,0,50,regular,1
Starlite,ferry,SAGA,Calapan,Batangas,11/09/2026,13:00,16:00,,Reclining Seat,680,0,50,regular,0
Starlite,ferry,SAGA,Calapan,Batangas,11/09/2026,13:00,16:00,,Economy Bed Bunk,680,0,50,regular,1
Starlite,ferry,SAGA,Calapan,Batangas,11/09/2026,13:00,16:00,,Tourist Bed Bunk,680,0,50,regular,1
Starlite,ferry,SAGA,Calapan,Batangas,11/09/2026,15:00,18:00,,Reclining Seat,680,0,50,regular,0
Starlite,ferry,SAGA,Calapan,Batangas,11/09/2026,15:00,18:00,,Economy Bed Bunk,680,0,50,regular,1
Starlite,ferry,SAGA,Calapan,Batangas,11/09/2026,15:00,18:00,,Tourist Bed Bunk,680,0,50,regular,1
Starlite,ferry,SAGA,Calapan,Batangas,11/09/2026,17:00,20:00,,Reclining Seat,680,0,50,regular,0
Starlite,ferry,SAGA,Calapan,Batangas,11/09/2026,17:00,20:00,,Economy Bed Bunk,680,0,50,regular,1
Starlite,ferry,SAGA,Calapan,Batangas,11/09/2026,17:00,20:00,,Tourist Bed Bunk,680,0,50,regular,1
Starlite,ferry,SAGA,Calapan,Batangas,11/09/2026,19:00,22:00,,Reclining Seat,680,0,50,regular,0
Starlite,ferry,SAGA,Calapan,Batangas,11/09/2026,19:00,22:00,,Economy Bed Bunk,680,0,50,regular,1
Starlite,ferry,SAGA,Calapan,Batangas,11/09/2026,19:00,22:00,,Tourist Bed Bunk,680,0,50,regular,1
Starlite,ferry,SAGA,Calapan,Batangas,11/09/2026,21:00,00:00,,Reclining Seat,680,0,50,regular,0
Starlite,ferry,SAGA,Calapan,Batangas,11/09/2026,21:00,00:00,,Economy Bed Bunk,680,0,50,regular,1
Starlite,ferry,SAGA,Calapan,Batangas,11/09/2026,21:00,00:00,,Tourist Bed Bunk,680,0,50,regular,1
Starlite,ferry,SAGA,Calapan,Batangas,11/09/2026,23:00,02:00,,Reclining Seat,680,0,50,regular,0
Starlite,ferry,SAGA,Calapan,Batangas,11/09/2026,23:00,02:00,,Economy Bed Bunk,680,0,50,regular,1
Starlite,ferry,SAGA,Calapan,Batangas,11/09/2026,23:00,02:00,,Tourist Bed Bunk,680,0,50,regular,1
Starlite,ferry,SAGA,Calapan,Batangas,12/09/2026,01:00,04:00,,Reclining Seat,680,0,50,regular,0
Starlite,ferry,SAGA,Calapan,Batangas,12/09/2026,01:00,04:00,,Economy Bed Bunk,680,0,50,regular,1
Starlite,ferry,SAGA,Calapan,Batangas,12/09/2026,01:00,04:00,,Tourist Bed Bunk,680,0,50,regular,1
Starlite,ferry,SAGA,Calapan,Batangas,12/09/2026,03:00,06:00,,Reclining Seat,680,0,50,regular,0
Starlite,ferry,SAGA,Calapan,Batangas,12/09/2026,03:00,06:00,,Economy Bed Bunk,680,0,50,regular,1
Starlite,ferry,SAGA,Calapan,Batangas,12/09/2026,03:00,06:00,,Tourist Bed Bunk,680,0,50,regular,1
Starlite,ferry,SAGA,Calapan,Batangas,12/09/2026,05:00,08:00,,Reclining Seat,680,0,50,regular,0
Starlite,ferry,SAGA,Calapan,Batangas,12/09/2026,05:00,08:00,,Economy Bed Bunk,680,0,50,regular,1
Starlite,ferry,SAGA,Calapan,Batangas,12/09/2026,05:00,08:00,,Tourist Bed Bunk,680,0,50,regular,1
Starlite,ferry,SAGA,Calapan,Batangas,12/09/2026,07:00,10:00,,Reclining Seat,680,0,50,regular,0
Starlite,ferry,SAGA,Calapan,Batangas,12/09/2026,07:00,10:00,,Economy Bed Bunk,680,0,50,regular,1
Starlite,ferry,SAGA,Calapan,Batangas,12/09/2026,07:00,10:00,,Tourist Bed Bunk,680,0,50,regular,1
Starlite,ferry,SAGA,Calapan,Batangas,12/09/2026,09:00,12:00,,Reclining Seat,680,0,50,regular,0
Starlite,ferry,SAGA,Calapan,Batangas,12/09/2026,09:00,12:00,,Economy Bed Bunk,680,0,50,regular,1
Starlite,ferry,SAGA,Calapan,Batangas,12/09/2026,09:00,12:00,,Tourist Bed Bunk,680,0,50,regular,1
Starlite,ferry,SAGA,Calapan,Batangas,12/09/2026,11:00,14:00,,Reclining Seat,680,0,50,regular,0
Starlite,ferry,SAGA,Calapan,Batangas,12/09/2026,11:00,14:00,,Economy Bed Bunk,680,0,50,regular,1
Starlite,ferry,SAGA,Calapan,Batangas,12/09/2026,11:00,14:00,,Tourist Bed Bunk,680,0,50,regular,1
Starlite,ferry,SAGA,Calapan,Batangas,12/09/2026,13:00,16:00,,Reclining Seat,680,0,50,regular,0
Starlite,ferry,SAGA,Calapan,Batangas,12/09/2026,13:00,16:00,,Economy Bed Bunk,680,0,50,regular,1
Starlite,ferry,SAGA,Calapan,Batangas,12/09/2026,13:00,16:00,,Tourist Bed Bunk,680,0,50,regular,1
Starlite,ferry,SAGA,Calapan,Batangas,12/09/2026,15:00,18:00,,Reclining Seat,680,0,50,regular,0
Starlite,ferry,SAGA,Calapan,Batangas,12/09/2026,15:00,18:00,,Economy Bed Bunk,680,0,50,regular,1
Starlite,ferry,SAGA,Calapan,Batangas,12/09/2026,15:00,18:00,,Tourist Bed Bunk,680,0,50,regular,1
Starlite,ferry,SAGA,Calapan,Batangas,12/09/2026,17:00,20:00,,Reclining Seat,680,0,50,regular,0
Starlite,ferry,SAGA,Calapan,Batangas,12/09/2026,17:00,20:00,,Economy Bed Bunk,680,0,50,regular,1
Starlite,ferry,SAGA,Calapan,Batangas,12/09/2026,17:00,20:00,,Tourist Bed Bunk,680,0,50,regular,1
Starlite,ferry,SAGA,Calapan,Batangas,12/09/2026,19:00,22:00,,Reclining Seat,680,0,50,regular,0
Starlite,ferry,SAGA,Calapan,Batangas,12/09/2026,19:00,22:00,,Economy Bed Bunk,680,0,50,regular,1
Starlite,ferry,SAGA,Calapan,Batangas,12/09/2026,19:00,22:00,,Tourist Bed Bunk,680,0,50,regular,1
Starlite,ferry,SAGA,Calapan,Batangas,12/09/2026,21:00,00:00,,Reclining Seat,680,0,50,regular,0
Starlite,ferry,SAGA,Calapan,Batangas,12/09/2026,21:00,00:00,,Economy Bed Bunk,680,0,50,regular,1
Starlite,ferry,SAGA,Calapan,Batangas,12/09/2026,21:00,00:00,,Tourist Bed Bunk,680,0,50,regular,1
Starlite,ferry,SAGA,Calapan,Batangas,12/09/2026,23:00,02:00,,Reclining Seat,680,0,50,regular,0
Starlite,ferry,SAGA,Calapan,Batangas,12/09/2026,23:00,02:00,,Economy Bed Bunk,680,0,50,regular,1
Starlite,ferry,SAGA,Calapan,Batangas,12/09/2026,23:00,02:00,,Tourist Bed Bunk,680,0,50,regular,1
Starlite,ferry,JUPITER,Calapan,Batangas,03/09/2026,01:00,04:00,,Reclining Seat,680,0,50,regular,0
Starlite,ferry,JUPITER,Calapan,Batangas,03/09/2026,01:00,04:00,,Economy Bed Bunk,680,0,50,regular,1
Starlite,ferry,JUPITER,Calapan,Batangas,03/09/2026,01:00,04:00,,Tourist Bed Bunk,680,0,50,regular,1
Starlite,ferry,JUPITER,Calapan,Batangas,03/09/2026,03:00,06:00,,Reclining Seat,680,0,50,regular,0
Starlite,ferry,JUPITER,Calapan,Batangas,03/09/2026,03:00,06:00,,Economy Bed Bunk,680,0,50,regular,1
Starlite,ferry,JUPITER,Calapan,Batangas,03/09/2026,03:00,06:00,,Tourist Bed Bunk,680,0,50,regular,1
Starlite,ferry,JUPITER,Calapan,Batangas,03/09/2026,05:00,08:00,,Reclining Seat,680,0,50,regular,0
Starlite,ferry,JUPITER,Calapan,Batangas,03/09/2026,05:00,08:00,,Economy Bed Bunk,680,0,50,regular,1
Starlite,ferry,JUPITER,Calapan,Batangas,03/09/2026,05:00,08:00,,Tourist Bed Bunk,680,0,50,regular,1
Starlite,ferry,JUPITER,Calapan,Batangas,03/09/2026,07:00,10:00,,Reclining Seat,680,0,50,regular,0
Starlite,ferry,JUPITER,Calapan,Batangas,03/09/2026,07:00,10:00,,Economy Bed Bunk,680,0,50,regular,1
Starlite,ferry,JUPITER,Calapan,Batangas,03/09/2026,07:00,10:00,,Tourist Bed Bunk,680,0,50,regular,1
Starlite,ferry,JUPITER,Calapan,Batangas,03/09/2026,09:00,12:00,,Reclining Seat,680,0,50,regular,0
Starlite,ferry,JUPITER,Calapan,Batangas,03/09/2026,09:00,12:00,,Economy Bed Bunk,680,0,50,regular,1
Starlite,ferry,JUPITER,Calapan,Batangas,03/09/2026,09:00,12:00,,Tourist Bed Bunk,680,0,50,regular,1
Starlite,ferry,JUPITER,Calapan,Batangas,03/09/2026,11:00,14:00,,Reclining Seat,680,0,50,regular,0
Starlite,ferry,JUPITER,Calapan,Batangas,03/09/2026,11:00,14:00,,Economy Bed Bunk,680,0,50,regular,1
Starlite,ferry,JUPITER,Calapan,Batangas,03/09/2026,11:00,14:00,,Tourist Bed Bunk,680,0,50,regular,1
Starlite,ferry,JUPITER,Calapan,Batangas,03/09/2026,13:00,16:00,,Reclining Seat,680,0,50,regular,0
Starlite,ferry,JUPITER,Calapan,Batangas,03/09/2026,13:00,16:00,,Economy Bed Bunk,680,0,50,regular,1
Starlite,ferry,JUPITER,Calapan,Batangas,03/09/2026,13:00,16:00,,Tourist Bed Bunk,680,0,50,regular,1
Starlite,ferry,JUPITER,Calapan,Batangas,03/09/2026,15:00,18:00,,Reclining Seat,680,0,50,regular,0
Starlite,ferry,JUPITER,Calapan,Batangas,03/09/2026,15:00,18:00,,Economy Bed Bunk,680,0,50,regular,1
Starlite,ferry,JUPITER,Calapan,Batangas,03/09/2026,15:00,18:00,,Tourist Bed Bunk,680,0,50,regular,1
Starlite,ferry,JUPITER,Calapan,Batangas,03/09/2026,17:00,20:00,,Reclining Seat,680,0,50,regular,0
Starlite,ferry,JUPITER,Calapan,Batangas,03/09/2026,17:00,20:00,,Economy Bed Bunk,680,0,50,regular,1
Starlite,ferry,JUPITER,Calapan,Batangas,03/09/2026,17:00,20:00,,Tourist Bed Bunk,680,0,50,regular,1
Starlite,ferry,JUPITER,Calapan,Batangas,03/09/2026,19:00,22:00,,Reclining Seat,680,0,50,regular,0
Starlite,ferry,JUPITER,Calapan,Batangas,03/09/2026,19:00,22:00,,Economy Bed Bunk,680,0,50,regular,1
Starlite,ferry,JUPITER,Calapan,Batangas,03/09/2026,19:00,22:00,,Tourist Bed Bunk,680,0,50,regular,1
Starlite,ferry,JUPITER,Calapan,Batangas,03/09/2026,21:00,00:00,,Reclining Seat,680,0,50,regular,0
Starlite,ferry,JUPITER,Calapan,Batangas,03/09/2026,21:00,00:00,,Economy Bed Bunk,680,0,50,regular,1
Starlite,ferry,JUPITER,Calapan,Batangas,03/09/2026,21:00,00:00,,Tourist Bed Bunk,680,0,50,regular,1
Starlite,ferry,JUPITER,Calapan,Batangas,03/09/2026,23:00,02:00,,Reclining Seat,680,0,50,regular,0
Starlite,ferry,JUPITER,Calapan,Batangas,03/09/2026,23:00,02:00,,Economy Bed Bunk,680,0,50,regular,1
Starlite,ferry,JUPITER,Calapan,Batangas,03/09/2026,23:00,02:00,,Tourist Bed Bunk,680,0,50,regular,1
Starlite,ferry,JUPITER,Calapan,Batangas,04/09/2026,01:00,04:00,,Reclining Seat,680,0,50,regular,0
Starlite,ferry,JUPITER,Calapan,Batangas,04/09/2026,01:00,04:00,,Economy Bed Bunk,680,0,50,regular,1
Starlite,ferry,JUPITER,Calapan,Batangas,04/09/2026,01:00,04:00,,Tourist Bed Bunk,680,0,50,regular,1
Starlite,ferry,JUPITER,Calapan,Batangas,04/09/2026,03:00,06:00,,Reclining Seat,680,0,50,regular,0
Starlite,ferry,JUPITER,Calapan,Batangas,04/09/2026,03:00,06:00,,Economy Bed Bunk,680,0,50,regular,1
Starlite,ferry,JUPITER,Calapan,Batangas,04/09/2026,03:00,06:00,,Tourist Bed Bunk,680,0,50,regular,1
Starlite,ferry,JUPITER,Calapan,Batangas,04/09/2026,05:00,08:00,,Reclining Seat,680,0,50,regular,0
Starlite,ferry,JUPITER,Calapan,Batangas,04/09/2026,05:00,08:00,,Economy Bed Bunk,680,0,50,regular,1
Starlite,ferry,JUPITER,Calapan,Batangas,04/09/2026,05:00,08:00,,Tourist Bed Bunk,680,0,50,regular,1
Starlite,ferry,JUPITER,Calapan,Batangas,04/09/2026,07:00,10:00,,Reclining Seat,680,0,50,regular,0
Starlite,ferry,JUPITER,Calapan,Batangas,04/09/2026,07:00,10:00,,Economy Bed Bunk,680,0,50,regular,1
Starlite,ferry,JUPITER,Calapan,Batangas,04/09/2026,07:00,10:00,,Tourist Bed Bunk,680,0,50,regular,1
Starlite,ferry,JUPITER,Calapan,Batangas,04/09/2026,09:00,12:00,,Reclining Seat,680,0,50,regular,0
Starlite,ferry,JUPITER,Calapan,Batangas,04/09/2026,09:00,12:00,,Economy Bed Bunk,680,0,50,regular,1
Starlite,ferry,JUPITER,Calapan,Batangas,04/09/2026,09:00,12:00,,Tourist Bed Bunk,680,0,50,regular,1
Starlite,ferry,JUPITER,Calapan,Batangas,04/09/2026,11:00,14:00,,Reclining Seat,680,0,50,regular,0
Starlite,ferry,JUPITER,Calapan,Batangas,04/09/2026,11:00,14:00,,Economy Bed Bunk,680,0,50,regular,1
Starlite,ferry,JUPITER,Calapan,Batangas,04/09/2026,11:00,14:00,,Tourist Bed Bunk,680,0,50,regular,1
Starlite,ferry,JUPITER,Calapan,Batangas,04/09/2026,13:00,16:00,,Reclining Seat,680,0,50,regular,0
Starlite,ferry,JUPITER,Calapan,Batangas,04/09/2026,13:00,16:00,,Economy Bed Bunk,680,0,50,regular,1
Starlite,ferry,JUPITER,Calapan,Batangas,04/09/2026,13:00,16:00,,Tourist Bed Bunk,680,0,50,regular,1
Starlite,ferry,JUPITER,Calapan,Batangas,04/09/2026,15:00,18:00,,Reclining Seat,680,0,50,regular,0
Starlite,ferry,JUPITER,Calapan,Batangas,04/09/2026,15:00,18:00,,Economy Bed Bunk,680,0,50,regular,1
Starlite,ferry,JUPITER,Calapan,Batangas,04/09/2026,15:00,18:00,,Tourist Bed Bunk,680,0,50,regular,1
Starlite,ferry,JUPITER,Calapan,Batangas,04/09/2026,17:00,20:00,,Reclining Seat,680,0,50,regular,0
Starlite,ferry,JUPITER,Calapan,Batangas,04/09/2026,17:00,20:00,,Economy Bed Bunk,680,0,50,regular,1
Starlite,ferry,JUPITER,Calapan,Batangas,04/09/2026,17:00,20:00,,Tourist Bed Bunk,680,0,50,regular,1
Starlite,ferry,JUPITER,Calapan,Batangas,04/09/2026,19:00,22:00,,Reclining Seat,680,0,50,regular,0
Starlite,ferry,JUPITER,Calapan,Batangas,04/09/2026,19:00,22:00,,Economy Bed Bunk,680,0,50,regular,1
Starlite,ferry,JUPITER,Calapan,Batangas,04/09/2026,19:00,22:00,,Tourist Bed Bunk,680,0,50,regular,1
Starlite,ferry,JUPITER,Calapan,Batangas,04/09/2026,21:00,00:00,,Reclining Seat,680,0,50,regular,0
Starlite,ferry,JUPITER,Calapan,Batangas,04/09/2026,21:00,00:00,,Economy Bed Bunk,680,0,50,regular,1
Starlite,ferry,JUPITER,Calapan,Batangas,04/09/2026,21:00,00:00,,Tourist Bed Bunk,680,0,50,regular,1
Starlite,ferry,JUPITER,Calapan,Batangas,04/09/2026,23:00,02:00,,Reclining Seat,680,0,50,regular,0
Starlite,ferry,JUPITER,Calapan,Batangas,04/09/2026,23:00,02:00,,Economy Bed Bunk,680,0,50,regular,1
Starlite,ferry,JUPITER,Calapan,Batangas,04/09/2026,23:00,02:00,,Tourist Bed Bunk,680,0,50,regular,1
Starlite,ferry,JUPITER,Calapan,Batangas,05/09/2026,01:00,04:00,,Reclining Seat,680,0,50,regular,0
Starlite,ferry,JUPITER,Calapan,Batangas,05/09/2026,01:00,04:00,,Economy Bed Bunk,680,0,50,regular,1
Starlite,ferry,JUPITER,Calapan,Batangas,05/09/2026,01:00,04:00,,Tourist Bed Bunk,680,0,50,regular,1
Starlite,ferry,JUPITER,Calapan,Batangas,05/09/2026,03:00,06:00,,Reclining Seat,680,0,50,regular,0
Starlite,ferry,JUPITER,Calapan,Batangas,05/09/2026,03:00,06:00,,Economy Bed Bunk,680,0,50,regular,1
Starlite,ferry,JUPITER,Calapan,Batangas,05/09/2026,03:00,06:00,,Tourist Bed Bunk,680,0,50,regular,1
Starlite,ferry,JUPITER,Calapan,Batangas,05/09/2026,05:00,08:00,,Reclining Seat,680,0,50,regular,0
Starlite,ferry,JUPITER,Calapan,Batangas,05/09/2026,05:00,08:00,,Economy Bed Bunk,680,0,50,regular,1
Starlite,ferry,JUPITER,Calapan,Batangas,05/09/2026,05:00,08:00,,Tourist Bed Bunk,680,0,50,regular,1
Starlite,ferry,JUPITER,Calapan,Batangas,05/09/2026,07:00,10:00,,Reclining Seat,680,0,50,regular,0
Starlite,ferry,JUPITER,Calapan,Batangas,05/09/2026,07:00,10:00,,Economy Bed Bunk,680,0,50,regular,1
Starlite,ferry,JUPITER,Calapan,Batangas,05/09/2026,07:00,10:00,,Tourist Bed Bunk,680,0,50,regular,1
Starlite,ferry,JUPITER,Calapan,Batangas,05/09/2026,09:00,12:00,,Reclining Seat,680,0,50,regular,0
Starlite,ferry,JUPITER,Calapan,Batangas,05/09/2026,09:00,12:00,,Economy Bed Bunk,680,0,50,regular,1
Starlite,ferry,JUPITER,Calapan,Batangas,05/09/2026,09:00,12:00,,Tourist Bed Bunk,680,0,50,regular,1
Starlite,ferry,JUPITER,Calapan,Batangas,05/09/2026,11:00,14:00,,Reclining Seat,680,0,50,regular,0
Starlite,ferry,JUPITER,Calapan,Batangas,05/09/2026,11:00,14:00,,Economy Bed Bunk,680,0,50,regular,1
Starlite,ferry,JUPITER,Calapan,Batangas,05/09/2026,11:00,14:00,,Tourist Bed Bunk,680,0,50,regular,1
Starlite,ferry,JUPITER,Calapan,Batangas,05/09/2026,13:00,16:00,,Reclining Seat,680,0,50,regular,0
Starlite,ferry,JUPITER,Calapan,Batangas,05/09/2026,13:00,16:00,,Economy Bed Bunk,680,0,50,regular,1
Starlite,ferry,JUPITER,Calapan,Batangas,05/09/2026,13:00,16:00,,Tourist Bed Bunk,680,0,50,regular,1
Starlite,ferry,JUPITER,Calapan,Batangas,05/09/2026,15:00,18:00,,Reclining Seat,680,0,50,regular,0
Starlite,ferry,JUPITER,Calapan,Batangas,05/09/2026,15:00,18:00,,Economy Bed Bunk,680,0,50,regular,1
Starlite,ferry,JUPITER,Calapan,Batangas,05/09/2026,15:00,18:00,,Tourist Bed Bunk,680,0,50,regular,1
Starlite,ferry,JUPITER,Calapan,Batangas,05/09/2026,17:00,20:00,,Reclining Seat,680,0,50,regular,0
Starlite,ferry,JUPITER,Calapan,Batangas,05/09/2026,17:00,20:00,,Economy Bed Bunk,680,0,50,regular,1
Starlite,ferry,JUPITER,Calapan,Batangas,05/09/2026,17:00,20:00,,Tourist Bed Bunk,680,0,50,regular,1
Starlite,ferry,JUPITER,Calapan,Batangas,05/09/2026,19:00,22:00,,Reclining Seat,680,0,50,regular,0
Starlite,ferry,JUPITER,Calapan,Batangas,05/09/2026,19:00,22:00,,Economy Bed Bunk,680,0,50,regular,1
Starlite,ferry,JUPITER,Calapan,Batangas,05/09/2026,19:00,22:00,,Tourist Bed Bunk,680,0,50,regular,1
Starlite,ferry,JUPITER,Calapan,Batangas,05/09/2026,21:00,00:00,,Reclining Seat,680,0,50,regular,0
Starlite,ferry,JUPITER,Calapan,Batangas,05/09/2026,21:00,00:00,,Economy Bed Bunk,680,0,50,regular,1
Starlite,ferry,JUPITER,Calapan,Batangas,05/09/2026,21:00,00:00,,Tourist Bed Bunk,680,0,50,regular,1
Starlite,ferry,JUPITER,Calapan,Batangas,05/09/2026,23:00,02:00,,Reclining Seat,680,0,50,regular,0
Starlite,ferry,JUPITER,Calapan,Batangas,05/09/2026,23:00,02:00,,Economy Bed Bunk,680,0,50,regular,1
Starlite,ferry,JUPITER,Calapan,Batangas,05/09/2026,23:00,02:00,,Tourist Bed Bunk,680,0,50,regular,1
Starlite,ferry,JUPITER,Calapan,Batangas,06/09/2026,01:00,04:00,,Reclining Seat,680,0,50,regular,0
Starlite,ferry,JUPITER,Calapan,Batangas,06/09/2026,01:00,04:00,,Economy Bed Bunk,680,0,50,regular,1
Starlite,ferry,JUPITER,Calapan,Batangas,06/09/2026,01:00,04:00,,Tourist Bed Bunk,680,0,50,regular,1
Starlite,ferry,JUPITER,Calapan,Batangas,06/09/2026,03:00,06:00,,Reclining Seat,680,0,50,regular,0
Starlite,ferry,JUPITER,Calapan,Batangas,06/09/2026,03:00,06:00,,Economy Bed Bunk,680,0,50,regular,1
Starlite,ferry,JUPITER,Calapan,Batangas,06/09/2026,03:00,06:00,,Tourist Bed Bunk,680,0,50,regular,1
Starlite,ferry,JUPITER,Calapan,Batangas,06/09/2026,05:00,08:00,,Reclining Seat,680,0,50,regular,0
Starlite,ferry,JUPITER,Calapan,Batangas,06/09/2026,05:00,08:00,,Economy Bed Bunk,680,0,50,regular,1
Starlite,ferry,JUPITER,Calapan,Batangas,06/09/2026,05:00,08:00,,Tourist Bed Bunk,680,0,50,regular,1
Starlite,ferry,JUPITER,Calapan,Batangas,06/09/2026,07:00,10:00,,Reclining Seat,680,0,50,regular,0
Starlite,ferry,JUPITER,Calapan,Batangas,06/09/2026,07:00,10:00,,Economy Bed Bunk,680,0,50,regular,1
Starlite,ferry,JUPITER,Calapan,Batangas,06/09/2026,07:00,10:00,,Tourist Bed Bunk,680,0,50,regular,1
Starlite,ferry,JUPITER,Calapan,Batangas,06/09/2026,09:00,12:00,,Reclining Seat,680,0,50,regular,0
Starlite,ferry,JUPITER,Calapan,Batangas,06/09/2026,09:00,12:00,,Economy Bed Bunk,680,0,50,regular,1
Starlite,ferry,JUPITER,Calapan,Batangas,06/09/2026,09:00,12:00,,Tourist Bed Bunk,680,0,50,regular,1
Starlite,ferry,JUPITER,Calapan,Batangas,06/09/2026,11:00,14:00,,Reclining Seat,680,0,50,regular,0
Starlite,ferry,JUPITER,Calapan,Batangas,06/09/2026,11:00,14:00,,Economy Bed Bunk,680,0,50,regular,1
Starlite,ferry,JUPITER,Calapan,Batangas,06/09/2026,11:00,14:00,,Tourist Bed Bunk,680,0,50,regular,1
Starlite,ferry,JUPITER,Calapan,Batangas,06/09/2026,13:00,16:00,,Reclining Seat,680,0,50,regular,0
Starlite,ferry,JUPITER,Calapan,Batangas,06/09/2026,13:00,16:00,,Economy Bed Bunk,680,0,50,regular,1
Starlite,ferry,JUPITER,Calapan,Batangas,06/09/2026,13:00,16:00,,Tourist Bed Bunk,680,0,50,regular,1
Starlite,ferry,JUPITER,Calapan,Batangas,06/09/2026,15:00,18:00,,Reclining Seat,680,0,50,regular,0
Starlite,ferry,JUPITER,Calapan,Batangas,06/09/2026,15:00,18:00,,Economy Bed Bunk,680,0,50,regular,1
Starlite,ferry,JUPITER,Calapan,Batangas,06/09/2026,15:00,18:00,,Tourist Bed Bunk,680,0,50,regular,1
Starlite,ferry,JUPITER,Calapan,Batangas,06/09/2026,17:00,20:00,,Reclining Seat,680,0,50,regular,0
Starlite,ferry,JUPITER,Calapan,Batangas,06/09/2026,17:00,20:00,,Economy Bed Bunk,680,0,50,regular,1
Starlite,ferry,JUPITER,Calapan,Batangas,06/09/2026,17:00,20:00,,Tourist Bed Bunk,680,0,50,regular,1
Starlite,ferry,JUPITER,Calapan,Batangas,06/09/2026,19:00,22:00,,Reclining Seat,680,0,50,regular,0
Starlite,ferry,JUPITER,Calapan,Batangas,06/09/2026,19:00,22:00,,Economy Bed Bunk,680,0,50,regular,1
Starlite,ferry,JUPITER,Calapan,Batangas,06/09/2026,19:00,22:00,,Tourist Bed Bunk,680,0,50,regular,1
Starlite,ferry,JUPITER,Calapan,Batangas,06/09/2026,21:00,00:00,,Reclining Seat,680,0,50,regular,0
Starlite,ferry,JUPITER,Calapan,Batangas,06/09/2026,21:00,00:00,,Economy Bed Bunk,680,0,50,regular,1
Starlite,ferry,JUPITER,Calapan,Batangas,06/09/2026,21:00,00:00,,Tourist Bed Bunk,680,0,50,regular,1
Starlite,ferry,JUPITER,Calapan,Batangas,06/09/2026,23:00,02:00,,Reclining Seat,680,0,50,regular,0
Starlite,ferry,JUPITER,Calapan,Batangas,06/09/2026,23:00,02:00,,Economy Bed Bunk,680,0,50,regular,1
Starlite,ferry,JUPITER,Calapan,Batangas,06/09/2026,23:00,02:00,,Tourist Bed Bunk,680,0,50,regular,1
Starlite,ferry,JUPITER,Calapan,Batangas,07/09/2026,01:00,04:00,,Reclining Seat,680,0,50,regular,0
Starlite,ferry,JUPITER,Calapan,Batangas,07/09/2026,01:00,04:00,,Economy Bed Bunk,680,0,50,regular,1
Starlite,ferry,JUPITER,Calapan,Batangas,07/09/2026,01:00,04:00,,Tourist Bed Bunk,680,0,50,regular,1
Starlite,ferry,JUPITER,Calapan,Batangas,07/09/2026,03:00,06:00,,Reclining Seat,680,0,50,regular,0
Starlite,ferry,JUPITER,Calapan,Batangas,07/09/2026,03:00,06:00,,Economy Bed Bunk,680,0,50,regular,1
Starlite,ferry,JUPITER,Calapan,Batangas,07/09/2026,03:00,06:00,,Tourist Bed Bunk,680,0,50,regular,1
Starlite,ferry,JUPITER,Calapan,Batangas,07/09/2026,05:00,08:00,,Reclining Seat,680,0,50,regular,0
Starlite,ferry,JUPITER,Calapan,Batangas,07/09/2026,05:00,08:00,,Economy Bed Bunk,680,0,50,regular,1
Starlite,ferry,JUPITER,Calapan,Batangas,07/09/2026,05:00,08:00,,Tourist Bed Bunk,680,0,50,regular,1
Starlite,ferry,JUPITER,Calapan,Batangas,07/09/2026,07:00,10:00,,Reclining Seat,680,0,50,regular,0
Starlite,ferry,JUPITER,Calapan,Batangas,07/09/2026,07:00,10:00,,Economy Bed Bunk,680,0,50,regular,1
Starlite,ferry,JUPITER,Calapan,Batangas,07/09/2026,07:00,10:00,,Tourist Bed Bunk,680,0,50,regular,1
Starlite,ferry,JUPITER,Calapan,Batangas,07/09/2026,09:00,12:00,,Reclining Seat,680,0,50,regular,0
Starlite,ferry,JUPITER,Calapan,Batangas,07/09/2026,09:00,12:00,,Economy Bed Bunk,680,0,50,regular,1
Starlite,ferry,JUPITER,Calapan,Batangas,07/09/2026,09:00,12:00,,Tourist Bed Bunk,680,0,50,regular,1
Starlite,ferry,JUPITER,Calapan,Batangas,07/09/2026,11:00,14:00,,Reclining Seat,680,0,50,regular,0
Starlite,ferry,JUPITER,Calapan,Batangas,07/09/2026,11:00,14:00,,Economy Bed Bunk,680,0,50,regular,1
Starlite,ferry,JUPITER,Calapan,Batangas,07/09/2026,11:00,14:00,,Tourist Bed Bunk,680,0,50,regular,1
Starlite,ferry,JUPITER,Calapan,Batangas,07/09/2026,13:00,16:00,,Reclining Seat,680,0,50,regular,0
Starlite,ferry,JUPITER,Calapan,Batangas,07/09/2026,13:00,16:00,,Economy Bed Bunk,680,0,50,regular,1
Starlite,ferry,JUPITER,Calapan,Batangas,07/09/2026,13:00,16:00,,Tourist Bed Bunk,680,0,50,regular,1
Starlite,ferry,JUPITER,Calapan,Batangas,07/09/2026,15:00,18:00,,Reclining Seat,680,0,50,regular,0
Starlite,ferry,JUPITER,Calapan,Batangas,07/09/2026,15:00,18:00,,Economy Bed Bunk,680,0,50,regular,1
Starlite,ferry,JUPITER,Calapan,Batangas,07/09/2026,15:00,18:00,,Tourist Bed Bunk,680,0,50,regular,1
Starlite,ferry,JUPITER,Calapan,Batangas,07/09/2026,17:00,20:00,,Reclining Seat,680,0,50,regular,0
Starlite,ferry,JUPITER,Calapan,Batangas,07/09/2026,17:00,20:00,,Economy Bed Bunk,680,0,50,regular,1
Starlite,ferry,JUPITER,Calapan,Batangas,07/09/2026,17:00,20:00,,Tourist Bed Bunk,680,0,50,regular,1
Starlite,ferry,JUPITER,Calapan,Batangas,07/09/2026,19:00,22:00,,Reclining Seat,680,0,50,regular,0
Starlite,ferry,JUPITER,Calapan,Batangas,07/09/2026,19:00,22:00,,Economy Bed Bunk,680,0,50,regular,1
Starlite,ferry,JUPITER,Calapan,Batangas,07/09/2026,19:00,22:00,,Tourist Bed Bunk,680,0,50,regular,1
Starlite,ferry,JUPITER,Calapan,Batangas,07/09/2026,21:00,00:00,,Reclining Seat,680,0,50,regular,0
Starlite,ferry,JUPITER,Calapan,Batangas,07/09/2026,21:00,00:00,,Economy Bed Bunk,680,0,50,regular,1
Starlite,ferry,JUPITER,Calapan,Batangas,07/09/2026,21:00,00:00,,Tourist Bed Bunk,680,0,50,regular,1
Starlite,ferry,JUPITER,Calapan,Batangas,07/09/2026,23:00,02:00,,Reclining Seat,680,0,50,regular,0
Starlite,ferry,JUPITER,Calapan,Batangas,07/09/2026,23:00,02:00,,Economy Bed Bunk,680,0,50,regular,1
Starlite,ferry,JUPITER,Calapan,Batangas,07/09/2026,23:00,02:00,,Tourist Bed Bunk,680,0,50,regular,1
Starlite,ferry,JUPITER,Calapan,Batangas,08/09/2026,01:00,04:00,,Reclining Seat,680,0,50,regular,0
Starlite,ferry,JUPITER,Calapan,Batangas,08/09/2026,01:00,04:00,,Economy Bed Bunk,680,0,50,regular,1
Starlite,ferry,JUPITER,Calapan,Batangas,08/09/2026,01:00,04:00,,Tourist Bed Bunk,680,0,50,regular,1
Starlite,ferry,JUPITER,Calapan,Batangas,08/09/2026,03:00,06:00,,Reclining Seat,680,0,50,regular,0
Starlite,ferry,JUPITER,Calapan,Batangas,08/09/2026,03:00,06:00,,Economy Bed Bunk,680,0,50,regular,1
Starlite,ferry,JUPITER,Calapan,Batangas,08/09/2026,03:00,06:00,,Tourist Bed Bunk,680,0,50,regular,1
Starlite,ferry,JUPITER,Calapan,Batangas,08/09/2026,05:00,08:00,,Reclining Seat,680,0,50,regular,0
Starlite,ferry,JUPITER,Calapan,Batangas,08/09/2026,05:00,08:00,,Economy Bed Bunk,680,0,50,regular,1
Starlite,ferry,JUPITER,Calapan,Batangas,08/09/2026,05:00,08:00,,Tourist Bed Bunk,680,0,50,regular,1
Starlite,ferry,JUPITER,Calapan,Batangas,08/09/2026,07:00,10:00,,Reclining Seat,680,0,50,regular,0
Starlite,ferry,JUPITER,Calapan,Batangas,08/09/2026,07:00,10:00,,Economy Bed Bunk,680,0,50,regular,1
Starlite,ferry,JUPITER,Calapan,Batangas,08/09/2026,07:00,10:00,,Tourist Bed Bunk,680,0,50,regular,1
Starlite,ferry,JUPITER,Calapan,Batangas,08/09/2026,09:00,12:00,,Reclining Seat,680,0,50,regular,0
Starlite,ferry,JUPITER,Calapan,Batangas,08/09/2026,09:00,12:00,,Economy Bed Bunk,680,0,50,regular,1
Starlite,ferry,JUPITER,Calapan,Batangas,08/09/2026,09:00,12:00,,Tourist Bed Bunk,680,0,50,regular,1
Starlite,ferry,JUPITER,Calapan,Batangas,08/09/2026,11:00,14:00,,Reclining Seat,680,0,50,regular,0
Starlite,ferry,JUPITER,Calapan,Batangas,08/09/2026,11:00,14:00,,Economy Bed Bunk,680,0,50,regular,1
Starlite,ferry,JUPITER,Calapan,Batangas,08/09/2026,11:00,14:00,,Tourist Bed Bunk,680,0,50,regular,1
Starlite,ferry,JUPITER,Calapan,Batangas,08/09/2026,13:00,16:00,,Reclining Seat,680,0,50,regular,0
Starlite,ferry,JUPITER,Calapan,Batangas,08/09/2026,13:00,16:00,,Economy Bed Bunk,680,0,50,regular,1
Starlite,ferry,JUPITER,Calapan,Batangas,08/09/2026,13:00,16:00,,Tourist Bed Bunk,680,0,50,regular,1
Starlite,ferry,JUPITER,Calapan,Batangas,08/09/2026,15:00,18:00,,Reclining Seat,680,0,50,regular,0
Starlite,ferry,JUPITER,Calapan,Batangas,08/09/2026,15:00,18:00,,Economy Bed Bunk,680,0,50,regular,1
Starlite,ferry,JUPITER,Calapan,Batangas,08/09/2026,15:00,18:00,,Tourist Bed Bunk,680,0,50,regular,1
Starlite,ferry,JUPITER,Calapan,Batangas,08/09/2026,17:00,20:00,,Reclining Seat,680,0,50,regular,0
Starlite,ferry,JUPITER,Calapan,Batangas,08/09/2026,17:00,20:00,,Economy Bed Bunk,680,0,50,regular,1
Starlite,ferry,JUPITER,Calapan,Batangas,08/09/2026,17:00,20:00,,Tourist Bed Bunk,680,0,50,regular,1
Starlite,ferry,JUPITER,Calapan,Batangas,08/09/2026,19:00,22:00,,Reclining Seat,680,0,50,regular,0
Starlite,ferry,JUPITER,Calapan,Batangas,08/09/2026,19:00,22:00,,Economy Bed Bunk,680,0,50,regular,1
Starlite,ferry,JUPITER,Calapan,Batangas,08/09/2026,19:00,22:00,,Tourist Bed Bunk,680,0,50,regular,1
Starlite,ferry,JUPITER,Calapan,Batangas,08/09/2026,21:00,00:00,,Reclining Seat,680,0,50,regular,0
Starlite,ferry,JUPITER,Calapan,Batangas,08/09/2026,21:00,00:00,,Economy Bed Bunk,680,0,50,regular,1
Starlite,ferry,JUPITER,Calapan,Batangas,08/09/2026,21:00,00:00,,Tourist Bed Bunk,680,0,50,regular,1
Starlite,ferry,JUPITER,Calapan,Batangas,08/09/2026,23:00,02:00,,Reclining Seat,680,0,50,regular,0
Starlite,ferry,JUPITER,Calapan,Batangas,08/09/2026,23:00,02:00,,Economy Bed Bunk,680,0,50,regular,1
Starlite,ferry,JUPITER,Calapan,Batangas,08/09/2026,23:00,02:00,,Tourist Bed Bunk,680,0,50,regular,1
Starlite,ferry,JUPITER,Calapan,Batangas,09/09/2026,01:00,04:00,,Reclining Seat,680,0,50,regular,0
Starlite,ferry,JUPITER,Calapan,Batangas,09/09/2026,01:00,04:00,,Economy Bed Bunk,680,0,50,regular,1
Starlite,ferry,JUPITER,Calapan,Batangas,09/09/2026,01:00,04:00,,Tourist Bed Bunk,680,0,50,regular,1
Starlite,ferry,JUPITER,Calapan,Batangas,09/09/2026,03:00,06:00,,Reclining Seat,680,0,50,regular,0
Starlite,ferry,JUPITER,Calapan,Batangas,09/09/2026,03:00,06:00,,Economy Bed Bunk,680,0,50,regular,1
Starlite,ferry,JUPITER,Calapan,Batangas,09/09/2026,03:00,06:00,,Tourist Bed Bunk,680,0,50,regular,1
Starlite,ferry,JUPITER,Calapan,Batangas,09/09/2026,05:00,08:00,,Reclining Seat,680,0,50,regular,0
Starlite,ferry,JUPITER,Calapan,Batangas,09/09/2026,05:00,08:00,,Economy Bed Bunk,680,0,50,regular,1
Starlite,ferry,JUPITER,Calapan,Batangas,09/09/2026,05:00,08:00,,Tourist Bed Bunk,680,0,50,regular,1
Starlite,ferry,JUPITER,Calapan,Batangas,09/09/2026,07:00,10:00,,Reclining Seat,680,0,50,regular,0
Starlite,ferry,JUPITER,Calapan,Batangas,09/09/2026,07:00,10:00,,Economy Bed Bunk,680,0,50,regular,1
Starlite,ferry,JUPITER,Calapan,Batangas,09/09/2026,07:00,10:00,,Tourist Bed Bunk,680,0,50,regular,1
Starlite,ferry,JUPITER,Calapan,Batangas,09/09/2026,09:00,12:00,,Reclining Seat,680,0,50,regular,0
Starlite,ferry,JUPITER,Calapan,Batangas,09/09/2026,09:00,12:00,,Economy Bed Bunk,680,0,50,regular,1
Starlite,ferry,JUPITER,Calapan,Batangas,09/09/2026,09:00,12:00,,Tourist Bed Bunk,680,0,50,regular,1
Starlite,ferry,JUPITER,Calapan,Batangas,09/09/2026,11:00,14:00,,Reclining Seat,680,0,50,regular,0
Starlite,ferry,JUPITER,Calapan,Batangas,09/09/2026,11:00,14:00,,Economy Bed Bunk,680,0,50,regular,1
Starlite,ferry,JUPITER,Calapan,Batangas,09/09/2026,11:00,14:00,,Tourist Bed Bunk,680,0,50,regular,1
Starlite,ferry,JUPITER,Calapan,Batangas,09/09/2026,13:00,16:00,,Reclining Seat,680,0,50,regular,0
Starlite,ferry,JUPITER,Calapan,Batangas,09/09/2026,13:00,16:00,,Economy Bed Bunk,680,0,50,regular,1
Starlite,ferry,JUPITER,Calapan,Batangas,09/09/2026,13:00,16:00,,Tourist Bed Bunk,680,0,50,regular,1
Starlite,ferry,JUPITER,Calapan,Batangas,09/09/2026,15:00,18:00,,Reclining Seat,680,0,50,regular,0
Starlite,ferry,JUPITER,Calapan,Batangas,09/09/2026,15:00,18:00,,Economy Bed Bunk,680,0,50,regular,1
Starlite,ferry,JUPITER,Calapan,Batangas,09/09/2026,15:00,18:00,,Tourist Bed Bunk,680,0,50,regular,1
Starlite,ferry,JUPITER,Calapan,Batangas,09/09/2026,17:00,20:00,,Reclining Seat,680,0,50,regular,0
Starlite,ferry,JUPITER,Calapan,Batangas,09/09/2026,17:00,20:00,,Economy Bed Bunk,680,0,50,regular,1
Starlite,ferry,JUPITER,Calapan,Batangas,09/09/2026,17:00,20:00,,Tourist Bed Bunk,680,0,50,regular,1
Starlite,ferry,JUPITER,Calapan,Batangas,09/09/2026,19:00,22:00,,Reclining Seat,680,0,50,regular,0
Starlite,ferry,JUPITER,Calapan,Batangas,09/09/2026,19:00,22:00,,Economy Bed Bunk,680,0,50,regular,1
Starlite,ferry,JUPITER,Calapan,Batangas,09/09/2026,19:00,22:00,,Tourist Bed Bunk,680,0,50,regular,1
Starlite,ferry,JUPITER,Calapan,Batangas,09/09/2026,21:00,00:00,,Reclining Seat,680,0,50,regular,0
Starlite,ferry,JUPITER,Calapan,Batangas,09/09/2026,21:00,00:00,,Economy Bed Bunk,680,0,50,regular,1
Starlite,ferry,JUPITER,Calapan,Batangas,09/09/2026,21:00,00:00,,Tourist Bed Bunk,680,0,50,regular,1
Starlite,ferry,JUPITER,Calapan,Batangas,09/09/2026,23:00,02:00,,Reclining Seat,680,0,50,regular,0
Starlite,ferry,JUPITER,Calapan,Batangas,09/09/2026,23:00,02:00,,Economy Bed Bunk,680,0,50,regular,1
Starlite,ferry,JUPITER,Calapan,Batangas,09/09/2026,23:00,02:00,,Tourist Bed Bunk,680,0,50,regular,1
Starlite,ferry,JUPITER,Calapan,Batangas,10/09/2026,01:00,04:00,,Reclining Seat,680,0,50,regular,0
Starlite,ferry,JUPITER,Calapan,Batangas,10/09/2026,01:00,04:00,,Economy Bed Bunk,680,0,50,regular,1
Starlite,ferry,JUPITER,Calapan,Batangas,10/09/2026,01:00,04:00,,Tourist Bed Bunk,680,0,50,regular,1
Starlite,ferry,JUPITER,Calapan,Batangas,10/09/2026,03:00,06:00,,Reclining Seat,680,0,50,regular,0
Starlite,ferry,JUPITER,Calapan,Batangas,10/09/2026,03:00,06:00,,Economy Bed Bunk,680,0,50,regular,1
Starlite,ferry,JUPITER,Calapan,Batangas,10/09/2026,03:00,06:00,,Tourist Bed Bunk,680,0,50,regular,1
Starlite,ferry,JUPITER,Calapan,Batangas,10/09/2026,05:00,08:00,,Reclining Seat,680,0,50,regular,0
Starlite,ferry,JUPITER,Calapan,Batangas,10/09/2026,05:00,08:00,,Economy Bed Bunk,680,0,50,regular,1
Starlite,ferry,JUPITER,Calapan,Batangas,10/09/2026,05:00,08:00,,Tourist Bed Bunk,680,0,50,regular,1
Starlite,ferry,JUPITER,Calapan,Batangas,10/09/2026,07:00,10:00,,Reclining Seat,680,0,50,regular,0
Starlite,ferry,JUPITER,Calapan,Batangas,10/09/2026,07:00,10:00,,Economy Bed Bunk,680,0,50,regular,1
Starlite,ferry,JUPITER,Calapan,Batangas,10/09/2026,07:00,10:00,,Tourist Bed Bunk,680,0,50,regular,1
Starlite,ferry,JUPITER,Calapan,Batangas,10/09/2026,09:00,12:00,,Reclining Seat,680,0,50,regular,0
Starlite,ferry,JUPITER,Calapan,Batangas,10/09/2026,09:00,12:00,,Economy Bed Bunk,680,0,50,regular,1
Starlite,ferry,JUPITER,Calapan,Batangas,10/09/2026,09:00,12:00,,Tourist Bed Bunk,680,0,50,regular,1
Starlite,ferry,JUPITER,Calapan,Batangas,10/09/2026,11:00,14:00,,Reclining Seat,680,0,50,regular,0
Starlite,ferry,JUPITER,Calapan,Batangas,10/09/2026,11:00,14:00,,Economy Bed Bunk,680,0,50,regular,1
Starlite,ferry,JUPITER,Calapan,Batangas,10/09/2026,11:00,14:00,,Tourist Bed Bunk,680,0,50,regular,1
Starlite,ferry,JUPITER,Calapan,Batangas,10/09/2026,13:00,16:00,,Reclining Seat,680,0,50,regular,0
Starlite,ferry,JUPITER,Calapan,Batangas,10/09/2026,13:00,16:00,,Economy Bed Bunk,680,0,50,regular,1
Starlite,ferry,JUPITER,Calapan,Batangas,10/09/2026,13:00,16:00,,Tourist Bed Bunk,680,0,50,regular,1
Starlite,ferry,JUPITER,Calapan,Batangas,10/09/2026,15:00,18:00,,Reclining Seat,680,0,50,regular,0
Starlite,ferry,JUPITER,Calapan,Batangas,10/09/2026,15:00,18:00,,Economy Bed Bunk,680,0,50,regular,1
Starlite,ferry,JUPITER,Calapan,Batangas,10/09/2026,15:00,18:00,,Tourist Bed Bunk,680,0,50,regular,1
Starlite,ferry,JUPITER,Calapan,Batangas,10/09/2026,17:00,20:00,,Reclining Seat,680,0,50,regular,0
Starlite,ferry,JUPITER,Calapan,Batangas,10/09/2026,17:00,20:00,,Economy Bed Bunk,680,0,50,regular,1
Starlite,ferry,JUPITER,Calapan,Batangas,10/09/2026,17:00,20:00,,Tourist Bed Bunk,680,0,50,regular,1
Starlite,ferry,JUPITER,Calapan,Batangas,10/09/2026,19:00,22:00,,Reclining Seat,680,0,50,regular,0
Starlite,ferry,JUPITER,Calapan,Batangas,10/09/2026,19:00,22:00,,Economy Bed Bunk,680,0,50,regular,1
Starlite,ferry,JUPITER,Calapan,Batangas,10/09/2026,19:00,22:00,,Tourist Bed Bunk,680,0,50,regular,1
Starlite,ferry,JUPITER,Calapan,Batangas,10/09/2026,21:00,00:00,,Reclining Seat,680,0,50,regular,0
Starlite,ferry,JUPITER,Calapan,Batangas,10/09/2026,21:00,00:00,,Economy Bed Bunk,680,0,50,regular,1
Starlite,ferry,JUPITER,Calapan,Batangas,10/09/2026,21:00,00:00,,Tourist Bed Bunk,680,0,50,regular,1
Starlite,ferry,JUPITER,Calapan,Batangas,10/09/2026,23:00,02:00,,Reclining Seat,680,0,50,regular,0
Starlite,ferry,JUPITER,Calapan,Batangas,10/09/2026,23:00,02:00,,Economy Bed Bunk,680,0,50,regular,1
Starlite,ferry,JUPITER,Calapan,Batangas,10/09/2026,23:00,02:00,,Tourist Bed Bunk,680,0,50,regular,1
Starlite,ferry,JUPITER,Calapan,Batangas,11/09/2026,01:00,04:00,,Reclining Seat,680,0,50,regular,0
Starlite,ferry,JUPITER,Calapan,Batangas,11/09/2026,01:00,04:00,,Economy Bed Bunk,680,0,50,regular,1
Starlite,ferry,JUPITER,Calapan,Batangas,11/09/2026,01:00,04:00,,Tourist Bed Bunk,680,0,50,regular,1
Starlite,ferry,JUPITER,Calapan,Batangas,11/09/2026,03:00,06:00,,Reclining Seat,680,0,50,regular,0
Starlite,ferry,JUPITER,Calapan,Batangas,11/09/2026,03:00,06:00,,Economy Bed Bunk,680,0,50,regular,1
Starlite,ferry,JUPITER,Calapan,Batangas,11/09/2026,03:00,06:00,,Tourist Bed Bunk,680,0,50,regular,1
Starlite,ferry,JUPITER,Calapan,Batangas,11/09/2026,05:00,08:00,,Reclining Seat,680,0,50,regular,0
Starlite,ferry,JUPITER,Calapan,Batangas,11/09/2026,05:00,08:00,,Economy Bed Bunk,680,0,50,regular,1
Starlite,ferry,JUPITER,Calapan,Batangas,11/09/2026,05:00,08:00,,Tourist Bed Bunk,680,0,50,regular,1
Starlite,ferry,JUPITER,Calapan,Batangas,11/09/2026,07:00,10:00,,Reclining Seat,680,0,50,regular,0
Starlite,ferry,JUPITER,Calapan,Batangas,11/09/2026,07:00,10:00,,Economy Bed Bunk,680,0,50,regular,1
Starlite,ferry,JUPITER,Calapan,Batangas,11/09/2026,07:00,10:00,,Tourist Bed Bunk,680,0,50,regular,1
Starlite,ferry,JUPITER,Calapan,Batangas,11/09/2026,09:00,12:00,,Reclining Seat,680,0,50,regular,0
Starlite,ferry,JUPITER,Calapan,Batangas,11/09/2026,09:00,12:00,,Economy Bed Bunk,680,0,50,regular,1
Starlite,ferry,JUPITER,Calapan,Batangas,11/09/2026,09:00,12:00,,Tourist Bed Bunk,680,0,50,regular,1
Starlite,ferry,JUPITER,Calapan,Batangas,11/09/2026,11:00,14:00,,Reclining Seat,680,0,50,regular,0
Starlite,ferry,JUPITER,Calapan,Batangas,11/09/2026,11:00,14:00,,Economy Bed Bunk,680,0,50,regular,1
Starlite,ferry,JUPITER,Calapan,Batangas,11/09/2026,11:00,14:00,,Tourist Bed Bunk,680,0,50,regular,1
Starlite,ferry,JUPITER,Calapan,Batangas,11/09/2026,13:00,16:00,,Reclining Seat,680,0,50,regular,0
Starlite,ferry,JUPITER,Calapan,Batangas,11/09/2026,13:00,16:00,,Economy Bed Bunk,680,0,50,regular,1
Starlite,ferry,JUPITER,Calapan,Batangas,11/09/2026,13:00,16:00,,Tourist Bed Bunk,680,0,50,regular,1
Starlite,ferry,JUPITER,Calapan,Batangas,11/09/2026,15:00,18:00,,Reclining Seat,680,0,50,regular,0
Starlite,ferry,JUPITER,Calapan,Batangas,11/09/2026,15:00,18:00,,Economy Bed Bunk,680,0,50,regular,1
Starlite,ferry,JUPITER,Calapan,Batangas,11/09/2026,15:00,18:00,,Tourist Bed Bunk,680,0,50,regular,1
Starlite,ferry,JUPITER,Calapan,Batangas,11/09/2026,17:00,20:00,,Reclining Seat,680,0,50,regular,0
Starlite,ferry,JUPITER,Calapan,Batangas,11/09/2026,17:00,20:00,,Economy Bed Bunk,680,0,50,regular,1
Starlite,ferry,JUPITER,Calapan,Batangas,11/09/2026,17:00,20:00,,Tourist Bed Bunk,680,0,50,regular,1
Starlite,ferry,JUPITER,Calapan,Batangas,11/09/2026,19:00,22:00,,Reclining Seat,680,0,50,regular,0
Starlite,ferry,JUPITER,Calapan,Batangas,11/09/2026,19:00,22:00,,Economy Bed Bunk,680,0,50,regular,1
Starlite,ferry,JUPITER,Calapan,Batangas,11/09/2026,19:00,22:00,,Tourist Bed Bunk,680,0,50,regular,1
Starlite,ferry,JUPITER,Calapan,Batangas,11/09/2026,21:00,00:00,,Reclining Seat,680,0,50,regular,0
Starlite,ferry,JUPITER,Calapan,Batangas,11/09/2026,21:00,00:00,,Economy Bed Bunk,680,0,50,regular,1
Starlite,ferry,JUPITER,Calapan,Batangas,11/09/2026,21:00,00:00,,Tourist Bed Bunk,680,0,50,regular,1
Starlite,ferry,JUPITER,Calapan,Batangas,11/09/2026,23:00,02:00,,Reclining Seat,680,0,50,regular,0
Starlite,ferry,JUPITER,Calapan,Batangas,11/09/2026,23:00,02:00,,Economy Bed Bunk,680,0,50,regular,1
Starlite,ferry,JUPITER,Calapan,Batangas,11/09/2026,23:00,02:00,,Tourist Bed Bunk,680,0,50,regular,1
Starlite,ferry,JUPITER,Calapan,Batangas,12/09/2026,01:00,04:00,,Reclining Seat,680,0,50,regular,0
Starlite,ferry,JUPITER,Calapan,Batangas,12/09/2026,01:00,04:00,,Economy Bed Bunk,680,0,50,regular,1
Starlite,ferry,JUPITER,Calapan,Batangas,12/09/2026,01:00,04:00,,Tourist Bed Bunk,680,0,50,regular,1
Starlite,ferry,JUPITER,Calapan,Batangas,12/09/2026,03:00,06:00,,Reclining Seat,680,0,50,regular,0
Starlite,ferry,JUPITER,Calapan,Batangas,12/09/2026,03:00,06:00,,Economy Bed Bunk,680,0,50,regular,1
Starlite,ferry,JUPITER,Calapan,Batangas,12/09/2026,03:00,06:00,,Tourist Bed Bunk,680,0,50,regular,1
Starlite,ferry,JUPITER,Calapan,Batangas,12/09/2026,05:00,08:00,,Reclining Seat,680,0,50,regular,0
Starlite,ferry,JUPITER,Calapan,Batangas,12/09/2026,05:00,08:00,,Economy Bed Bunk,680,0,50,regular,1
Starlite,ferry,JUPITER,Calapan,Batangas,12/09/2026,05:00,08:00,,Tourist Bed Bunk,680,0,50,regular,1
Starlite,ferry,JUPITER,Calapan,Batangas,12/09/2026,07:00,10:00,,Reclining Seat,680,0,50,regular,0
Starlite,ferry,JUPITER,Calapan,Batangas,12/09/2026,07:00,10:00,,Economy Bed Bunk,680,0,50,regular,1
Starlite,ferry,JUPITER,Calapan,Batangas,12/09/2026,07:00,10:00,,Tourist Bed Bunk,680,0,50,regular,1
Starlite,ferry,JUPITER,Calapan,Batangas,12/09/2026,09:00,12:00,,Reclining Seat,680,0,50,regular,0
Starlite,ferry,JUPITER,Calapan,Batangas,12/09/2026,09:00,12:00,,Economy Bed Bunk,680,0,50,regular,1
Starlite,ferry,JUPITER,Calapan,Batangas,12/09/2026,09:00,12:00,,Tourist Bed Bunk,680,0,50,regular,1
Starlite,ferry,JUPITER,Calapan,Batangas,12/09/2026,11:00,14:00,,Reclining Seat,680,0,50,regular,0
Starlite,ferry,JUPITER,Calapan,Batangas,12/09/2026,11:00,14:00,,Economy Bed Bunk,680,0,50,regular,1
Starlite,ferry,JUPITER,Calapan,Batangas,12/09/2026,11:00,14:00,,Tourist Bed Bunk,680,0,50,regular,1
Starlite,ferry,JUPITER,Calapan,Batangas,12/09/2026,13:00,16:00,,Reclining Seat,680,0,50,regular,0
Starlite,ferry,JUPITER,Calapan,Batangas,12/09/2026,13:00,16:00,,Economy Bed Bunk,680,0,50,regular,1
Starlite,ferry,JUPITER,Calapan,Batangas,12/09/2026,13:00,16:00,,Tourist Bed Bunk,680,0,50,regular,1
Starlite,ferry,JUPITER,Calapan,Batangas,12/09/2026,15:00,18:00,,Reclining Seat,680,0,50,regular,0
Starlite,ferry,JUPITER,Calapan,Batangas,12/09/2026,15:00,18:00,,Economy Bed Bunk,680,0,50,regular,1
Starlite,ferry,JUPITER,Calapan,Batangas,12/09/2026,15:00,18:00,,Tourist Bed Bunk,680,0,50,regular,1
Starlite,ferry,JUPITER,Calapan,Batangas,12/09/2026,17:00,20:00,,Reclining Seat,680,0,50,regular,0
Starlite,ferry,JUPITER,Calapan,Batangas,12/09/2026,17:00,20:00,,Economy Bed Bunk,680,0,50,regular,1
Starlite,ferry,JUPITER,Calapan,Batangas,12/09/2026,17:00,20:00,,Tourist Bed Bunk,680,0,50,regular,1
Starlite,ferry,JUPITER,Calapan,Batangas,12/09/2026,19:00,22:00,,Reclining Seat,680,0,50,regular,0
Starlite,ferry,JUPITER,Calapan,Batangas,12/09/2026,19:00,22:00,,Economy Bed Bunk,680,0,50,regular,1
Starlite,ferry,JUPITER,Calapan,Batangas,12/09/2026,19:00,22:00,,Tourist Bed Bunk,680,0,50,regular,1
Starlite,ferry,JUPITER,Calapan,Batangas,12/09/2026,21:00,00:00,,Reclining Seat,680,0,50,regular,0
Starlite,ferry,JUPITER,Calapan,Batangas,12/09/2026,21:00,00:00,,Economy Bed Bunk,680,0,50,regular,1
Starlite,ferry,JUPITER,Calapan,Batangas,12/09/2026,21:00,00:00,,Tourist Bed Bunk,680,0,50,regular,1
Starlite,ferry,JUPITER,Calapan,Batangas,12/09/2026,23:00,02:00,,Reclining Seat,680,0,50,regular,0
Starlite,ferry,JUPITER,Calapan,Batangas,12/09/2026,23:00,02:00,,Economy Bed Bunk,680,0,50,regular,1
Starlite,ferry,JUPITER,Calapan,Batangas,12/09/2026,23:00,02:00,,Tourist Bed Bunk,680,0,50,regular,1
Starlite,ferry,PACIFIC,Calapan,Batangas,03/09/2026,01:00,04:00,,Reclining Seat,680,0,50,regular,0
Starlite,ferry,PACIFIC,Calapan,Batangas,03/09/2026,01:00,04:00,,Economy Bed Bunk,680,0,50,regular,1
Starlite,ferry,PACIFIC,Calapan,Batangas,03/09/2026,01:00,04:00,,Tourist Bed Bunk,680,0,50,regular,1
Starlite,ferry,PACIFIC,Calapan,Batangas,03/09/2026,03:00,06:00,,Reclining Seat,680,0,50,regular,0
Starlite,ferry,PACIFIC,Calapan,Batangas,03/09/2026,03:00,06:00,,Economy Bed Bunk,680,0,50,regular,1
Starlite,ferry,PACIFIC,Calapan,Batangas,03/09/2026,03:00,06:00,,Tourist Bed Bunk,680,0,50,regular,1
Starlite,ferry,PACIFIC,Calapan,Batangas,03/09/2026,05:00,08:00,,Reclining Seat,680,0,50,regular,0
Starlite,ferry,PACIFIC,Calapan,Batangas,03/09/2026,05:00,08:00,,Economy Bed Bunk,680,0,50,regular,1
Starlite,ferry,PACIFIC,Calapan,Batangas,03/09/2026,05:00,08:00,,Tourist Bed Bunk,680,0,50,regular,1
Starlite,ferry,PACIFIC,Calapan,Batangas,03/09/2026,07:00,10:00,,Reclining Seat,680,0,50,regular,0
Starlite,ferry,PACIFIC,Calapan,Batangas,03/09/2026,07:00,10:00,,Economy Bed Bunk,680,0,50,regular,1
Starlite,ferry,PACIFIC,Calapan,Batangas,03/09/2026,07:00,10:00,,Tourist Bed Bunk,680,0,50,regular,1
Starlite,ferry,PACIFIC,Calapan,Batangas,03/09/2026,09:00,12:00,,Reclining Seat,680,0,50,regular,0
Starlite,ferry,PACIFIC,Calapan,Batangas,03/09/2026,09:00,12:00,,Economy Bed Bunk,680,0,50,regular,1
Starlite,ferry,PACIFIC,Calapan,Batangas,03/09/2026,09:00,12:00,,Tourist Bed Bunk,680,0,50,regular,1
Starlite,ferry,PACIFIC,Calapan,Batangas,03/09/2026,11:00,14:00,,Reclining Seat,680,0,50,regular,0
Starlite,ferry,PACIFIC,Calapan,Batangas,03/09/2026,11:00,14:00,,Economy Bed Bunk,680,0,50,regular,1
Starlite,ferry,PACIFIC,Calapan,Batangas,03/09/2026,11:00,14:00,,Tourist Bed Bunk,680,0,50,regular,1
Starlite,ferry,PACIFIC,Calapan,Batangas,03/09/2026,13:00,16:00,,Reclining Seat,680,0,50,regular,0
Starlite,ferry,PACIFIC,Calapan,Batangas,03/09/2026,13:00,16:00,,Economy Bed Bunk,680,0,50,regular,1
Starlite,ferry,PACIFIC,Calapan,Batangas,03/09/2026,13:00,16:00,,Tourist Bed Bunk,680,0,50,regular,1
Starlite,ferry,PACIFIC,Calapan,Batangas,03/09/2026,15:00,18:00,,Reclining Seat,680,0,50,regular,0
Starlite,ferry,PACIFIC,Calapan,Batangas,03/09/2026,15:00,18:00,,Economy Bed Bunk,680,0,50,regular,1
Starlite,ferry,PACIFIC,Calapan,Batangas,03/09/2026,15:00,18:00,,Tourist Bed Bunk,680,0,50,regular,1
Starlite,ferry,PACIFIC,Calapan,Batangas,03/09/2026,17:00,20:00,,Reclining Seat,680,0,50,regular,0
Starlite,ferry,PACIFIC,Calapan,Batangas,03/09/2026,17:00,20:00,,Economy Bed Bunk,680,0,50,regular,1
Starlite,ferry,PACIFIC,Calapan,Batangas,03/09/2026,17:00,20:00,,Tourist Bed Bunk,680,0,50,regular,1
Starlite,ferry,PACIFIC,Calapan,Batangas,03/09/2026,19:00,22:00,,Reclining Seat,680,0,50,regular,0
Starlite,ferry,PACIFIC,Calapan,Batangas,03/09/2026,19:00,22:00,,Economy Bed Bunk,680,0,50,regular,1
Starlite,ferry,PACIFIC,Calapan,Batangas,03/09/2026,19:00,22:00,,Tourist Bed Bunk,680,0,50,regular,1
Starlite,ferry,PACIFIC,Calapan,Batangas,03/09/2026,21:00,00:00,,Reclining Seat,680,0,50,regular,0
Starlite,ferry,PACIFIC,Calapan,Batangas,03/09/2026,21:00,00:00,,Economy Bed Bunk,680,0,50,regular,1
Starlite,ferry,PACIFIC,Calapan,Batangas,03/09/2026,21:00,00:00,,Tourist Bed Bunk,680,0,50,regular,1
Starlite,ferry,PACIFIC,Calapan,Batangas,03/09/2026,23:00,02:00,,Reclining Seat,680,0,50,regular,0
Starlite,ferry,PACIFIC,Calapan,Batangas,03/09/2026,23:00,02:00,,Economy Bed Bunk,680,0,50,regular,1
Starlite,ferry,PACIFIC,Calapan,Batangas,03/09/2026,23:00,02:00,,Tourist Bed Bunk,680,0,50,regular,1
Starlite,ferry,PACIFIC,Calapan,Batangas,04/09/2026,01:00,04:00,,Reclining Seat,680,0,50,regular,0
Starlite,ferry,PACIFIC,Calapan,Batangas,04/09/2026,01:00,04:00,,Economy Bed Bunk,680,0,50,regular,1
Starlite,ferry,PACIFIC,Calapan,Batangas,04/09/2026,01:00,04:00,,Tourist Bed Bunk,680,0,50,regular,1
Starlite,ferry,PACIFIC,Calapan,Batangas,04/09/2026,03:00,06:00,,Reclining Seat,680,0,50,regular,0
Starlite,ferry,PACIFIC,Calapan,Batangas,04/09/2026,03:00,06:00,,Economy Bed Bunk,680,0,50,regular,1
Starlite,ferry,PACIFIC,Calapan,Batangas,04/09/2026,03:00,06:00,,Tourist Bed Bunk,680,0,50,regular,1
Starlite,ferry,PACIFIC,Calapan,Batangas,04/09/2026,05:00,08:00,,Reclining Seat,680,0,50,regular,0
Starlite,ferry,PACIFIC,Calapan,Batangas,04/09/2026,05:00,08:00,,Economy Bed Bunk,680,0,50,regular,1
Starlite,ferry,PACIFIC,Calapan,Batangas,04/09/2026,05:00,08:00,,Tourist Bed Bunk,680,0,50,regular,1
Starlite,ferry,PACIFIC,Calapan,Batangas,04/09/2026,07:00,10:00,,Reclining Seat,680,0,50,regular,0
Starlite,ferry,PACIFIC,Calapan,Batangas,04/09/2026,07:00,10:00,,Economy Bed Bunk,680,0,50,regular,1
Starlite,ferry,PACIFIC,Calapan,Batangas,04/09/2026,07:00,10:00,,Tourist Bed Bunk,680,0,50,regular,1
Starlite,ferry,PACIFIC,Calapan,Batangas,04/09/2026,09:00,12:00,,Reclining Seat,680,0,50,regular,0
Starlite,ferry,PACIFIC,Calapan,Batangas,04/09/2026,09:00,12:00,,Economy Bed Bunk,680,0,50,regular,1
Starlite,ferry,PACIFIC,Calapan,Batangas,04/09/2026,09:00,12:00,,Tourist Bed Bunk,680,0,50,regular,1
Starlite,ferry,PACIFIC,Calapan,Batangas,04/09/2026,11:00,14:00,,Reclining Seat,680,0,50,regular,0
Starlite,ferry,PACIFIC,Calapan,Batangas,04/09/2026,11:00,14:00,,Economy Bed Bunk,680,0,50,regular,1
Starlite,ferry,PACIFIC,Calapan,Batangas,04/09/2026,11:00,14:00,,Tourist Bed Bunk,680,0,50,regular,1
Starlite,ferry,PACIFIC,Calapan,Batangas,04/09/2026,13:00,16:00,,Reclining Seat,680,0,50,regular,0
Starlite,ferry,PACIFIC,Calapan,Batangas,04/09/2026,13:00,16:00,,Economy Bed Bunk,680,0,50,regular,1
Starlite,ferry,PACIFIC,Calapan,Batangas,04/09/2026,13:00,16:00,,Tourist Bed Bunk,680,0,50,regular,1
Starlite,ferry,PACIFIC,Calapan,Batangas,04/09/2026,15:00,18:00,,Reclining Seat,680,0,50,regular,0
Starlite,ferry,PACIFIC,Calapan,Batangas,04/09/2026,15:00,18:00,,Economy Bed Bunk,680,0,50,regular,1
Starlite,ferry,PACIFIC,Calapan,Batangas,04/09/2026,15:00,18:00,,Tourist Bed Bunk,680,0,50,regular,1
Starlite,ferry,PACIFIC,Calapan,Batangas,04/09/2026,17:00,20:00,,Reclining Seat,680,0,50,regular,0
Starlite,ferry,PACIFIC,Calapan,Batangas,04/09/2026,17:00,20:00,,Economy Bed Bunk,680,0,50,regular,1
Starlite,ferry,PACIFIC,Calapan,Batangas,04/09/2026,17:00,20:00,,Tourist Bed Bunk,680,0,50,regular,1
Starlite,ferry,PACIFIC,Calapan,Batangas,04/09/2026,19:00,22:00,,Reclining Seat,680,0,50,regular,0
Starlite,ferry,PACIFIC,Calapan,Batangas,04/09/2026,19:00,22:00,,Economy Bed Bunk,680,0,50,regular,1
Starlite,ferry,PACIFIC,Calapan,Batangas,04/09/2026,19:00,22:00,,Tourist Bed Bunk,680,0,50,regular,1
Starlite,ferry,PACIFIC,Calapan,Batangas,04/09/2026,21:00,00:00,,Reclining Seat,680,0,50,regular,0
Starlite,ferry,PACIFIC,Calapan,Batangas,04/09/2026,21:00,00:00,,Economy Bed Bunk,680,0,50,regular,1
Starlite,ferry,PACIFIC,Calapan,Batangas,04/09/2026,21:00,00:00,,Tourist Bed Bunk,680,0,50,regular,1
Starlite,ferry,PACIFIC,Calapan,Batangas,04/09/2026,23:00,02:00,,Reclining Seat,680,0,50,regular,0
Starlite,ferry,PACIFIC,Calapan,Batangas,04/09/2026,23:00,02:00,,Economy Bed Bunk,680,0,50,regular,1
Starlite,ferry,PACIFIC,Calapan,Batangas,04/09/2026,23:00,02:00,,Tourist Bed Bunk,680,0,50,regular,1
Starlite,ferry,PACIFIC,Calapan,Batangas,05/09/2026,01:00,04:00,,Reclining Seat,680,0,50,regular,0
Starlite,ferry,PACIFIC,Calapan,Batangas,05/09/2026,01:00,04:00,,Economy Bed Bunk,680,0,50,regular,1
Starlite,ferry,PACIFIC,Calapan,Batangas,05/09/2026,01:00,04:00,,Tourist Bed Bunk,680,0,50,regular,1
Starlite,ferry,PACIFIC,Calapan,Batangas,05/09/2026,03:00,06:00,,Reclining Seat,680,0,50,regular,0
Starlite,ferry,PACIFIC,Calapan,Batangas,05/09/2026,03:00,06:00,,Economy Bed Bunk,680,0,50,regular,1
Starlite,ferry,PACIFIC,Calapan,Batangas,05/09/2026,03:00,06:00,,Tourist Bed Bunk,680,0,50,regular,1
Starlite,ferry,PACIFIC,Calapan,Batangas,05/09/2026,05:00,08:00,,Reclining Seat,680,0,50,regular,0
Starlite,ferry,PACIFIC,Calapan,Batangas,05/09/2026,05:00,08:00,,Economy Bed Bunk,680,0,50,regular,1
Starlite,ferry,PACIFIC,Calapan,Batangas,05/09/2026,05:00,08:00,,Tourist Bed Bunk,680,0,50,regular,1
Starlite,ferry,PACIFIC,Calapan,Batangas,05/09/2026,07:00,10:00,,Reclining Seat,680,0,50,regular,0
Starlite,ferry,PACIFIC,Calapan,Batangas,05/09/2026,07:00,10:00,,Economy Bed Bunk,680,0,50,regular,1
Starlite,ferry,PACIFIC,Calapan,Batangas,05/09/2026,07:00,10:00,,Tourist Bed Bunk,680,0,50,regular,1
Starlite,ferry,PACIFIC,Calapan,Batangas,05/09/2026,09:00,12:00,,Reclining Seat,680,0,50,regular,0
Starlite,ferry,PACIFIC,Calapan,Batangas,05/09/2026,09:00,12:00,,Economy Bed Bunk,680,0,50,regular,1
Starlite,ferry,PACIFIC,Calapan,Batangas,05/09/2026,09:00,12:00,,Tourist Bed Bunk,680,0,50,regular,1
Starlite,ferry,PACIFIC,Calapan,Batangas,05/09/2026,11:00,14:00,,Reclining Seat,680,0,50,regular,0
Starlite,ferry,PACIFIC,Calapan,Batangas,05/09/2026,11:00,14:00,,Economy Bed Bunk,680,0,50,regular,1
Starlite,ferry,PACIFIC,Calapan,Batangas,05/09/2026,11:00,14:00,,Tourist Bed Bunk,680,0,50,regular,1
Starlite,ferry,PACIFIC,Calapan,Batangas,05/09/2026,13:00,16:00,,Reclining Seat,680,0,50,regular,0
Starlite,ferry,PACIFIC,Calapan,Batangas,05/09/2026,13:00,16:00,,Economy Bed Bunk,680,0,50,regular,1
Starlite,ferry,PACIFIC,Calapan,Batangas,05/09/2026,13:00,16:00,,Tourist Bed Bunk,680,0,50,regular,1
Starlite,ferry,PACIFIC,Calapan,Batangas,05/09/2026,15:00,18:00,,Reclining Seat,680,0,50,regular,0
Starlite,ferry,PACIFIC,Calapan,Batangas,05/09/2026,15:00,18:00,,Economy Bed Bunk,680,0,50,regular,1
Starlite,ferry,PACIFIC,Calapan,Batangas,05/09/2026,15:00,18:00,,Tourist Bed Bunk,680,0,50,regular,1
Starlite,ferry,PACIFIC,Calapan,Batangas,05/09/2026,17:00,20:00,,Reclining Seat,680,0,50,regular,0
Starlite,ferry,PACIFIC,Calapan,Batangas,05/09/2026,17:00,20:00,,Economy Bed Bunk,680,0,50,regular,1
Starlite,ferry,PACIFIC,Calapan,Batangas,05/09/2026,17:00,20:00,,Tourist Bed Bunk,680,0,50,regular,1
Starlite,ferry,PACIFIC,Calapan,Batangas,05/09/2026,19:00,22:00,,Reclining Seat,680,0,50,regular,0
Starlite,ferry,PACIFIC,Calapan,Batangas,05/09/2026,19:00,22:00,,Economy Bed Bunk,680,0,50,regular,1
Starlite,ferry,PACIFIC,Calapan,Batangas,05/09/2026,19:00,22:00,,Tourist Bed Bunk,680,0,50,regular,1
Starlite,ferry,PACIFIC,Calapan,Batangas,05/09/2026,21:00,00:00,,Reclining Seat,680,0,50,regular,0
Starlite,ferry,PACIFIC,Calapan,Batangas,05/09/2026,21:00,00:00,,Economy Bed Bunk,680,0,50,regular,1
Starlite,ferry,PACIFIC,Calapan,Batangas,05/09/2026,21:00,00:00,,Tourist Bed Bunk,680,0,50,regular,1
Starlite,ferry,PACIFIC,Calapan,Batangas,05/09/2026,23:00,02:00,,Reclining Seat,680,0,50,regular,0
Starlite,ferry,PACIFIC,Calapan,Batangas,05/09/2026,23:00,02:00,,Economy Bed Bunk,680,0,50,regular,1
Starlite,ferry,PACIFIC,Calapan,Batangas,05/09/2026,23:00,02:00,,Tourist Bed Bunk,680,0,50,regular,1
Starlite,ferry,PACIFIC,Calapan,Batangas,06/09/2026,01:00,04:00,,Reclining Seat,680,0,50,regular,0
Starlite,ferry,PACIFIC,Calapan,Batangas,06/09/2026,01:00,04:00,,Economy Bed Bunk,680,0,50,regular,1
Starlite,ferry,PACIFIC,Calapan,Batangas,06/09/2026,01:00,04:00,,Tourist Bed Bunk,680,0,50,regular,1
Starlite,ferry,PACIFIC,Calapan,Batangas,06/09/2026,03:00,06:00,,Reclining Seat,680,0,50,regular,0
Starlite,ferry,PACIFIC,Calapan,Batangas,06/09/2026,03:00,06:00,,Economy Bed Bunk,680,0,50,regular,1
Starlite,ferry,PACIFIC,Calapan,Batangas,06/09/2026,03:00,06:00,,Tourist Bed Bunk,680,0,50,regular,1
Starlite,ferry,PACIFIC,Calapan,Batangas,06/09/2026,05:00,08:00,,Reclining Seat,680,0,50,regular,0
Starlite,ferry,PACIFIC,Calapan,Batangas,06/09/2026,05:00,08:00,,Economy Bed Bunk,680,0,50,regular,1
Starlite,ferry,PACIFIC,Calapan,Batangas,06/09/2026,05:00,08:00,,Tourist Bed Bunk,680,0,50,regular,1
Starlite,ferry,PACIFIC,Calapan,Batangas,06/09/2026,07:00,10:00,,Reclining Seat,680,0,50,regular,0
Starlite,ferry,PACIFIC,Calapan,Batangas,06/09/2026,07:00,10:00,,Economy Bed Bunk,680,0,50,regular,1
Starlite,ferry,PACIFIC,Calapan,Batangas,06/09/2026,07:00,10:00,,Tourist Bed Bunk,680,0,50,regular,1
Starlite,ferry,PACIFIC,Calapan,Batangas,06/09/2026,09:00,12:00,,Reclining Seat,680,0,50,regular,0
Starlite,ferry,PACIFIC,Calapan,Batangas,06/09/2026,09:00,12:00,,Economy Bed Bunk,680,0,50,regular,1
Starlite,ferry,PACIFIC,Calapan,Batangas,06/09/2026,09:00,12:00,,Tourist Bed Bunk,680,0,50,regular,1
Starlite,ferry,PACIFIC,Calapan,Batangas,06/09/2026,11:00,14:00,,Reclining Seat,680,0,50,regular,0
Starlite,ferry,PACIFIC,Calapan,Batangas,06/09/2026,11:00,14:00,,Economy Bed Bunk,680,0,50,regular,1
Starlite,ferry,PACIFIC,Calapan,Batangas,06/09/2026,11:00,14:00,,Tourist Bed Bunk,680,0,50,regular,1
Starlite,ferry,PACIFIC,Calapan,Batangas,06/09/2026,13:00,16:00,,Reclining Seat,680,0,50,regular,0
Starlite,ferry,PACIFIC,Calapan,Batangas,06/09/2026,13:00,16:00,,Economy Bed Bunk,680,0,50,regular,1
Starlite,ferry,PACIFIC,Calapan,Batangas,06/09/2026,13:00,16:00,,Tourist Bed Bunk,680,0,50,regular,1
Starlite,ferry,PACIFIC,Calapan,Batangas,06/09/2026,15:00,18:00,,Reclining Seat,680,0,50,regular,0
Starlite,ferry,PACIFIC,Calapan,Batangas,06/09/2026,15:00,18:00,,Economy Bed Bunk,680,0,50,regular,1
Starlite,ferry,PACIFIC,Calapan,Batangas,06/09/2026,15:00,18:00,,Tourist Bed Bunk,680,0,50,regular,1
Starlite,ferry,PACIFIC,Calapan,Batangas,06/09/2026,17:00,20:00,,Reclining Seat,680,0,50,regular,0
Starlite,ferry,PACIFIC,Calapan,Batangas,06/09/2026,17:00,20:00,,Economy Bed Bunk,680,0,50,regular,1
Starlite,ferry,PACIFIC,Calapan,Batangas,06/09/2026,17:00,20:00,,Tourist Bed Bunk,680,0,50,regular,1
Starlite,ferry,PACIFIC,Calapan,Batangas,06/09/2026,19:00,22:00,,Reclining Seat,680,0,50,regular,0
Starlite,ferry,PACIFIC,Calapan,Batangas,06/09/2026,19:00,22:00,,Economy Bed Bunk,680,0,50,regular,1
Starlite,ferry,PACIFIC,Calapan,Batangas,06/09/2026,19:00,22:00,,Tourist Bed Bunk,680,0,50,regular,1
Starlite,ferry,PACIFIC,Calapan,Batangas,06/09/2026,21:00,00:00,,Reclining Seat,680,0,50,regular,0
Starlite,ferry,PACIFIC,Calapan,Batangas,06/09/2026,21:00,00:00,,Economy Bed Bunk,680,0,50,regular,1
Starlite,ferry,PACIFIC,Calapan,Batangas,06/09/2026,21:00,00:00,,Tourist Bed Bunk,680,0,50,regular,1
Starlite,ferry,PACIFIC,Calapan,Batangas,06/09/2026,23:00,02:00,,Reclining Seat,680,0,50,regular,0
Starlite,ferry,PACIFIC,Calapan,Batangas,06/09/2026,23:00,02:00,,Economy Bed Bunk,680,0,50,regular,1
Starlite,ferry,PACIFIC,Calapan,Batangas,06/09/2026,23:00,02:00,,Tourist Bed Bunk,680,0,50,regular,1
Starlite,ferry,PACIFIC,Calapan,Batangas,07/09/2026,01:00,04:00,,Reclining Seat,680,0,50,regular,0
Starlite,ferry,PACIFIC,Calapan,Batangas,07/09/2026,01:00,04:00,,Economy Bed Bunk,680,0,50,regular,1
Starlite,ferry,PACIFIC,Calapan,Batangas,07/09/2026,01:00,04:00,,Tourist Bed Bunk,680,0,50,regular,1
Starlite,ferry,PACIFIC,Calapan,Batangas,07/09/2026,03:00,06:00,,Reclining Seat,680,0,50,regular,0
Starlite,ferry,PACIFIC,Calapan,Batangas,07/09/2026,03:00,06:00,,Economy Bed Bunk,680,0,50,regular,1
Starlite,ferry,PACIFIC,Calapan,Batangas,07/09/2026,03:00,06:00,,Tourist Bed Bunk,680,0,50,regular,1
Starlite,ferry,PACIFIC,Calapan,Batangas,07/09/2026,05:00,08:00,,Reclining Seat,680,0,50,regular,0
Starlite,ferry,PACIFIC,Calapan,Batangas,07/09/2026,05:00,08:00,,Economy Bed Bunk,680,0,50,regular,1
Starlite,ferry,PACIFIC,Calapan,Batangas,07/09/2026,05:00,08:00,,Tourist Bed Bunk,680,0,50,regular,1
Starlite,ferry,PACIFIC,Calapan,Batangas,07/09/2026,07:00,10:00,,Reclining Seat,680,0,50,regular,0
Starlite,ferry,PACIFIC,Calapan,Batangas,07/09/2026,07:00,10:00,,Economy Bed Bunk,680,0,50,regular,1
Starlite,ferry,PACIFIC,Calapan,Batangas,07/09/2026,07:00,10:00,,Tourist Bed Bunk,680,0,50,regular,1
Starlite,ferry,PACIFIC,Calapan,Batangas,07/09/2026,09:00,12:00,,Reclining Seat,680,0,50,regular,0
Starlite,ferry,PACIFIC,Calapan,Batangas,07/09/2026,09:00,12:00,,Economy Bed Bunk,680,0,50,regular,1
Starlite,ferry,PACIFIC,Calapan,Batangas,07/09/2026,09:00,12:00,,Tourist Bed Bunk,680,0,50,regular,1
Starlite,ferry,PACIFIC,Calapan,Batangas,07/09/2026,11:00,14:00,,Reclining Seat,680,0,50,regular,0
Starlite,ferry,PACIFIC,Calapan,Batangas,07/09/2026,11:00,14:00,,Economy Bed Bunk,680,0,50,regular,1
Starlite,ferry,PACIFIC,Calapan,Batangas,07/09/2026,11:00,14:00,,Tourist Bed Bunk,680,0,50,regular,1
Starlite,ferry,PACIFIC,Calapan,Batangas,07/09/2026,13:00,16:00,,Reclining Seat,680,0,50,regular,0
Starlite,ferry,PACIFIC,Calapan,Batangas,07/09/2026,13:00,16:00,,Economy Bed Bunk,680,0,50,regular,1
Starlite,ferry,PACIFIC,Calapan,Batangas,07/09/2026,13:00,16:00,,Tourist Bed Bunk,680,0,50,regular,1
Starlite,ferry,PACIFIC,Calapan,Batangas,07/09/2026,15:00,18:00,,Reclining Seat,680,0,50,regular,0
Starlite,ferry,PACIFIC,Calapan,Batangas,07/09/2026,15:00,18:00,,Economy Bed Bunk,680,0,50,regular,1
Starlite,ferry,PACIFIC,Calapan,Batangas,07/09/2026,15:00,18:00,,Tourist Bed Bunk,680,0,50,regular,1
Starlite,ferry,PACIFIC,Calapan,Batangas,07/09/2026,17:00,20:00,,Reclining Seat,680,0,50,regular,0
Starlite,ferry,PACIFIC,Calapan,Batangas,07/09/2026,17:00,20:00,,Economy Bed Bunk,680,0,50,regular,1
Starlite,ferry,PACIFIC,Calapan,Batangas,07/09/2026,17:00,20:00,,Tourist Bed Bunk,680,0,50,regular,1
Starlite,ferry,PACIFIC,Calapan,Batangas,07/09/2026,19:00,22:00,,Reclining Seat,680,0,50,regular,0
Starlite,ferry,PACIFIC,Calapan,Batangas,07/09/2026,19:00,22:00,,Economy Bed Bunk,680,0,50,regular,1
Starlite,ferry,PACIFIC,Calapan,Batangas,07/09/2026,19:00,22:00,,Tourist Bed Bunk,680,0,50,regular,1
Starlite,ferry,PACIFIC,Calapan,Batangas,07/09/2026,21:00,00:00,,Reclining Seat,680,0,50,regular,0
Starlite,ferry,PACIFIC,Calapan,Batangas,07/09/2026,21:00,00:00,,Economy Bed Bunk,680,0,50,regular,1
Starlite,ferry,PACIFIC,Calapan,Batangas,07/09/2026,21:00,00:00,,Tourist Bed Bunk,680,0,50,regular,1
Starlite,ferry,PACIFIC,Calapan,Batangas,07/09/2026,23:00,02:00,,Reclining Seat,680,0,50,regular,0
Starlite,ferry,PACIFIC,Calapan,Batangas,07/09/2026,23:00,02:00,,Economy Bed Bunk,680,0,50,regular,1
Starlite,ferry,PACIFIC,Calapan,Batangas,07/09/2026,23:00,02:00,,Tourist Bed Bunk,680,0,50,regular,1
Starlite,ferry,PACIFIC,Calapan,Batangas,08/09/2026,01:00,04:00,,Reclining Seat,680,0,50,regular,0
Starlite,ferry,PACIFIC,Calapan,Batangas,08/09/2026,01:00,04:00,,Economy Bed Bunk,680,0,50,regular,1
Starlite,ferry,PACIFIC,Calapan,Batangas,08/09/2026,01:00,04:00,,Tourist Bed Bunk,680,0,50,regular,1
Starlite,ferry,PACIFIC,Calapan,Batangas,08/09/2026,03:00,06:00,,Reclining Seat,680,0,50,regular,0
Starlite,ferry,PACIFIC,Calapan,Batangas,08/09/2026,03:00,06:00,,Economy Bed Bunk,680,0,50,regular,1
Starlite,ferry,PACIFIC,Calapan,Batangas,08/09/2026,03:00,06:00,,Tourist Bed Bunk,680,0,50,regular,1
Starlite,ferry,PACIFIC,Calapan,Batangas,08/09/2026,05:00,08:00,,Reclining Seat,680,0,50,regular,0
Starlite,ferry,PACIFIC,Calapan,Batangas,08/09/2026,05:00,08:00,,Economy Bed Bunk,680,0,50,regular,1
Starlite,ferry,PACIFIC,Calapan,Batangas,08/09/2026,05:00,08:00,,Tourist Bed Bunk,680,0,50,regular,1
Starlite,ferry,PACIFIC,Calapan,Batangas,08/09/2026,07:00,10:00,,Reclining Seat,680,0,50,regular,0
Starlite,ferry,PACIFIC,Calapan,Batangas,08/09/2026,07:00,10:00,,Economy Bed Bunk,680,0,50,regular,1
Starlite,ferry,PACIFIC,Calapan,Batangas,08/09/2026,07:00,10:00,,Tourist Bed Bunk,680,0,50,regular,1
Starlite,ferry,PACIFIC,Calapan,Batangas,08/09/2026,09:00,12:00,,Reclining Seat,680,0,50,regular,0
Starlite,ferry,PACIFIC,Calapan,Batangas,08/09/2026,09:00,12:00,,Economy Bed Bunk,680,0,50,regular,1
Starlite,ferry,PACIFIC,Calapan,Batangas,08/09/2026,09:00,12:00,,Tourist Bed Bunk,680,0,50,regular,1
Starlite,ferry,PACIFIC,Calapan,Batangas,08/09/2026,11:00,14:00,,Reclining Seat,680,0,50,regular,0
Starlite,ferry,PACIFIC,Calapan,Batangas,08/09/2026,11:00,14:00,,Economy Bed Bunk,680,0,50,regular,1
Starlite,ferry,PACIFIC,Calapan,Batangas,08/09/2026,11:00,14:00,,Tourist Bed Bunk,680,0,50,regular,1
Starlite,ferry,PACIFIC,Calapan,Batangas,08/09/2026,13:00,16:00,,Reclining Seat,680,0,50,regular,0
Starlite,ferry,PACIFIC,Calapan,Batangas,08/09/2026,13:00,16:00,,Economy Bed Bunk,680,0,50,regular,1
Starlite,ferry,PACIFIC,Calapan,Batangas,08/09/2026,13:00,16:00,,Tourist Bed Bunk,680,0,50,regular,1
Starlite,ferry,PACIFIC,Calapan,Batangas,08/09/2026,15:00,18:00,,Reclining Seat,680,0,50,regular,0
Starlite,ferry,PACIFIC,Calapan,Batangas,08/09/2026,15:00,18:00,,Economy Bed Bunk,680,0,50,regular,1
Starlite,ferry,PACIFIC,Calapan,Batangas,08/09/2026,15:00,18:00,,Tourist Bed Bunk,680,0,50,regular,1
Starlite,ferry,PACIFIC,Calapan,Batangas,08/09/2026,17:00,20:00,,Reclining Seat,680,0,50,regular,0
Starlite,ferry,PACIFIC,Calapan,Batangas,08/09/2026,17:00,20:00,,Economy Bed Bunk,680,0,50,regular,1
Starlite,ferry,PACIFIC,Calapan,Batangas,08/09/2026,17:00,20:00,,Tourist Bed Bunk,680,0,50,regular,1
Starlite,ferry,PACIFIC,Calapan,Batangas,08/09/2026,19:00,22:00,,Reclining Seat,680,0,50,regular,0
Starlite,ferry,PACIFIC,Calapan,Batangas,08/09/2026,19:00,22:00,,Economy Bed Bunk,680,0,50,regular,1
Starlite,ferry,PACIFIC,Calapan,Batangas,08/09/2026,19:00,22:00,,Tourist Bed Bunk,680,0,50,regular,1
Starlite,ferry,PACIFIC,Calapan,Batangas,08/09/2026,21:00,00:00,,Reclining Seat,680,0,50,regular,0
Starlite,ferry,PACIFIC,Calapan,Batangas,08/09/2026,21:00,00:00,,Economy Bed Bunk,680,0,50,regular,1
Starlite,ferry,PACIFIC,Calapan,Batangas,08/09/2026,21:00,00:00,,Tourist Bed Bunk,680,0,50,regular,1
Starlite,ferry,PACIFIC,Calapan,Batangas,08/09/2026,23:00,02:00,,Reclining Seat,680,0,50,regular,0
Starlite,ferry,PACIFIC,Calapan,Batangas,08/09/2026,23:00,02:00,,Economy Bed Bunk,680,0,50,regular,1
Starlite,ferry,PACIFIC,Calapan,Batangas,08/09/2026,23:00,02:00,,Tourist Bed Bunk,680,0,50,regular,1
Starlite,ferry,PACIFIC,Calapan,Batangas,09/09/2026,01:00,04:00,,Reclining Seat,680,0,50,regular,0
Starlite,ferry,PACIFIC,Calapan,Batangas,09/09/2026,01:00,04:00,,Economy Bed Bunk,680,0,50,regular,1
Starlite,ferry,PACIFIC,Calapan,Batangas,09/09/2026,01:00,04:00,,Tourist Bed Bunk,680,0,50,regular,1
Starlite,ferry,PACIFIC,Calapan,Batangas,09/09/2026,03:00,06:00,,Reclining Seat,680,0,50,regular,0
Starlite,ferry,PACIFIC,Calapan,Batangas,09/09/2026,03:00,06:00,,Economy Bed Bunk,680,0,50,regular,1
Starlite,ferry,PACIFIC,Calapan,Batangas,09/09/2026,03:00,06:00,,Tourist Bed Bunk,680,0,50,regular,1
Starlite,ferry,PACIFIC,Calapan,Batangas,09/09/2026,05:00,08:00,,Reclining Seat,680,0,50,regular,0
Starlite,ferry,PACIFIC,Calapan,Batangas,09/09/2026,05:00,08:00,,Economy Bed Bunk,680,0,50,regular,1
Starlite,ferry,PACIFIC,Calapan,Batangas,09/09/2026,05:00,08:00,,Tourist Bed Bunk,680,0,50,regular,1
Starlite,ferry,PACIFIC,Calapan,Batangas,09/09/2026,07:00,10:00,,Reclining Seat,680,0,50,regular,0
Starlite,ferry,PACIFIC,Calapan,Batangas,09/09/2026,07:00,10:00,,Economy Bed Bunk,680,0,50,regular,1
Starlite,ferry,PACIFIC,Calapan,Batangas,09/09/2026,07:00,10:00,,Tourist Bed Bunk,680,0,50,regular,1
Starlite,ferry,PACIFIC,Calapan,Batangas,09/09/2026,09:00,12:00,,Reclining Seat,680,0,50,regular,0
Starlite,ferry,PACIFIC,Calapan,Batangas,09/09/2026,09:00,12:00,,Economy Bed Bunk,680,0,50,regular,1
Starlite,ferry,PACIFIC,Calapan,Batangas,09/09/2026,09:00,12:00,,Tourist Bed Bunk,680,0,50,regular,1
Starlite,ferry,PACIFIC,Calapan,Batangas,09/09/2026,11:00,14:00,,Reclining Seat,680,0,50,regular,0
Starlite,ferry,PACIFIC,Calapan,Batangas,09/09/2026,11:00,14:00,,Economy Bed Bunk,680,0,50,regular,1
Starlite,ferry,PACIFIC,Calapan,Batangas,09/09/2026,11:00,14:00,,Tourist Bed Bunk,680,0,50,regular,1
Starlite,ferry,PACIFIC,Calapan,Batangas,09/09/2026,13:00,16:00,,Reclining Seat,680,0,50,regular,0
Starlite,ferry,PACIFIC,Calapan,Batangas,09/09/2026,13:00,16:00,,Economy Bed Bunk,680,0,50,regular,1
Starlite,ferry,PACIFIC,Calapan,Batangas,09/09/2026,13:00,16:00,,Tourist Bed Bunk,680,0,50,regular,1
Starlite,ferry,PACIFIC,Calapan,Batangas,09/09/2026,15:00,18:00,,Reclining Seat,680,0,50,regular,0
Starlite,ferry,PACIFIC,Calapan,Batangas,09/09/2026,15:00,18:00,,Economy Bed Bunk,680,0,50,regular,1
Starlite,ferry,PACIFIC,Calapan,Batangas,09/09/2026,15:00,18:00,,Tourist Bed Bunk,680,0,50,regular,1
Starlite,ferry,PACIFIC,Calapan,Batangas,09/09/2026,17:00,20:00,,Reclining Seat,680,0,50,regular,0
Starlite,ferry,PACIFIC,Calapan,Batangas,09/09/2026,17:00,20:00,,Economy Bed Bunk,680,0,50,regular,1
Starlite,ferry,PACIFIC,Calapan,Batangas,09/09/2026,17:00,20:00,,Tourist Bed Bunk,680,0,50,regular,1
Starlite,ferry,PACIFIC,Calapan,Batangas,09/09/2026,19:00,22:00,,Reclining Seat,680,0,50,regular,0
Starlite,ferry,PACIFIC,Calapan,Batangas,09/09/2026,19:00,22:00,,Economy Bed Bunk,680,0,50,regular,1
Starlite,ferry,PACIFIC,Calapan,Batangas,09/09/2026,19:00,22:00,,Tourist Bed Bunk,680,0,50,regular,1
Starlite,ferry,PACIFIC,Calapan,Batangas,09/09/2026,21:00,00:00,,Reclining Seat,680,0,50,regular,0
Starlite,ferry,PACIFIC,Calapan,Batangas,09/09/2026,21:00,00:00,,Economy Bed Bunk,680,0,50,regular,1
Starlite,ferry,PACIFIC,Calapan,Batangas,09/09/2026,21:00,00:00,,Tourist Bed Bunk,680,0,50,regular,1
Starlite,ferry,PACIFIC,Calapan,Batangas,09/09/2026,23:00,02:00,,Reclining Seat,680,0,50,regular,0
Starlite,ferry,PACIFIC,Calapan,Batangas,09/09/2026,23:00,02:00,,Economy Bed Bunk,680,0,50,regular,1
Starlite,ferry,PACIFIC,Calapan,Batangas,09/09/2026,23:00,02:00,,Tourist Bed Bunk,680,0,50,regular,1
Starlite,ferry,PACIFIC,Calapan,Batangas,10/09/2026,01:00,04:00,,Reclining Seat,680,0,50,regular,0
Starlite,ferry,PACIFIC,Calapan,Batangas,10/09/2026,01:00,04:00,,Economy Bed Bunk,680,0,50,regular,1
Starlite,ferry,PACIFIC,Calapan,Batangas,10/09/2026,01:00,04:00,,Tourist Bed Bunk,680,0,50,regular,1
Starlite,ferry,PACIFIC,Calapan,Batangas,10/09/2026,03:00,06:00,,Reclining Seat,680,0,50,regular,0
Starlite,ferry,PACIFIC,Calapan,Batangas,10/09/2026,03:00,06:00,,Economy Bed Bunk,680,0,50,regular,1
Starlite,ferry,PACIFIC,Calapan,Batangas,10/09/2026,03:00,06:00,,Tourist Bed Bunk,680,0,50,regular,1
Starlite,ferry,PACIFIC,Calapan,Batangas,10/09/2026,05:00,08:00,,Reclining Seat,680,0,50,regular,0
Starlite,ferry,PACIFIC,Calapan,Batangas,10/09/2026,05:00,08:00,,Economy Bed Bunk,680,0,50,regular,1
Starlite,ferry,PACIFIC,Calapan,Batangas,10/09/2026,05:00,08:00,,Tourist Bed Bunk,680,0,50,regular,1
Starlite,ferry,PACIFIC,Calapan,Batangas,10/09/2026,07:00,10:00,,Reclining Seat,680,0,50,regular,0
Starlite,ferry,PACIFIC,Calapan,Batangas,10/09/2026,07:00,10:00,,Economy Bed Bunk,680,0,50,regular,1
Starlite,ferry,PACIFIC,Calapan,Batangas,10/09/2026,07:00,10:00,,Tourist Bed Bunk,680,0,50,regular,1
Starlite,ferry,PACIFIC,Calapan,Batangas,10/09/2026,09:00,12:00,,Reclining Seat,680,0,50,regular,0
Starlite,ferry,PACIFIC,Calapan,Batangas,10/09/2026,09:00,12:00,,Economy Bed Bunk,680,0,50,regular,1
Starlite,ferry,PACIFIC,Calapan,Batangas,10/09/2026,09:00,12:00,,Tourist Bed Bunk,680,0,50,regular,1
Starlite,ferry,PACIFIC,Calapan,Batangas,10/09/2026,11:00,14:00,,Reclining Seat,680,0,50,regular,0
Starlite,ferry,PACIFIC,Calapan,Batangas,10/09/2026,11:00,14:00,,Economy Bed Bunk,680,0,50,regular,1
Starlite,ferry,PACIFIC,Calapan,Batangas,10/09/2026,11:00,14:00,,Tourist Bed Bunk,680,0,50,regular,1
Starlite,ferry,PACIFIC,Calapan,Batangas,10/09/2026,13:00,16:00,,Reclining Seat,680,0,50,regular,0
Starlite,ferry,PACIFIC,Calapan,Batangas,10/09/2026,13:00,16:00,,Economy Bed Bunk,680,0,50,regular,1
Starlite,ferry,PACIFIC,Calapan,Batangas,10/09/2026,13:00,16:00,,Tourist Bed Bunk,680,0,50,regular,1
Starlite,ferry,PACIFIC,Calapan,Batangas,10/09/2026,15:00,18:00,,Reclining Seat,680,0,50,regular,0
Starlite,ferry,PACIFIC,Calapan,Batangas,10/09/2026,15:00,18:00,,Economy Bed Bunk,680,0,50,regular,1
Starlite,ferry,PACIFIC,Calapan,Batangas,10/09/2026,15:00,18:00,,Tourist Bed Bunk,680,0,50,regular,1
Starlite,ferry,PACIFIC,Calapan,Batangas,10/09/2026,17:00,20:00,,Reclining Seat,680,0,50,regular,0
Starlite,ferry,PACIFIC,Calapan,Batangas,10/09/2026,17:00,20:00,,Economy Bed Bunk,680,0,50,regular,1
Starlite,ferry,PACIFIC,Calapan,Batangas,10/09/2026,17:00,20:00,,Tourist Bed Bunk,680,0,50,regular,1
Starlite,ferry,PACIFIC,Calapan,Batangas,10/09/2026,19:00,22:00,,Reclining Seat,680,0,50,regular,0
Starlite,ferry,PACIFIC,Calapan,Batangas,10/09/2026,19:00,22:00,,Economy Bed Bunk,680,0,50,regular,1
Starlite,ferry,PACIFIC,Calapan,Batangas,10/09/2026,19:00,22:00,,Tourist Bed Bunk,680,0,50,regular,1
Starlite,ferry,PACIFIC,Calapan,Batangas,10/09/2026,21:00,00:00,,Reclining Seat,680,0,50,regular,0
Starlite,ferry,PACIFIC,Calapan,Batangas,10/09/2026,21:00,00:00,,Economy Bed Bunk,680,0,50,regular,1
Starlite,ferry,PACIFIC,Calapan,Batangas,10/09/2026,21:00,00:00,,Tourist Bed Bunk,680,0,50,regular,1
Starlite,ferry,PACIFIC,Calapan,Batangas,10/09/2026,23:00,02:00,,Reclining Seat,680,0,50,regular,0
Starlite,ferry,PACIFIC,Calapan,Batangas,10/09/2026,23:00,02:00,,Economy Bed Bunk,680,0,50,regular,1
Starlite,ferry,PACIFIC,Calapan,Batangas,10/09/2026,23:00,02:00,,Tourist Bed Bunk,680,0,50,regular,1
Starlite,ferry,PACIFIC,Calapan,Batangas,11/09/2026,01:00,04:00,,Reclining Seat,680,0,50,regular,0
Starlite,ferry,PACIFIC,Calapan,Batangas,11/09/2026,01:00,04:00,,Economy Bed Bunk,680,0,50,regular,1
Starlite,ferry,PACIFIC,Calapan,Batangas,11/09/2026,01:00,04:00,,Tourist Bed Bunk,680,0,50,regular,1
Starlite,ferry,PACIFIC,Calapan,Batangas,11/09/2026,03:00,06:00,,Reclining Seat,680,0,50,regular,0
Starlite,ferry,PACIFIC,Calapan,Batangas,11/09/2026,03:00,06:00,,Economy Bed Bunk,680,0,50,regular,1
Starlite,ferry,PACIFIC,Calapan,Batangas,11/09/2026,03:00,06:00,,Tourist Bed Bunk,680,0,50,regular,1
Starlite,ferry,PACIFIC,Calapan,Batangas,11/09/2026,05:00,08:00,,Reclining Seat,680,0,50,regular,0
Starlite,ferry,PACIFIC,Calapan,Batangas,11/09/2026,05:00,08:00,,Economy Bed Bunk,680,0,50,regular,1
Starlite,ferry,PACIFIC,Calapan,Batangas,11/09/2026,05:00,08:00,,Tourist Bed Bunk,680,0,50,regular,1
Starlite,ferry,PACIFIC,Calapan,Batangas,11/09/2026,07:00,10:00,,Reclining Seat,680,0,50,regular,0
Starlite,ferry,PACIFIC,Calapan,Batangas,11/09/2026,07:00,10:00,,Economy Bed Bunk,680,0,50,regular,1
Starlite,ferry,PACIFIC,Calapan,Batangas,11/09/2026,07:00,10:00,,Tourist Bed Bunk,680,0,50,regular,1
Starlite,ferry,PACIFIC,Calapan,Batangas,11/09/2026,09:00,12:00,,Reclining Seat,680,0,50,regular,0
Starlite,ferry,PACIFIC,Calapan,Batangas,11/09/2026,09:00,12:00,,Economy Bed Bunk,680,0,50,regular,1
Starlite,ferry,PACIFIC,Calapan,Batangas,11/09/2026,09:00,12:00,,Tourist Bed Bunk,680,0,50,regular,1
Starlite,ferry,PACIFIC,Calapan,Batangas,11/09/2026,11:00,14:00,,Reclining Seat,680,0,50,regular,0
Starlite,ferry,PACIFIC,Calapan,Batangas,11/09/2026,11:00,14:00,,Economy Bed Bunk,680,0,50,regular,1
Starlite,ferry,PACIFIC,Calapan,Batangas,11/09/2026,11:00,14:00,,Tourist Bed Bunk,680,0,50,regular,1
Starlite,ferry,PACIFIC,Calapan,Batangas,11/09/2026,13:00,16:00,,Reclining Seat,680,0,50,regular,0
Starlite,ferry,PACIFIC,Calapan,Batangas,11/09/2026,13:00,16:00,,Economy Bed Bunk,680,0,50,regular,1
Starlite,ferry,PACIFIC,Calapan,Batangas,11/09/2026,13:00,16:00,,Tourist Bed Bunk,680,0,50,regular,1
Starlite,ferry,PACIFIC,Calapan,Batangas,11/09/2026,15:00,18:00,,Reclining Seat,680,0,50,regular,0
Starlite,ferry,PACIFIC,Calapan,Batangas,11/09/2026,15:00,18:00,,Economy Bed Bunk,680,0,50,regular,1
Starlite,ferry,PACIFIC,Calapan,Batangas,11/09/2026,15:00,18:00,,Tourist Bed Bunk,680,0,50,regular,1
Starlite,ferry,PACIFIC,Calapan,Batangas,11/09/2026,17:00,20:00,,Reclining Seat,680,0,50,regular,0
Starlite,ferry,PACIFIC,Calapan,Batangas,11/09/2026,17:00,20:00,,Economy Bed Bunk,680,0,50,regular,1
Starlite,ferry,PACIFIC,Calapan,Batangas,11/09/2026,17:00,20:00,,Tourist Bed Bunk,680,0,50,regular,1
Starlite,ferry,PACIFIC,Calapan,Batangas,11/09/2026,19:00,22:00,,Reclining Seat,680,0,50,regular,0
Starlite,ferry,PACIFIC,Calapan,Batangas,11/09/2026,19:00,22:00,,Economy Bed Bunk,680,0,50,regular,1
Starlite,ferry,PACIFIC,Calapan,Batangas,11/09/2026,19:00,22:00,,Tourist Bed Bunk,680,0,50,regular,1
Starlite,ferry,PACIFIC,Calapan,Batangas,11/09/2026,21:00,00:00,,Reclining Seat,680,0,50,regular,0
Starlite,ferry,PACIFIC,Calapan,Batangas,11/09/2026,21:00,00:00,,Economy Bed Bunk,680,0,50,regular,1
Starlite,ferry,PACIFIC,Calapan,Batangas,11/09/2026,21:00,00:00,,Tourist Bed Bunk,680,0,50,regular,1
Starlite,ferry,PACIFIC,Calapan,Batangas,11/09/2026,23:00,02:00,,Reclining Seat,680,0,50,regular,0
Starlite,ferry,PACIFIC,Calapan,Batangas,11/09/2026,23:00,02:00,,Economy Bed Bunk,680,0,50,regular,1
Starlite,ferry,PACIFIC,Calapan,Batangas,11/09/2026,23:00,02:00,,Tourist Bed Bunk,680,0,50,regular,1
Starlite,ferry,PACIFIC,Calapan,Batangas,12/09/2026,01:00,04:00,,Reclining Seat,680,0,50,regular,0
Starlite,ferry,PACIFIC,Calapan,Batangas,12/09/2026,01:00,04:00,,Economy Bed Bunk,680,0,50,regular,1
Starlite,ferry,PACIFIC,Calapan,Batangas,12/09/2026,01:00,04:00,,Tourist Bed Bunk,680,0,50,regular,1
Starlite,ferry,PACIFIC,Calapan,Batangas,12/09/2026,03:00,06:00,,Reclining Seat,680,0,50,regular,0
Starlite,ferry,PACIFIC,Calapan,Batangas,12/09/2026,03:00,06:00,,Economy Bed Bunk,680,0,50,regular,1
Starlite,ferry,PACIFIC,Calapan,Batangas,12/09/2026,03:00,06:00,,Tourist Bed Bunk,680,0,50,regular,1
Starlite,ferry,PACIFIC,Calapan,Batangas,12/09/2026,05:00,08:00,,Reclining Seat,680,0,50,regular,0
Starlite,ferry,PACIFIC,Calapan,Batangas,12/09/2026,05:00,08:00,,Economy Bed Bunk,680,0,50,regular,1
Starlite,ferry,PACIFIC,Calapan,Batangas,12/09/2026,05:00,08:00,,Tourist Bed Bunk,680,0,50,regular,1
Starlite,ferry,PACIFIC,Calapan,Batangas,12/09/2026,07:00,10:00,,Reclining Seat,680,0,50,regular,0
Starlite,ferry,PACIFIC,Calapan,Batangas,12/09/2026,07:00,10:00,,Economy Bed Bunk,680,0,50,regular,1
Starlite,ferry,PACIFIC,Calapan,Batangas,12/09/2026,07:00,10:00,,Tourist Bed Bunk,680,0,50,regular,1
Starlite,ferry,PACIFIC,Calapan,Batangas,12/09/2026,09:00,12:00,,Reclining Seat,680,0,50,regular,0
Starlite,ferry,PACIFIC,Calapan,Batangas,12/09/2026,09:00,12:00,,Economy Bed Bunk,680,0,50,regular,1
Starlite,ferry,PACIFIC,Calapan,Batangas,12/09/2026,09:00,12:00,,Tourist Bed Bunk,680,0,50,regular,1
Starlite,ferry,PACIFIC,Calapan,Batangas,12/09/2026,11:00,14:00,,Reclining Seat,680,0,50,regular,0
Starlite,ferry,PACIFIC,Calapan,Batangas,12/09/2026,11:00,14:00,,Economy Bed Bunk,680,0,50,regular,1
Starlite,ferry,PACIFIC,Calapan,Batangas,12/09/2026,11:00,14:00,,Tourist Bed Bunk,680,0,50,regular,1
Starlite,ferry,PACIFIC,Calapan,Batangas,12/09/2026,13:00,16:00,,Reclining Seat,680,0,50,regular,0
Starlite,ferry,PACIFIC,Calapan,Batangas,12/09/2026,13:00,16:00,,Economy Bed Bunk,680,0,50,regular,1
Starlite,ferry,PACIFIC,Calapan,Batangas,12/09/2026,13:00,16:00,,Tourist Bed Bunk,680,0,50,regular,1
Starlite,ferry,PACIFIC,Calapan,Batangas,12/09/2026,15:00,18:00,,Reclining Seat,680,0,50,regular,0
Starlite,ferry,PACIFIC,Calapan,Batangas,12/09/2026,15:00,18:00,,Economy Bed Bunk,680,0,50,regular,1
Starlite,ferry,PACIFIC,Calapan,Batangas,12/09/2026,15:00,18:00,,Tourist Bed Bunk,680,0,50,regular,1
Starlite,ferry,PACIFIC,Calapan,Batangas,12/09/2026,17:00,20:00,,Reclining Seat,680,0,50,regular,0
Starlite,ferry,PACIFIC,Calapan,Batangas,12/09/2026,17:00,20:00,,Economy Bed Bunk,680,0,50,regular,1
Starlite,ferry,PACIFIC,Calapan,Batangas,12/09/2026,17:00,20:00,,Tourist Bed Bunk,680,0,50,regular,1
Starlite,ferry,PACIFIC,Calapan,Batangas,12/09/2026,19:00,22:00,,Reclining Seat,680,0,50,regular,0
Starlite,ferry,PACIFIC,Calapan,Batangas,12/09/2026,19:00,22:00,,Economy Bed Bunk,680,0,50,regular,1
Starlite,ferry,PACIFIC,Calapan,Batangas,12/09/2026,19:00,22:00,,Tourist Bed Bunk,680,0,50,regular,1
Starlite,ferry,PACIFIC,Calapan,Batangas,12/09/2026,21:00,00:00,,Reclining Seat,680,0,50,regular,0
Starlite,ferry,PACIFIC,Calapan,Batangas,12/09/2026,21:00,00:00,,Economy Bed Bunk,680,0,50,regular,1
Starlite,ferry,PACIFIC,Calapan,Batangas,12/09/2026,21:00,00:00,,Tourist Bed Bunk,680,0,50,regular,1
Starlite,ferry,PACIFIC,Calapan,Batangas,12/09/2026,23:00,02:00,,Reclining Seat,680,0,50,regular,0
Starlite,ferry,PACIFIC,Calapan,Batangas,12/09/2026,23:00,02:00,,Economy Bed Bunk,680,0,50,regular,1
Starlite,ferry,PACIFIC,Calapan,Batangas,12/09/2026,23:00,02:00,,Tourist Bed Bunk,680,0,50,regular,1
Starlite,ferry,EAGLE,Calapan,Batangas,03/09/2026,01:00,04:00,,Reclining Seat,680,0,50,regular,0
Starlite,ferry,EAGLE,Calapan,Batangas,03/09/2026,01:00,04:00,,Economy Bed Bunk,680,0,50,regular,1
Starlite,ferry,EAGLE,Calapan,Batangas,03/09/2026,01:00,04:00,,Tourist Bed Bunk,680,0,50,regular,1
Starlite,ferry,EAGLE,Calapan,Batangas,03/09/2026,03:00,06:00,,Reclining Seat,680,0,50,regular,0
Starlite,ferry,EAGLE,Calapan,Batangas,03/09/2026,03:00,06:00,,Economy Bed Bunk,680,0,50,regular,1
Starlite,ferry,EAGLE,Calapan,Batangas,03/09/2026,03:00,06:00,,Tourist Bed Bunk,680,0,50,regular,1
Starlite,ferry,EAGLE,Calapan,Batangas,03/09/2026,05:00,08:00,,Reclining Seat,680,0,50,regular,0
Starlite,ferry,EAGLE,Calapan,Batangas,03/09/2026,05:00,08:00,,Economy Bed Bunk,680,0,50,regular,1
Starlite,ferry,EAGLE,Calapan,Batangas,03/09/2026,05:00,08:00,,Tourist Bed Bunk,680,0,50,regular,1
Starlite,ferry,EAGLE,Calapan,Batangas,03/09/2026,07:00,10:00,,Reclining Seat,680,0,50,regular,0
Starlite,ferry,EAGLE,Calapan,Batangas,03/09/2026,07:00,10:00,,Economy Bed Bunk,680,0,50,regular,1
Starlite,ferry,EAGLE,Calapan,Batangas,03/09/2026,07:00,10:00,,Tourist Bed Bunk,680,0,50,regular,1
Starlite,ferry,EAGLE,Calapan,Batangas,03/09/2026,09:00,12:00,,Reclining Seat,680,0,50,regular,0
Starlite,ferry,EAGLE,Calapan,Batangas,03/09/2026,09:00,12:00,,Economy Bed Bunk,680,0,50,regular,1
Starlite,ferry,EAGLE,Calapan,Batangas,03/09/2026,09:00,12:00,,Tourist Bed Bunk,680,0,50,regular,1
Starlite,ferry,EAGLE,Calapan,Batangas,03/09/2026,11:00,14:00,,Reclining Seat,680,0,50,regular,0
Starlite,ferry,EAGLE,Calapan,Batangas,03/09/2026,11:00,14:00,,Economy Bed Bunk,680,0,50,regular,1
Starlite,ferry,EAGLE,Calapan,Batangas,03/09/2026,11:00,14:00,,Tourist Bed Bunk,680,0,50,regular,1
Starlite,ferry,EAGLE,Calapan,Batangas,03/09/2026,13:00,16:00,,Reclining Seat,680,0,50,regular,0
Starlite,ferry,EAGLE,Calapan,Batangas,03/09/2026,13:00,16:00,,Economy Bed Bunk,680,0,50,regular,1
Starlite,ferry,EAGLE,Calapan,Batangas,03/09/2026,13:00,16:00,,Tourist Bed Bunk,680,0,50,regular,1
Starlite,ferry,EAGLE,Calapan,Batangas,03/09/2026,15:00,18:00,,Reclining Seat,680,0,50,regular,0
Starlite,ferry,EAGLE,Calapan,Batangas,03/09/2026,15:00,18:00,,Economy Bed Bunk,680,0,50,regular,1
Starlite,ferry,EAGLE,Calapan,Batangas,03/09/2026,15:00,18:00,,Tourist Bed Bunk,680,0,50,regular,1
Starlite,ferry,EAGLE,Calapan,Batangas,03/09/2026,17:00,20:00,,Reclining Seat,680,0,50,regular,0
Starlite,ferry,EAGLE,Calapan,Batangas,03/09/2026,17:00,20:00,,Economy Bed Bunk,680,0,50,regular,1
Starlite,ferry,EAGLE,Calapan,Batangas,03/09/2026,17:00,20:00,,Tourist Bed Bunk,680,0,50,regular,1
Starlite,ferry,EAGLE,Calapan,Batangas,03/09/2026,19:00,22:00,,Reclining Seat,680,0,50,regular,0
Starlite,ferry,EAGLE,Calapan,Batangas,03/09/2026,19:00,22:00,,Economy Bed Bunk,680,0,50,regular,1
Starlite,ferry,EAGLE,Calapan,Batangas,03/09/2026,19:00,22:00,,Tourist Bed Bunk,680,0,50,regular,1
Starlite,ferry,EAGLE,Calapan,Batangas,03/09/2026,21:00,00:00,,Reclining Seat,680,0,50,regular,0
Starlite,ferry,EAGLE,Calapan,Batangas,03/09/2026,21:00,00:00,,Economy Bed Bunk,680,0,50,regular,1
Starlite,ferry,EAGLE,Calapan,Batangas,03/09/2026,21:00,00:00,,Tourist Bed Bunk,680,0,50,regular,1
Starlite,ferry,EAGLE,Calapan,Batangas,03/09/2026,23:00,02:00,,Reclining Seat,680,0,50,regular,0
Starlite,ferry,EAGLE,Calapan,Batangas,03/09/2026,23:00,02:00,,Economy Bed Bunk,680,0,50,regular,1
Starlite,ferry,EAGLE,Calapan,Batangas,03/09/2026,23:00,02:00,,Tourist Bed Bunk,680,0,50,regular,1
Starlite,ferry,EAGLE,Calapan,Batangas,04/09/2026,01:00,04:00,,Reclining Seat,680,0,50,regular,0
Starlite,ferry,EAGLE,Calapan,Batangas,04/09/2026,01:00,04:00,,Economy Bed Bunk,680,0,50,regular,1
Starlite,ferry,EAGLE,Calapan,Batangas,04/09/2026,01:00,04:00,,Tourist Bed Bunk,680,0,50,regular,1
Starlite,ferry,EAGLE,Calapan,Batangas,04/09/2026,03:00,06:00,,Reclining Seat,680,0,50,regular,0
Starlite,ferry,EAGLE,Calapan,Batangas,04/09/2026,03:00,06:00,,Economy Bed Bunk,680,0,50,regular,1
Starlite,ferry,EAGLE,Calapan,Batangas,04/09/2026,03:00,06:00,,Tourist Bed Bunk,680,0,50,regular,1
Starlite,ferry,EAGLE,Calapan,Batangas,04/09/2026,05:00,08:00,,Reclining Seat,680,0,50,regular,0
Starlite,ferry,EAGLE,Calapan,Batangas,04/09/2026,05:00,08:00,,Economy Bed Bunk,680,0,50,regular,1
Starlite,ferry,EAGLE,Calapan,Batangas,04/09/2026,05:00,08:00,,Tourist Bed Bunk,680,0,50,regular,1
Starlite,ferry,EAGLE,Calapan,Batangas,04/09/2026,07:00,10:00,,Reclining Seat,680,0,50,regular,0
Starlite,ferry,EAGLE,Calapan,Batangas,04/09/2026,07:00,10:00,,Economy Bed Bunk,680,0,50,regular,1
Starlite,ferry,EAGLE,Calapan,Batangas,04/09/2026,07:00,10:00,,Tourist Bed Bunk,680,0,50,regular,1
Starlite,ferry,EAGLE,Calapan,Batangas,04/09/2026,09:00,12:00,,Reclining Seat,680,0,50,regular,0
Starlite,ferry,EAGLE,Calapan,Batangas,04/09/2026,09:00,12:00,,Economy Bed Bunk,680,0,50,regular,1
Starlite,ferry,EAGLE,Calapan,Batangas,04/09/2026,09:00,12:00,,Tourist Bed Bunk,680,0,50,regular,1
Starlite,ferry,EAGLE,Calapan,Batangas,04/09/2026,11:00,14:00,,Reclining Seat,680,0,50,regular,0
Starlite,ferry,EAGLE,Calapan,Batangas,04/09/2026,11:00,14:00,,Economy Bed Bunk,680,0,50,regular,1
Starlite,ferry,EAGLE,Calapan,Batangas,04/09/2026,11:00,14:00,,Tourist Bed Bunk,680,0,50,regular,1
Starlite,ferry,EAGLE,Calapan,Batangas,04/09/2026,13:00,16:00,,Reclining Seat,680,0,50,regular,0
Starlite,ferry,EAGLE,Calapan,Batangas,04/09/2026,13:00,16:00,,Economy Bed Bunk,680,0,50,regular,1
Starlite,ferry,EAGLE,Calapan,Batangas,04/09/2026,13:00,16:00,,Tourist Bed Bunk,680,0,50,regular,1
Starlite,ferry,EAGLE,Calapan,Batangas,04/09/2026,15:00,18:00,,Reclining Seat,680,0,50,regular,0
Starlite,ferry,EAGLE,Calapan,Batangas,04/09/2026,15:00,18:00,,Economy Bed Bunk,680,0,50,regular,1
Starlite,ferry,EAGLE,Calapan,Batangas,04/09/2026,15:00,18:00,,Tourist Bed Bunk,680,0,50,regular,1
Starlite,ferry,EAGLE,Calapan,Batangas,04/09/2026,17:00,20:00,,Reclining Seat,680,0,50,regular,0
Starlite,ferry,EAGLE,Calapan,Batangas,04/09/2026,17:00,20:00,,Economy Bed Bunk,680,0,50,regular,1
Starlite,ferry,EAGLE,Calapan,Batangas,04/09/2026,17:00,20:00,,Tourist Bed Bunk,680,0,50,regular,1
Starlite,ferry,EAGLE,Calapan,Batangas,04/09/2026,19:00,22:00,,Reclining Seat,680,0,50,regular,0
Starlite,ferry,EAGLE,Calapan,Batangas,04/09/2026,19:00,22:00,,Economy Bed Bunk,680,0,50,regular,1
Starlite,ferry,EAGLE,Calapan,Batangas,04/09/2026,19:00,22:00,,Tourist Bed Bunk,680,0,50,regular,1
Starlite,ferry,EAGLE,Calapan,Batangas,04/09/2026,21:00,00:00,,Reclining Seat,680,0,50,regular,0
Starlite,ferry,EAGLE,Calapan,Batangas,04/09/2026,21:00,00:00,,Economy Bed Bunk,680,0,50,regular,1
Starlite,ferry,EAGLE,Calapan,Batangas,04/09/2026,21:00,00:00,,Tourist Bed Bunk,680,0,50,regular,1
Starlite,ferry,EAGLE,Calapan,Batangas,04/09/2026,23:00,02:00,,Reclining Seat,680,0,50,regular,0
Starlite,ferry,EAGLE,Calapan,Batangas,04/09/2026,23:00,02:00,,Economy Bed Bunk,680,0,50,regular,1
Starlite,ferry,EAGLE,Calapan,Batangas,04/09/2026,23:00,02:00,,Tourist Bed Bunk,680,0,50,regular,1
Starlite,ferry,EAGLE,Calapan,Batangas,05/09/2026,01:00,04:00,,Reclining Seat,680,0,50,regular,0
Starlite,ferry,EAGLE,Calapan,Batangas,05/09/2026,01:00,04:00,,Economy Bed Bunk,680,0,50,regular,1
Starlite,ferry,EAGLE,Calapan,Batangas,05/09/2026,01:00,04:00,,Tourist Bed Bunk,680,0,50,regular,1
Starlite,ferry,EAGLE,Calapan,Batangas,05/09/2026,03:00,06:00,,Reclining Seat,680,0,50,regular,0
Starlite,ferry,EAGLE,Calapan,Batangas,05/09/2026,03:00,06:00,,Economy Bed Bunk,680,0,50,regular,1
Starlite,ferry,EAGLE,Calapan,Batangas,05/09/2026,03:00,06:00,,Tourist Bed Bunk,680,0,50,regular,1
Starlite,ferry,EAGLE,Calapan,Batangas,05/09/2026,05:00,08:00,,Reclining Seat,680,0,50,regular,0
Starlite,ferry,EAGLE,Calapan,Batangas,05/09/2026,05:00,08:00,,Economy Bed Bunk,680,0,50,regular,1
Starlite,ferry,EAGLE,Calapan,Batangas,05/09/2026,05:00,08:00,,Tourist Bed Bunk,680,0,50,regular,1
Starlite,ferry,EAGLE,Calapan,Batangas,05/09/2026,07:00,10:00,,Reclining Seat,680,0,50,regular,0
Starlite,ferry,EAGLE,Calapan,Batangas,05/09/2026,07:00,10:00,,Economy Bed Bunk,680,0,50,regular,1
Starlite,ferry,EAGLE,Calapan,Batangas,05/09/2026,07:00,10:00,,Tourist Bed Bunk,680,0,50,regular,1
Starlite,ferry,EAGLE,Calapan,Batangas,05/09/2026,09:00,12:00,,Reclining Seat,680,0,50,regular,0
Starlite,ferry,EAGLE,Calapan,Batangas,05/09/2026,09:00,12:00,,Economy Bed Bunk,680,0,50,regular,1
Starlite,ferry,EAGLE,Calapan,Batangas,05/09/2026,09:00,12:00,,Tourist Bed Bunk,680,0,50,regular,1
Starlite,ferry,EAGLE,Calapan,Batangas,05/09/2026,11:00,14:00,,Reclining Seat,680,0,50,regular,0
Starlite,ferry,EAGLE,Calapan,Batangas,05/09/2026,11:00,14:00,,Economy Bed Bunk,680,0,50,regular,1
Starlite,ferry,EAGLE,Calapan,Batangas,05/09/2026,11:00,14:00,,Tourist Bed Bunk,680,0,50,regular,1
Starlite,ferry,EAGLE,Calapan,Batangas,05/09/2026,13:00,16:00,,Reclining Seat,680,0,50,regular,0
Starlite,ferry,EAGLE,Calapan,Batangas,05/09/2026,13:00,16:00,,Economy Bed Bunk,680,0,50,regular,1
Starlite,ferry,EAGLE,Calapan,Batangas,05/09/2026,13:00,16:00,,Tourist Bed Bunk,680,0,50,regular,1
Starlite,ferry,EAGLE,Calapan,Batangas,05/09/2026,15:00,18:00,,Reclining Seat,680,0,50,regular,0
Starlite,ferry,EAGLE,Calapan,Batangas,05/09/2026,15:00,18:00,,Economy Bed Bunk,680,0,50,regular,1
Starlite,ferry,EAGLE,Calapan,Batangas,05/09/2026,15:00,18:00,,Tourist Bed Bunk,680,0,50,regular,1
Starlite,ferry,EAGLE,Calapan,Batangas,05/09/2026,17:00,20:00,,Reclining Seat,680,0,50,regular,0
Starlite,ferry,EAGLE,Calapan,Batangas,05/09/2026,17:00,20:00,,Economy Bed Bunk,680,0,50,regular,1
Starlite,ferry,EAGLE,Calapan,Batangas,05/09/2026,17:00,20:00,,Tourist Bed Bunk,680,0,50,regular,1
Starlite,ferry,EAGLE,Calapan,Batangas,05/09/2026,19:00,22:00,,Reclining Seat,680,0,50,regular,0
Starlite,ferry,EAGLE,Calapan,Batangas,05/09/2026,19:00,22:00,,Economy Bed Bunk,680,0,50,regular,1
Starlite,ferry,EAGLE,Calapan,Batangas,05/09/2026,19:00,22:00,,Tourist Bed Bunk,680,0,50,regular,1
Starlite,ferry,EAGLE,Calapan,Batangas,05/09/2026,21:00,00:00,,Reclining Seat,680,0,50,regular,0
Starlite,ferry,EAGLE,Calapan,Batangas,05/09/2026,21:00,00:00,,Economy Bed Bunk,680,0,50,regular,1
Starlite,ferry,EAGLE,Calapan,Batangas,05/09/2026,21:00,00:00,,Tourist Bed Bunk,680,0,50,regular,1
Starlite,ferry,EAGLE,Calapan,Batangas,05/09/2026,23:00,02:00,,Reclining Seat,680,0,50,regular,0
Starlite,ferry,EAGLE,Calapan,Batangas,05/09/2026,23:00,02:00,,Economy Bed Bunk,680,0,50,regular,1
Starlite,ferry,EAGLE,Calapan,Batangas,05/09/2026,23:00,02:00,,Tourist Bed Bunk,680,0,50,regular,1
Starlite,ferry,EAGLE,Calapan,Batangas,06/09/2026,01:00,04:00,,Reclining Seat,680,0,50,regular,0
Starlite,ferry,EAGLE,Calapan,Batangas,06/09/2026,01:00,04:00,,Economy Bed Bunk,680,0,50,regular,1
Starlite,ferry,EAGLE,Calapan,Batangas,06/09/2026,01:00,04:00,,Tourist Bed Bunk,680,0,50,regular,1
Starlite,ferry,EAGLE,Calapan,Batangas,06/09/2026,03:00,06:00,,Reclining Seat,680,0,50,regular,0
Starlite,ferry,EAGLE,Calapan,Batangas,06/09/2026,03:00,06:00,,Economy Bed Bunk,680,0,50,regular,1
Starlite,ferry,EAGLE,Calapan,Batangas,06/09/2026,03:00,06:00,,Tourist Bed Bunk,680,0,50,regular,1
Starlite,ferry,EAGLE,Calapan,Batangas,06/09/2026,05:00,08:00,,Reclining Seat,680,0,50,regular,0
Starlite,ferry,EAGLE,Calapan,Batangas,06/09/2026,05:00,08:00,,Economy Bed Bunk,680,0,50,regular,1
Starlite,ferry,EAGLE,Calapan,Batangas,06/09/2026,05:00,08:00,,Tourist Bed Bunk,680,0,50,regular,1
Starlite,ferry,EAGLE,Calapan,Batangas,06/09/2026,07:00,10:00,,Reclining Seat,680,0,50,regular,0
Starlite,ferry,EAGLE,Calapan,Batangas,06/09/2026,07:00,10:00,,Economy Bed Bunk,680,0,50,regular,1
Starlite,ferry,EAGLE,Calapan,Batangas,06/09/2026,07:00,10:00,,Tourist Bed Bunk,680,0,50,regular,1
Starlite,ferry,EAGLE,Calapan,Batangas,06/09/2026,09:00,12:00,,Reclining Seat,680,0,50,regular,0
Starlite,ferry,EAGLE,Calapan,Batangas,06/09/2026,09:00,12:00,,Economy Bed Bunk,680,0,50,regular,1
Starlite,ferry,EAGLE,Calapan,Batangas,06/09/2026,09:00,12:00,,Tourist Bed Bunk,680,0,50,regular,1
Starlite,ferry,EAGLE,Calapan,Batangas,06/09/2026,11:00,14:00,,Reclining Seat,680,0,50,regular,0
Starlite,ferry,EAGLE,Calapan,Batangas,06/09/2026,11:00,14:00,,Economy Bed Bunk,680,0,50,regular,1
Starlite,ferry,EAGLE,Calapan,Batangas,06/09/2026,11:00,14:00,,Tourist Bed Bunk,680,0,50,regular,1
Starlite,ferry,EAGLE,Calapan,Batangas,06/09/2026,13:00,16:00,,Reclining Seat,680,0,50,regular,0
Starlite,ferry,EAGLE,Calapan,Batangas,06/09/2026,13:00,16:00,,Economy Bed Bunk,680,0,50,regular,1
Starlite,ferry,EAGLE,Calapan,Batangas,06/09/2026,13:00,16:00,,Tourist Bed Bunk,680,0,50,regular,1
Starlite,ferry,EAGLE,Calapan,Batangas,06/09/2026,15:00,18:00,,Reclining Seat,680,0,50,regular,0
Starlite,ferry,EAGLE,Calapan,Batangas,06/09/2026,15:00,18:00,,Economy Bed Bunk,680,0,50,regular,1
Starlite,ferry,EAGLE,Calapan,Batangas,06/09/2026,15:00,18:00,,Tourist Bed Bunk,680,0,50,regular,1
Starlite,ferry,EAGLE,Calapan,Batangas,06/09/2026,17:00,20:00,,Reclining Seat,680,0,50,regular,0
Starlite,ferry,EAGLE,Calapan,Batangas,06/09/2026,17:00,20:00,,Economy Bed Bunk,680,0,50,regular,1
Starlite,ferry,EAGLE,Calapan,Batangas,06/09/2026,17:00,20:00,,Tourist Bed Bunk,680,0,50,regular,1
Starlite,ferry,EAGLE,Calapan,Batangas,06/09/2026,19:00,22:00,,Reclining Seat,680,0,50,regular,0
Starlite,ferry,EAGLE,Calapan,Batangas,06/09/2026,19:00,22:00,,Economy Bed Bunk,680,0,50,regular,1
Starlite,ferry,EAGLE,Calapan,Batangas,06/09/2026,19:00,22:00,,Tourist Bed Bunk,680,0,50,regular,1
Starlite,ferry,EAGLE,Calapan,Batangas,06/09/2026,21:00,00:00,,Reclining Seat,680,0,50,regular,0
Starlite,ferry,EAGLE,Calapan,Batangas,06/09/2026,21:00,00:00,,Economy Bed Bunk,680,0,50,regular,1
Starlite,ferry,EAGLE,Calapan,Batangas,06/09/2026,21:00,00:00,,Tourist Bed Bunk,680,0,50,regular,1
Starlite,ferry,EAGLE,Calapan,Batangas,06/09/2026,23:00,02:00,,Reclining Seat,680,0,50,regular,0
Starlite,ferry,EAGLE,Calapan,Batangas,06/09/2026,23:00,02:00,,Economy Bed Bunk,680,0,50,regular,1
Starlite,ferry,EAGLE,Calapan,Batangas,06/09/2026,23:00,02:00,,Tourist Bed Bunk,680,0,50,regular,1
Starlite,ferry,EAGLE,Calapan,Batangas,07/09/2026,01:00,04:00,,Reclining Seat,680,0,50,regular,0
Starlite,ferry,EAGLE,Calapan,Batangas,07/09/2026,01:00,04:00,,Economy Bed Bunk,680,0,50,regular,1
Starlite,ferry,EAGLE,Calapan,Batangas,07/09/2026,01:00,04:00,,Tourist Bed Bunk,680,0,50,regular,1
Starlite,ferry,EAGLE,Calapan,Batangas,07/09/2026,03:00,06:00,,Reclining Seat,680,0,50,regular,0
Starlite,ferry,EAGLE,Calapan,Batangas,07/09/2026,03:00,06:00,,Economy Bed Bunk,680,0,50,regular,1
Starlite,ferry,EAGLE,Calapan,Batangas,07/09/2026,03:00,06:00,,Tourist Bed Bunk,680,0,50,regular,1
Starlite,ferry,EAGLE,Calapan,Batangas,07/09/2026,05:00,08:00,,Reclining Seat,680,0,50,regular,0
Starlite,ferry,EAGLE,Calapan,Batangas,07/09/2026,05:00,08:00,,Economy Bed Bunk,680,0,50,regular,1
Starlite,ferry,EAGLE,Calapan,Batangas,07/09/2026,05:00,08:00,,Tourist Bed Bunk,680,0,50,regular,1
Starlite,ferry,EAGLE,Calapan,Batangas,07/09/2026,07:00,10:00,,Reclining Seat,680,0,50,regular,0
Starlite,ferry,EAGLE,Calapan,Batangas,07/09/2026,07:00,10:00,,Economy Bed Bunk,680,0,50,regular,1
Starlite,ferry,EAGLE,Calapan,Batangas,07/09/2026,07:00,10:00,,Tourist Bed Bunk,680,0,50,regular,1
Starlite,ferry,EAGLE,Calapan,Batangas,07/09/2026,09:00,12:00,,Reclining Seat,680,0,50,regular,0
Starlite,ferry,EAGLE,Calapan,Batangas,07/09/2026,09:00,12:00,,Economy Bed Bunk,680,0,50,regular,1
Starlite,ferry,EAGLE,Calapan,Batangas,07/09/2026,09:00,12:00,,Tourist Bed Bunk,680,0,50,regular,1
Starlite,ferry,EAGLE,Calapan,Batangas,07/09/2026,11:00,14:00,,Reclining Seat,680,0,50,regular,0
Starlite,ferry,EAGLE,Calapan,Batangas,07/09/2026,11:00,14:00,,Economy Bed Bunk,680,0,50,regular,1
Starlite,ferry,EAGLE,Calapan,Batangas,07/09/2026,11:00,14:00,,Tourist Bed Bunk,680,0,50,regular,1
Starlite,ferry,EAGLE,Calapan,Batangas,07/09/2026,13:00,16:00,,Reclining Seat,680,0,50,regular,0
Starlite,ferry,EAGLE,Calapan,Batangas,07/09/2026,13:00,16:00,,Economy Bed Bunk,680,0,50,regular,1
Starlite,ferry,EAGLE,Calapan,Batangas,07/09/2026,13:00,16:00,,Tourist Bed Bunk,680,0,50,regular,1
Starlite,ferry,EAGLE,Calapan,Batangas,07/09/2026,15:00,18:00,,Reclining Seat,680,0,50,regular,0
Starlite,ferry,EAGLE,Calapan,Batangas,07/09/2026,15:00,18:00,,Economy Bed Bunk,680,0,50,regular,1
Starlite,ferry,EAGLE,Calapan,Batangas,07/09/2026,15:00,18:00,,Tourist Bed Bunk,680,0,50,regular,1
Starlite,ferry,EAGLE,Calapan,Batangas,07/09/2026,17:00,20:00,,Reclining Seat,680,0,50,regular,0
Starlite,ferry,EAGLE,Calapan,Batangas,07/09/2026,17:00,20:00,,Economy Bed Bunk,680,0,50,regular,1
Starlite,ferry,EAGLE,Calapan,Batangas,07/09/2026,17:00,20:00,,Tourist Bed Bunk,680,0,50,regular,1
Starlite,ferry,EAGLE,Calapan,Batangas,07/09/2026,19:00,22:00,,Reclining Seat,680,0,50,regular,0
Starlite,ferry,EAGLE,Calapan,Batangas,07/09/2026,19:00,22:00,,Economy Bed Bunk,680,0,50,regular,1
Starlite,ferry,EAGLE,Calapan,Batangas,07/09/2026,19:00,22:00,,Tourist Bed Bunk,680,0,50,regular,1
Starlite,ferry,EAGLE,Calapan,Batangas,07/09/2026,21:00,00:00,,Reclining Seat,680,0,50,regular,0
Starlite,ferry,EAGLE,Calapan,Batangas,07/09/2026,21:00,00:00,,Economy Bed Bunk,680,0,50,regular,1
Starlite,ferry,EAGLE,Calapan,Batangas,07/09/2026,21:00,00:00,,Tourist Bed Bunk,680,0,50,regular,1
Starlite,ferry,EAGLE,Calapan,Batangas,07/09/2026,23:00,02:00,,Reclining Seat,680,0,50,regular,0
Starlite,ferry,EAGLE,Calapan,Batangas,07/09/2026,23:00,02:00,,Economy Bed Bunk,680,0,50,regular,1
Starlite,ferry,EAGLE,Calapan,Batangas,07/09/2026,23:00,02:00,,Tourist Bed Bunk,680,0,50,regular,1
Starlite,ferry,EAGLE,Calapan,Batangas,08/09/2026,01:00,04:00,,Reclining Seat,680,0,50,regular,0
Starlite,ferry,EAGLE,Calapan,Batangas,08/09/2026,01:00,04:00,,Economy Bed Bunk,680,0,50,regular,1
Starlite,ferry,EAGLE,Calapan,Batangas,08/09/2026,01:00,04:00,,Tourist Bed Bunk,680,0,50,regular,1
Starlite,ferry,EAGLE,Calapan,Batangas,08/09/2026,03:00,06:00,,Reclining Seat,680,0,50,regular,0
Starlite,ferry,EAGLE,Calapan,Batangas,08/09/2026,03:00,06:00,,Economy Bed Bunk,680,0,50,regular,1
Starlite,ferry,EAGLE,Calapan,Batangas,08/09/2026,03:00,06:00,,Tourist Bed Bunk,680,0,50,regular,1
Starlite,ferry,EAGLE,Calapan,Batangas,08/09/2026,05:00,08:00,,Reclining Seat,680,0,50,regular,0
Starlite,ferry,EAGLE,Calapan,Batangas,08/09/2026,05:00,08:00,,Economy Bed Bunk,680,0,50,regular,1
Starlite,ferry,EAGLE,Calapan,Batangas,08/09/2026,05:00,08:00,,Tourist Bed Bunk,680,0,50,regular,1
Starlite,ferry,EAGLE,Calapan,Batangas,08/09/2026,07:00,10:00,,Reclining Seat,680,0,50,regular,0
Starlite,ferry,EAGLE,Calapan,Batangas,08/09/2026,07:00,10:00,,Economy Bed Bunk,680,0,50,regular,1
Starlite,ferry,EAGLE,Calapan,Batangas,08/09/2026,07:00,10:00,,Tourist Bed Bunk,680,0,50,regular,1
Starlite,ferry,EAGLE,Calapan,Batangas,08/09/2026,09:00,12:00,,Reclining Seat,680,0,50,regular,0
Starlite,ferry,EAGLE,Calapan,Batangas,08/09/2026,09:00,12:00,,Economy Bed Bunk,680,0,50,regular,1
Starlite,ferry,EAGLE,Calapan,Batangas,08/09/2026,09:00,12:00,,Tourist Bed Bunk,680,0,50,regular,1
Starlite,ferry,EAGLE,Calapan,Batangas,08/09/2026,11:00,14:00,,Reclining Seat,680,0,50,regular,0
Starlite,ferry,EAGLE,Calapan,Batangas,08/09/2026,11:00,14:00,,Economy Bed Bunk,680,0,50,regular,1
Starlite,ferry,EAGLE,Calapan,Batangas,08/09/2026,11:00,14:00,,Tourist Bed Bunk,680,0,50,regular,1
Starlite,ferry,EAGLE,Calapan,Batangas,08/09/2026,13:00,16:00,,Reclining Seat,680,0,50,regular,0
Starlite,ferry,EAGLE,Calapan,Batangas,08/09/2026,13:00,16:00,,Economy Bed Bunk,680,0,50,regular,1
Starlite,ferry,EAGLE,Calapan,Batangas,08/09/2026,13:00,16:00,,Tourist Bed Bunk,680,0,50,regular,1
Starlite,ferry,EAGLE,Calapan,Batangas,08/09/2026,15:00,18:00,,Reclining Seat,680,0,50,regular,0
Starlite,ferry,EAGLE,Calapan,Batangas,08/09/2026,15:00,18:00,,Economy Bed Bunk,680,0,50,regular,1
Starlite,ferry,EAGLE,Calapan,Batangas,08/09/2026,15:00,18:00,,Tourist Bed Bunk,680,0,50,regular,1
Starlite,ferry,EAGLE,Calapan,Batangas,08/09/2026,17:00,20:00,,Reclining Seat,680,0,50,regular,0
Starlite,ferry,EAGLE,Calapan,Batangas,08/09/2026,17:00,20:00,,Economy Bed Bunk,680,0,50,regular,1
Starlite,ferry,EAGLE,Calapan,Batangas,08/09/2026,17:00,20:00,,Tourist Bed Bunk,680,0,50,regular,1
Starlite,ferry,EAGLE,Calapan,Batangas,08/09/2026,19:00,22:00,,Reclining Seat,680,0,50,regular,0
Starlite,ferry,EAGLE,Calapan,Batangas,08/09/2026,19:00,22:00,,Economy Bed Bunk,680,0,50,regular,1
Starlite,ferry,EAGLE,Calapan,Batangas,08/09/2026,19:00,22:00,,Tourist Bed Bunk,680,0,50,regular,1
Starlite,ferry,EAGLE,Calapan,Batangas,08/09/2026,21:00,00:00,,Reclining Seat,680,0,50,regular,0
Starlite,ferry,EAGLE,Calapan,Batangas,08/09/2026,21:00,00:00,,Economy Bed Bunk,680,0,50,regular,1
Starlite,ferry,EAGLE,Calapan,Batangas,08/09/2026,21:00,00:00,,Tourist Bed Bunk,680,0,50,regular,1
Starlite,ferry,EAGLE,Calapan,Batangas,08/09/2026,23:00,02:00,,Reclining Seat,680,0,50,regular,0
Starlite,ferry,EAGLE,Calapan,Batangas,08/09/2026,23:00,02:00,,Economy Bed Bunk,680,0,50,regular,1
Starlite,ferry,EAGLE,Calapan,Batangas,08/09/2026,23:00,02:00,,Tourist Bed Bunk,680,0,50,regular,1
Starlite,ferry,EAGLE,Calapan,Batangas,09/09/2026,01:00,04:00,,Reclining Seat,680,0,50,regular,0
Starlite,ferry,EAGLE,Calapan,Batangas,09/09/2026,01:00,04:00,,Economy Bed Bunk,680,0,50,regular,1
Starlite,ferry,EAGLE,Calapan,Batangas,09/09/2026,01:00,04:00,,Tourist Bed Bunk,680,0,50,regular,1
Starlite,ferry,EAGLE,Calapan,Batangas,09/09/2026,03:00,06:00,,Reclining Seat,680,0,50,regular,0
Starlite,ferry,EAGLE,Calapan,Batangas,09/09/2026,03:00,06:00,,Economy Bed Bunk,680,0,50,regular,1
Starlite,ferry,EAGLE,Calapan,Batangas,09/09/2026,03:00,06:00,,Tourist Bed Bunk,680,0,50,regular,1
Starlite,ferry,EAGLE,Calapan,Batangas,09/09/2026,05:00,08:00,,Reclining Seat,680,0,50,regular,0
Starlite,ferry,EAGLE,Calapan,Batangas,09/09/2026,05:00,08:00,,Economy Bed Bunk,680,0,50,regular,1
Starlite,ferry,EAGLE,Calapan,Batangas,09/09/2026,05:00,08:00,,Tourist Bed Bunk,680,0,50,regular,1
Starlite,ferry,EAGLE,Calapan,Batangas,09/09/2026,07:00,10:00,,Reclining Seat,680,0,50,regular,0
Starlite,ferry,EAGLE,Calapan,Batangas,09/09/2026,07:00,10:00,,Economy Bed Bunk,680,0,50,regular,1
Starlite,ferry,EAGLE,Calapan,Batangas,09/09/2026,07:00,10:00,,Tourist Bed Bunk,680,0,50,regular,1
Starlite,ferry,EAGLE,Calapan,Batangas,09/09/2026,09:00,12:00,,Reclining Seat,680,0,50,regular,0
Starlite,ferry,EAGLE,Calapan,Batangas,09/09/2026,09:00,12:00,,Economy Bed Bunk,680,0,50,regular,1
Starlite,ferry,EAGLE,Calapan,Batangas,09/09/2026,09:00,12:00,,Tourist Bed Bunk,680,0,50,regular,1
Starlite,ferry,EAGLE,Calapan,Batangas,09/09/2026,11:00,14:00,,Reclining Seat,680,0,50,regular,0
Starlite,ferry,EAGLE,Calapan,Batangas,09/09/2026,11:00,14:00,,Economy Bed Bunk,680,0,50,regular,1
Starlite,ferry,EAGLE,Calapan,Batangas,09/09/2026,11:00,14:00,,Tourist Bed Bunk,680,0,50,regular,1
Starlite,ferry,EAGLE,Calapan,Batangas,09/09/2026,13:00,16:00,,Reclining Seat,680,0,50,regular,0
Starlite,ferry,EAGLE,Calapan,Batangas,09/09/2026,13:00,16:00,,Economy Bed Bunk,680,0,50,regular,1
Starlite,ferry,EAGLE,Calapan,Batangas,09/09/2026,13:00,16:00,,Tourist Bed Bunk,680,0,50,regular,1
Starlite,ferry,EAGLE,Calapan,Batangas,09/09/2026,15:00,18:00,,Reclining Seat,680,0,50,regular,0
Starlite,ferry,EAGLE,Calapan,Batangas,09/09/2026,15:00,18:00,,Economy Bed Bunk,680,0,50,regular,1
Starlite,ferry,EAGLE,Calapan,Batangas,09/09/2026,15:00,18:00,,Tourist Bed Bunk,680,0,50,regular,1
Starlite,ferry,EAGLE,Calapan,Batangas,09/09/2026,17:00,20:00,,Reclining Seat,680,0,50,regular,0
Starlite,ferry,EAGLE,Calapan,Batangas,09/09/2026,17:00,20:00,,Economy Bed Bunk,680,0,50,regular,1
Starlite,ferry,EAGLE,Calapan,Batangas,09/09/2026,17:00,20:00,,Tourist Bed Bunk,680,0,50,regular,1
Starlite,ferry,EAGLE,Calapan,Batangas,09/09/2026,19:00,22:00,,Reclining Seat,680,0,50,regular,0
Starlite,ferry,EAGLE,Calapan,Batangas,09/09/2026,19:00,22:00,,Economy Bed Bunk,680,0,50,regular,1
Starlite,ferry,EAGLE,Calapan,Batangas,09/09/2026,19:00,22:00,,Tourist Bed Bunk,680,0,50,regular,1
Starlite,ferry,EAGLE,Calapan,Batangas,09/09/2026,21:00,00:00,,Reclining Seat,680,0,50,regular,0
Starlite,ferry,EAGLE,Calapan,Batangas,09/09/2026,21:00,00:00,,Economy Bed Bunk,680,0,50,regular,1
Starlite,ferry,EAGLE,Calapan,Batangas,09/09/2026,21:00,00:00,,Tourist Bed Bunk,680,0,50,regular,1
Starlite,ferry,EAGLE,Calapan,Batangas,09/09/2026,23:00,02:00,,Reclining Seat,680,0,50,regular,0
Starlite,ferry,EAGLE,Calapan,Batangas,09/09/2026,23:00,02:00,,Economy Bed Bunk,680,0,50,regular,1
Starlite,ferry,EAGLE,Calapan,Batangas,09/09/2026,23:00,02:00,,Tourist Bed Bunk,680,0,50,regular,1
Starlite,ferry,EAGLE,Calapan,Batangas,10/09/2026,01:00,04:00,,Reclining Seat,680,0,50,regular,0
Starlite,ferry,EAGLE,Calapan,Batangas,10/09/2026,01:00,04:00,,Economy Bed Bunk,680,0,50,regular,1
Starlite,ferry,EAGLE,Calapan,Batangas,10/09/2026,01:00,04:00,,Tourist Bed Bunk,680,0,50,regular,1
Starlite,ferry,EAGLE,Calapan,Batangas,10/09/2026,03:00,06:00,,Reclining Seat,680,0,50,regular,0
Starlite,ferry,EAGLE,Calapan,Batangas,10/09/2026,03:00,06:00,,Economy Bed Bunk,680,0,50,regular,1
Starlite,ferry,EAGLE,Calapan,Batangas,10/09/2026,03:00,06:00,,Tourist Bed Bunk,680,0,50,regular,1
Starlite,ferry,EAGLE,Calapan,Batangas,10/09/2026,05:00,08:00,,Reclining Seat,680,0,50,regular,0
Starlite,ferry,EAGLE,Calapan,Batangas,10/09/2026,05:00,08:00,,Economy Bed Bunk,680,0,50,regular,1
Starlite,ferry,EAGLE,Calapan,Batangas,10/09/2026,05:00,08:00,,Tourist Bed Bunk,680,0,50,regular,1
Starlite,ferry,EAGLE,Calapan,Batangas,10/09/2026,07:00,10:00,,Reclining Seat,680,0,50,regular,0
Starlite,ferry,EAGLE,Calapan,Batangas,10/09/2026,07:00,10:00,,Economy Bed Bunk,680,0,50,regular,1
Starlite,ferry,EAGLE,Calapan,Batangas,10/09/2026,07:00,10:00,,Tourist Bed Bunk,680,0,50,regular,1
Starlite,ferry,EAGLE,Calapan,Batangas,10/09/2026,09:00,12:00,,Reclining Seat,680,0,50,regular,0
Starlite,ferry,EAGLE,Calapan,Batangas,10/09/2026,09:00,12:00,,Economy Bed Bunk,680,0,50,regular,1
Starlite,ferry,EAGLE,Calapan,Batangas,10/09/2026,09:00,12:00,,Tourist Bed Bunk,680,0,50,regular,1
Starlite,ferry,EAGLE,Calapan,Batangas,10/09/2026,11:00,14:00,,Reclining Seat,680,0,50,regular,0
Starlite,ferry,EAGLE,Calapan,Batangas,10/09/2026,11:00,14:00,,Economy Bed Bunk,680,0,50,regular,1
Starlite,ferry,EAGLE,Calapan,Batangas,10/09/2026,11:00,14:00,,Tourist Bed Bunk,680,0,50,regular,1
Starlite,ferry,EAGLE,Calapan,Batangas,10/09/2026,13:00,16:00,,Reclining Seat,680,0,50,regular,0
Starlite,ferry,EAGLE,Calapan,Batangas,10/09/2026,13:00,16:00,,Economy Bed Bunk,680,0,50,regular,1
Starlite,ferry,EAGLE,Calapan,Batangas,10/09/2026,13:00,16:00,,Tourist Bed Bunk,680,0,50,regular,1
Starlite,ferry,EAGLE,Calapan,Batangas,10/09/2026,15:00,18:00,,Reclining Seat,680,0,50,regular,0
Starlite,ferry,EAGLE,Calapan,Batangas,10/09/2026,15:00,18:00,,Economy Bed Bunk,680,0,50,regular,1
Starlite,ferry,EAGLE,Calapan,Batangas,10/09/2026,15:00,18:00,,Tourist Bed Bunk,680,0,50,regular,1
Starlite,ferry,EAGLE,Calapan,Batangas,10/09/2026,17:00,20:00,,Reclining Seat,680,0,50,regular,0
Starlite,ferry,EAGLE,Calapan,Batangas,10/09/2026,17:00,20:00,,Economy Bed Bunk,680,0,50,regular,1
Starlite,ferry,EAGLE,Calapan,Batangas,10/09/2026,17:00,20:00,,Tourist Bed Bunk,680,0,50,regular,1
Starlite,ferry,EAGLE,Calapan,Batangas,10/09/2026,19:00,22:00,,Reclining Seat,680,0,50,regular,0
Starlite,ferry,EAGLE,Calapan,Batangas,10/09/2026,19:00,22:00,,Economy Bed Bunk,680,0,50,regular,1
Starlite,ferry,EAGLE,Calapan,Batangas,10/09/2026,19:00,22:00,,Tourist Bed Bunk,680,0,50,regular,1
Starlite,ferry,EAGLE,Calapan,Batangas,10/09/2026,21:00,00:00,,Reclining Seat,680,0,50,regular,0
Starlite,ferry,EAGLE,Calapan,Batangas,10/09/2026,21:00,00:00,,Economy Bed Bunk,680,0,50,regular,1
Starlite,ferry,EAGLE,Calapan,Batangas,10/09/2026,21:00,00:00,,Tourist Bed Bunk,680,0,50,regular,1
Starlite,ferry,EAGLE,Calapan,Batangas,10/09/2026,23:00,02:00,,Reclining Seat,680,0,50,regular,0
Starlite,ferry,EAGLE,Calapan,Batangas,10/09/2026,23:00,02:00,,Economy Bed Bunk,680,0,50,regular,1
Starlite,ferry,EAGLE,Calapan,Batangas,10/09/2026,23:00,02:00,,Tourist Bed Bunk,680,0,50,regular,1
Starlite,ferry,EAGLE,Calapan,Batangas,11/09/2026,01:00,04:00,,Reclining Seat,680,0,50,regular,0
Starlite,ferry,EAGLE,Calapan,Batangas,11/09/2026,01:00,04:00,,Economy Bed Bunk,680,0,50,regular,1
Starlite,ferry,EAGLE,Calapan,Batangas,11/09/2026,01:00,04:00,,Tourist Bed Bunk,680,0,50,regular,1
Starlite,ferry,EAGLE,Calapan,Batangas,11/09/2026,03:00,06:00,,Reclining Seat,680,0,50,regular,0
Starlite,ferry,EAGLE,Calapan,Batangas,11/09/2026,03:00,06:00,,Economy Bed Bunk,680,0,50,regular,1
Starlite,ferry,EAGLE,Calapan,Batangas,11/09/2026,03:00,06:00,,Tourist Bed Bunk,680,0,50,regular,1
Starlite,ferry,EAGLE,Calapan,Batangas,11/09/2026,05:00,08:00,,Reclining Seat,680,0,50,regular,0
Starlite,ferry,EAGLE,Calapan,Batangas,11/09/2026,05:00,08:00,,Economy Bed Bunk,680,0,50,regular,1
Starlite,ferry,EAGLE,Calapan,Batangas,11/09/2026,05:00,08:00,,Tourist Bed Bunk,680,0,50,regular,1
Starlite,ferry,EAGLE,Calapan,Batangas,11/09/2026,07:00,10:00,,Reclining Seat,680,0,50,regular,0
Starlite,ferry,EAGLE,Calapan,Batangas,11/09/2026,07:00,10:00,,Economy Bed Bunk,680,0,50,regular,1
Starlite,ferry,EAGLE,Calapan,Batangas,11/09/2026,07:00,10:00,,Tourist Bed Bunk,680,0,50,regular,1
Starlite,ferry,EAGLE,Calapan,Batangas,11/09/2026,09:00,12:00,,Reclining Seat,680,0,50,regular,0
Starlite,ferry,EAGLE,Calapan,Batangas,11/09/2026,09:00,12:00,,Economy Bed Bunk,680,0,50,regular,1
Starlite,ferry,EAGLE,Calapan,Batangas,11/09/2026,09:00,12:00,,Tourist Bed Bunk,680,0,50,regular,1
Starlite,ferry,EAGLE,Calapan,Batangas,11/09/2026,11:00,14:00,,Reclining Seat,680,0,50,regular,0
Starlite,ferry,EAGLE,Calapan,Batangas,11/09/2026,11:00,14:00,,Economy Bed Bunk,680,0,50,regular,1
Starlite,ferry,EAGLE,Calapan,Batangas,11/09/2026,11:00,14:00,,Tourist Bed Bunk,680,0,50,regular,1
Starlite,ferry,EAGLE,Calapan,Batangas,11/09/2026,13:00,16:00,,Reclining Seat,680,0,50,regular,0
Starlite,ferry,EAGLE,Calapan,Batangas,11/09/2026,13:00,16:00,,Economy Bed Bunk,680,0,50,regular,1
Starlite,ferry,EAGLE,Calapan,Batangas,11/09/2026,13:00,16:00,,Tourist Bed Bunk,680,0,50,regular,1
Starlite,ferry,EAGLE,Calapan,Batangas,11/09/2026,15:00,18:00,,Reclining Seat,680,0,50,regular,0
Starlite,ferry,EAGLE,Calapan,Batangas,11/09/2026,15:00,18:00,,Economy Bed Bunk,680,0,50,regular,1
Starlite,ferry,EAGLE,Calapan,Batangas,11/09/2026,15:00,18:00,,Tourist Bed Bunk,680,0,50,regular,1
Starlite,ferry,EAGLE,Calapan,Batangas,11/09/2026,17:00,20:00,,Reclining Seat,680,0,50,regular,0
Starlite,ferry,EAGLE,Calapan,Batangas,11/09/2026,17:00,20:00,,Economy Bed Bunk,680,0,50,regular,1
Starlite,ferry,EAGLE,Calapan,Batangas,11/09/2026,17:00,20:00,,Tourist Bed Bunk,680,0,50,regular,1
Starlite,ferry,EAGLE,Calapan,Batangas,11/09/2026,19:00,22:00,,Reclining Seat,680,0,50,regular,0
Starlite,ferry,EAGLE,Calapan,Batangas,11/09/2026,19:00,22:00,,Economy Bed Bunk,680,0,50,regular,1
Starlite,ferry,EAGLE,Calapan,Batangas,11/09/2026,19:00,22:00,,Tourist Bed Bunk,680,0,50,regular,1
Starlite,ferry,EAGLE,Calapan,Batangas,11/09/2026,21:00,00:00,,Reclining Seat,680,0,50,regular,0
Starlite,ferry,EAGLE,Calapan,Batangas,11/09/2026,21:00,00:00,,Economy Bed Bunk,680,0,50,regular,1
Starlite,ferry,EAGLE,Calapan,Batangas,11/09/2026,21:00,00:00,,Tourist Bed Bunk,680,0,50,regular,1
Starlite,ferry,EAGLE,Calapan,Batangas,11/09/2026,23:00,02:00,,Reclining Seat,680,0,50,regular,0
Starlite,ferry,EAGLE,Calapan,Batangas,11/09/2026,23:00,02:00,,Economy Bed Bunk,680,0,50,regular,1
Starlite,ferry,EAGLE,Calapan,Batangas,11/09/2026,23:00,02:00,,Tourist Bed Bunk,680,0,50,regular,1
Starlite,ferry,EAGLE,Calapan,Batangas,12/09/2026,01:00,04:00,,Reclining Seat,680,0,50,regular,0
Starlite,ferry,EAGLE,Calapan,Batangas,12/09/2026,01:00,04:00,,Economy Bed Bunk,680,0,50,regular,1
Starlite,ferry,EAGLE,Calapan,Batangas,12/09/2026,01:00,04:00,,Tourist Bed Bunk,680,0,50,regular,1
Starlite,ferry,EAGLE,Calapan,Batangas,12/09/2026,03:00,06:00,,Reclining Seat,680,0,50,regular,0
Starlite,ferry,EAGLE,Calapan,Batangas,12/09/2026,03:00,06:00,,Economy Bed Bunk,680,0,50,regular,1
Starlite,ferry,EAGLE,Calapan,Batangas,12/09/2026,03:00,06:00,,Tourist Bed Bunk,680,0,50,regular,1
Starlite,ferry,EAGLE,Calapan,Batangas,12/09/2026,05:00,08:00,,Reclining Seat,680,0,50,regular,0
Starlite,ferry,EAGLE,Calapan,Batangas,12/09/2026,05:00,08:00,,Economy Bed Bunk,680,0,50,regular,1
Starlite,ferry,EAGLE,Calapan,Batangas,12/09/2026,05:00,08:00,,Tourist Bed Bunk,680,0,50,regular,1
Starlite,ferry,EAGLE,Calapan,Batangas,12/09/2026,07:00,10:00,,Reclining Seat,680,0,50,regular,0
Starlite,ferry,EAGLE,Calapan,Batangas,12/09/2026,07:00,10:00,,Economy Bed Bunk,680,0,50,regular,1
Starlite,ferry,EAGLE,Calapan,Batangas,12/09/2026,07:00,10:00,,Tourist Bed Bunk,680,0,50,regular,1
Starlite,ferry,EAGLE,Calapan,Batangas,12/09/2026,09:00,12:00,,Reclining Seat,680,0,50,regular,0
Starlite,ferry,EAGLE,Calapan,Batangas,12/09/2026,09:00,12:00,,Economy Bed Bunk,680,0,50,regular,1
Starlite,ferry,EAGLE,Calapan,Batangas,12/09/2026,09:00,12:00,,Tourist Bed Bunk,680,0,50,regular,1
Starlite,ferry,EAGLE,Calapan,Batangas,12/09/2026,11:00,14:00,,Reclining Seat,680,0,50,regular,0
Starlite,ferry,EAGLE,Calapan,Batangas,12/09/2026,11:00,14:00,,Economy Bed Bunk,680,0,50,regular,1
Starlite,ferry,EAGLE,Calapan,Batangas,12/09/2026,11:00,14:00,,Tourist Bed Bunk,680,0,50,regular,1
Starlite,ferry,EAGLE,Calapan,Batangas,12/09/2026,13:00,16:00,,Reclining Seat,680,0,50,regular,0
Starlite,ferry,EAGLE,Calapan,Batangas,12/09/2026,13:00,16:00,,Economy Bed Bunk,680,0,50,regular,1
Starlite,ferry,EAGLE,Calapan,Batangas,12/09/2026,13:00,16:00,,Tourist Bed Bunk,680,0,50,regular,1
Starlite,ferry,EAGLE,Calapan,Batangas,12/09/2026,15:00,18:00,,Reclining Seat,680,0,50,regular,0
Starlite,ferry,EAGLE,Calapan,Batangas,12/09/2026,15:00,18:00,,Economy Bed Bunk,680,0,50,regular,1
Starlite,ferry,EAGLE,Calapan,Batangas,12/09/2026,15:00,18:00,,Tourist Bed Bunk,680,0,50,regular,1
Starlite,ferry,EAGLE,Calapan,Batangas,12/09/2026,17:00,20:00,,Reclining Seat,680,0,50,regular,0
Starlite,ferry,EAGLE,Calapan,Batangas,12/09/2026,17:00,20:00,,Economy Bed Bunk,680,0,50,regular,1
Starlite,ferry,EAGLE,Calapan,Batangas,12/09/2026,17:00,20:00,,Tourist Bed Bunk,680,0,50,regular,1
Starlite,ferry,EAGLE,Calapan,Batangas,12/09/2026,19:00,22:00,,Reclining Seat,680,0,50,regular,0
Starlite,ferry,EAGLE,Calapan,Batangas,12/09/2026,19:00,22:00,,Economy Bed Bunk,680,0,50,regular,1
Starlite,ferry,EAGLE,Calapan,Batangas,12/09/2026,19:00,22:00,,Tourist Bed Bunk,680,0,50,regular,1
Starlite,ferry,EAGLE,Calapan,Batangas,12/09/2026,21:00,00:00,,Reclining Seat,680,0,50,regular,0
Starlite,ferry,EAGLE,Calapan,Batangas,12/09/2026,21:00,00:00,,Economy Bed Bunk,680,0,50,regular,1
Starlite,ferry,EAGLE,Calapan,Batangas,12/09/2026,21:00,00:00,,Tourist Bed Bunk,680,0,50,regular,1
Starlite,ferry,EAGLE,Calapan,Batangas,12/09/2026,23:00,02:00,,Reclining Seat,680,0,50,regular,0
Starlite,ferry,EAGLE,Calapan,Batangas,12/09/2026,23:00,02:00,,Economy Bed Bunk,680,0,50,regular,1
Starlite,ferry,EAGLE,Calapan,Batangas,12/09/2026,23:00,02:00,,Tourist Bed Bunk,680,0,50,regular,1
Starlite,ferry,ARCHER,Calapan,Batangas,03/09/2026,01:00,04:00,,Reclining Seat,680,0,50,regular,0
Starlite,ferry,ARCHER,Calapan,Batangas,03/09/2026,01:00,04:00,,Economy Bed Bunk,680,0,50,regular,1
Starlite,ferry,ARCHER,Calapan,Batangas,03/09/2026,01:00,04:00,,Tourist Bed Bunk,680,0,50,regular,1
Starlite,ferry,ARCHER,Calapan,Batangas,03/09/2026,03:00,06:00,,Reclining Seat,680,0,50,regular,0
Starlite,ferry,ARCHER,Calapan,Batangas,03/09/2026,03:00,06:00,,Economy Bed Bunk,680,0,50,regular,1
Starlite,ferry,ARCHER,Calapan,Batangas,03/09/2026,03:00,06:00,,Tourist Bed Bunk,680,0,50,regular,1
Starlite,ferry,ARCHER,Calapan,Batangas,03/09/2026,05:00,08:00,,Reclining Seat,680,0,50,regular,0
Starlite,ferry,ARCHER,Calapan,Batangas,03/09/2026,05:00,08:00,,Economy Bed Bunk,680,0,50,regular,1
Starlite,ferry,ARCHER,Calapan,Batangas,03/09/2026,05:00,08:00,,Tourist Bed Bunk,680,0,50,regular,1
Starlite,ferry,ARCHER,Calapan,Batangas,03/09/2026,07:00,10:00,,Reclining Seat,680,0,50,regular,0
Starlite,ferry,ARCHER,Calapan,Batangas,03/09/2026,07:00,10:00,,Economy Bed Bunk,680,0,50,regular,1
Starlite,ferry,ARCHER,Calapan,Batangas,03/09/2026,07:00,10:00,,Tourist Bed Bunk,680,0,50,regular,1
Starlite,ferry,ARCHER,Calapan,Batangas,03/09/2026,09:00,12:00,,Reclining Seat,680,0,50,regular,0
Starlite,ferry,ARCHER,Calapan,Batangas,03/09/2026,09:00,12:00,,Economy Bed Bunk,680,0,50,regular,1
Starlite,ferry,ARCHER,Calapan,Batangas,03/09/2026,09:00,12:00,,Tourist Bed Bunk,680,0,50,regular,1
Starlite,ferry,ARCHER,Calapan,Batangas,03/09/2026,11:00,14:00,,Reclining Seat,680,0,50,regular,0
Starlite,ferry,ARCHER,Calapan,Batangas,03/09/2026,11:00,14:00,,Economy Bed Bunk,680,0,50,regular,1
Starlite,ferry,ARCHER,Calapan,Batangas,03/09/2026,11:00,14:00,,Tourist Bed Bunk,680,0,50,regular,1
Starlite,ferry,ARCHER,Calapan,Batangas,03/09/2026,13:00,16:00,,Reclining Seat,680,0,50,regular,0
Starlite,ferry,ARCHER,Calapan,Batangas,03/09/2026,13:00,16:00,,Economy Bed Bunk,680,0,50,regular,1
Starlite,ferry,ARCHER,Calapan,Batangas,03/09/2026,13:00,16:00,,Tourist Bed Bunk,680,0,50,regular,1
Starlite,ferry,ARCHER,Calapan,Batangas,03/09/2026,15:00,18:00,,Reclining Seat,680,0,50,regular,0
Starlite,ferry,ARCHER,Calapan,Batangas,03/09/2026,15:00,18:00,,Economy Bed Bunk,680,0,50,regular,1
Starlite,ferry,ARCHER,Calapan,Batangas,03/09/2026,15:00,18:00,,Tourist Bed Bunk,680,0,50,regular,1
Starlite,ferry,ARCHER,Calapan,Batangas,03/09/2026,17:00,20:00,,Reclining Seat,680,0,50,regular,0
Starlite,ferry,ARCHER,Calapan,Batangas,03/09/2026,17:00,20:00,,Economy Bed Bunk,680,0,50,regular,1
Starlite,ferry,ARCHER,Calapan,Batangas,03/09/2026,17:00,20:00,,Tourist Bed Bunk,680,0,50,regular,1
Starlite,ferry,ARCHER,Calapan,Batangas,03/09/2026,19:00,22:00,,Reclining Seat,680,0,50,regular,0
Starlite,ferry,ARCHER,Calapan,Batangas,03/09/2026,19:00,22:00,,Economy Bed Bunk,680,0,50,regular,1
Starlite,ferry,ARCHER,Calapan,Batangas,03/09/2026,19:00,22:00,,Tourist Bed Bunk,680,0,50,regular,1
Starlite,ferry,ARCHER,Calapan,Batangas,03/09/2026,21:00,00:00,,Reclining Seat,680,0,50,regular,0
Starlite,ferry,ARCHER,Calapan,Batangas,03/09/2026,21:00,00:00,,Economy Bed Bunk,680,0,50,regular,1
Starlite,ferry,ARCHER,Calapan,Batangas,03/09/2026,21:00,00:00,,Tourist Bed Bunk,680,0,50,regular,1
Starlite,ferry,ARCHER,Calapan,Batangas,03/09/2026,23:00,02:00,,Reclining Seat,680,0,50,regular,0
Starlite,ferry,ARCHER,Calapan,Batangas,03/09/2026,23:00,02:00,,Economy Bed Bunk,680,0,50,regular,1
Starlite,ferry,ARCHER,Calapan,Batangas,03/09/2026,23:00,02:00,,Tourist Bed Bunk,680,0,50,regular,1
Starlite,ferry,ARCHER,Calapan,Batangas,04/09/2026,01:00,04:00,,Reclining Seat,680,0,50,regular,0
Starlite,ferry,ARCHER,Calapan,Batangas,04/09/2026,01:00,04:00,,Economy Bed Bunk,680,0,50,regular,1
Starlite,ferry,ARCHER,Calapan,Batangas,04/09/2026,01:00,04:00,,Tourist Bed Bunk,680,0,50,regular,1
Starlite,ferry,ARCHER,Calapan,Batangas,04/09/2026,03:00,06:00,,Reclining Seat,680,0,50,regular,0
Starlite,ferry,ARCHER,Calapan,Batangas,04/09/2026,03:00,06:00,,Economy Bed Bunk,680,0,50,regular,1
Starlite,ferry,ARCHER,Calapan,Batangas,04/09/2026,03:00,06:00,,Tourist Bed Bunk,680,0,50,regular,1
Starlite,ferry,ARCHER,Calapan,Batangas,04/09/2026,05:00,08:00,,Reclining Seat,680,0,50,regular,0
Starlite,ferry,ARCHER,Calapan,Batangas,04/09/2026,05:00,08:00,,Economy Bed Bunk,680,0,50,regular,1
Starlite,ferry,ARCHER,Calapan,Batangas,04/09/2026,05:00,08:00,,Tourist Bed Bunk,680,0,50,regular,1
Starlite,ferry,ARCHER,Calapan,Batangas,04/09/2026,07:00,10:00,,Reclining Seat,680,0,50,regular,0
Starlite,ferry,ARCHER,Calapan,Batangas,04/09/2026,07:00,10:00,,Economy Bed Bunk,680,0,50,regular,1
Starlite,ferry,ARCHER,Calapan,Batangas,04/09/2026,07:00,10:00,,Tourist Bed Bunk,680,0,50,regular,1
Starlite,ferry,ARCHER,Calapan,Batangas,04/09/2026,09:00,12:00,,Reclining Seat,680,0,50,regular,0
Starlite,ferry,ARCHER,Calapan,Batangas,04/09/2026,09:00,12:00,,Economy Bed Bunk,680,0,50,regular,1
Starlite,ferry,ARCHER,Calapan,Batangas,04/09/2026,09:00,12:00,,Tourist Bed Bunk,680,0,50,regular,1
Starlite,ferry,ARCHER,Calapan,Batangas,04/09/2026,11:00,14:00,,Reclining Seat,680,0,50,regular,0
Starlite,ferry,ARCHER,Calapan,Batangas,04/09/2026,11:00,14:00,,Economy Bed Bunk,680,0,50,regular,1
Starlite,ferry,ARCHER,Calapan,Batangas,04/09/2026,11:00,14:00,,Tourist Bed Bunk,680,0,50,regular,1
Starlite,ferry,ARCHER,Calapan,Batangas,04/09/2026,13:00,16:00,,Reclining Seat,680,0,50,regular,0
Starlite,ferry,ARCHER,Calapan,Batangas,04/09/2026,13:00,16:00,,Economy Bed Bunk,680,0,50,regular,1
Starlite,ferry,ARCHER,Calapan,Batangas,04/09/2026,13:00,16:00,,Tourist Bed Bunk,680,0,50,regular,1
Starlite,ferry,ARCHER,Calapan,Batangas,04/09/2026,15:00,18:00,,Reclining Seat,680,0,50,regular,0
Starlite,ferry,ARCHER,Calapan,Batangas,04/09/2026,15:00,18:00,,Economy Bed Bunk,680,0,50,regular,1
Starlite,ferry,ARCHER,Calapan,Batangas,04/09/2026,15:00,18:00,,Tourist Bed Bunk,680,0,50,regular,1
Starlite,ferry,ARCHER,Calapan,Batangas,04/09/2026,17:00,20:00,,Reclining Seat,680,0,50,regular,0
Starlite,ferry,ARCHER,Calapan,Batangas,04/09/2026,17:00,20:00,,Economy Bed Bunk,680,0,50,regular,1
Starlite,ferry,ARCHER,Calapan,Batangas,04/09/2026,17:00,20:00,,Tourist Bed Bunk,680,0,50,regular,1
Starlite,ferry,ARCHER,Calapan,Batangas,04/09/2026,19:00,22:00,,Reclining Seat,680,0,50,regular,0
Starlite,ferry,ARCHER,Calapan,Batangas,04/09/2026,19:00,22:00,,Economy Bed Bunk,680,0,50,regular,1
Starlite,ferry,ARCHER,Calapan,Batangas,04/09/2026,19:00,22:00,,Tourist Bed Bunk,680,0,50,regular,1
Starlite,ferry,ARCHER,Calapan,Batangas,04/09/2026,21:00,00:00,,Reclining Seat,680,0,50,regular,0
Starlite,ferry,ARCHER,Calapan,Batangas,04/09/2026,21:00,00:00,,Economy Bed Bunk,680,0,50,regular,1
Starlite,ferry,ARCHER,Calapan,Batangas,04/09/2026,21:00,00:00,,Tourist Bed Bunk,680,0,50,regular,1
Starlite,ferry,ARCHER,Calapan,Batangas,04/09/2026,23:00,02:00,,Reclining Seat,680,0,50,regular,0
Starlite,ferry,ARCHER,Calapan,Batangas,04/09/2026,23:00,02:00,,Economy Bed Bunk,680,0,50,regular,1
Starlite,ferry,ARCHER,Calapan,Batangas,04/09/2026,23:00,02:00,,Tourist Bed Bunk,680,0,50,regular,1
Starlite,ferry,ARCHER,Calapan,Batangas,05/09/2026,01:00,04:00,,Reclining Seat,680,0,50,regular,0
Starlite,ferry,ARCHER,Calapan,Batangas,05/09/2026,01:00,04:00,,Economy Bed Bunk,680,0,50,regular,1
Starlite,ferry,ARCHER,Calapan,Batangas,05/09/2026,01:00,04:00,,Tourist Bed Bunk,680,0,50,regular,1
Starlite,ferry,ARCHER,Calapan,Batangas,05/09/2026,03:00,06:00,,Reclining Seat,680,0,50,regular,0
Starlite,ferry,ARCHER,Calapan,Batangas,05/09/2026,03:00,06:00,,Economy Bed Bunk,680,0,50,regular,1
Starlite,ferry,ARCHER,Calapan,Batangas,05/09/2026,03:00,06:00,,Tourist Bed Bunk,680,0,50,regular,1
Starlite,ferry,ARCHER,Calapan,Batangas,05/09/2026,05:00,08:00,,Reclining Seat,680,0,50,regular,0
Starlite,ferry,ARCHER,Calapan,Batangas,05/09/2026,05:00,08:00,,Economy Bed Bunk,680,0,50,regular,1
Starlite,ferry,ARCHER,Calapan,Batangas,05/09/2026,05:00,08:00,,Tourist Bed Bunk,680,0,50,regular,1
Starlite,ferry,ARCHER,Calapan,Batangas,05/09/2026,07:00,10:00,,Reclining Seat,680,0,50,regular,0
Starlite,ferry,ARCHER,Calapan,Batangas,05/09/2026,07:00,10:00,,Economy Bed Bunk,680,0,50,regular,1
Starlite,ferry,ARCHER,Calapan,Batangas,05/09/2026,07:00,10:00,,Tourist Bed Bunk,680,0,50,regular,1
Starlite,ferry,ARCHER,Calapan,Batangas,05/09/2026,09:00,12:00,,Reclining Seat,680,0,50,regular,0
Starlite,ferry,ARCHER,Calapan,Batangas,05/09/2026,09:00,12:00,,Economy Bed Bunk,680,0,50,regular,1
Starlite,ferry,ARCHER,Calapan,Batangas,05/09/2026,09:00,12:00,,Tourist Bed Bunk,680,0,50,regular,1
Starlite,ferry,ARCHER,Calapan,Batangas,05/09/2026,11:00,14:00,,Reclining Seat,680,0,50,regular,0
Starlite,ferry,ARCHER,Calapan,Batangas,05/09/2026,11:00,14:00,,Economy Bed Bunk,680,0,50,regular,1
Starlite,ferry,ARCHER,Calapan,Batangas,05/09/2026,11:00,14:00,,Tourist Bed Bunk,680,0,50,regular,1
Starlite,ferry,ARCHER,Calapan,Batangas,05/09/2026,13:00,16:00,,Reclining Seat,680,0,50,regular,0
Starlite,ferry,ARCHER,Calapan,Batangas,05/09/2026,13:00,16:00,,Economy Bed Bunk,680,0,50,regular,1
Starlite,ferry,ARCHER,Calapan,Batangas,05/09/2026,13:00,16:00,,Tourist Bed Bunk,680,0,50,regular,1
Starlite,ferry,ARCHER,Calapan,Batangas,05/09/2026,15:00,18:00,,Reclining Seat,680,0,50,regular,0
Starlite,ferry,ARCHER,Calapan,Batangas,05/09/2026,15:00,18:00,,Economy Bed Bunk,680,0,50,regular,1
Starlite,ferry,ARCHER,Calapan,Batangas,05/09/2026,15:00,18:00,,Tourist Bed Bunk,680,0,50,regular,1
Starlite,ferry,ARCHER,Calapan,Batangas,05/09/2026,17:00,20:00,,Reclining Seat,680,0,50,regular,0
Starlite,ferry,ARCHER,Calapan,Batangas,05/09/2026,17:00,20:00,,Economy Bed Bunk,680,0,50,regular,1
Starlite,ferry,ARCHER,Calapan,Batangas,05/09/2026,17:00,20:00,,Tourist Bed Bunk,680,0,50,regular,1
Starlite,ferry,ARCHER,Calapan,Batangas,05/09/2026,19:00,22:00,,Reclining Seat,680,0,50,regular,0
Starlite,ferry,ARCHER,Calapan,Batangas,05/09/2026,19:00,22:00,,Economy Bed Bunk,680,0,50,regular,1
Starlite,ferry,ARCHER,Calapan,Batangas,05/09/2026,19:00,22:00,,Tourist Bed Bunk,680,0,50,regular,1
Starlite,ferry,ARCHER,Calapan,Batangas,05/09/2026,21:00,00:00,,Reclining Seat,680,0,50,regular,0
Starlite,ferry,ARCHER,Calapan,Batangas,05/09/2026,21:00,00:00,,Economy Bed Bunk,680,0,50,regular,1
Starlite,ferry,ARCHER,Calapan,Batangas,05/09/2026,21:00,00:00,,Tourist Bed Bunk,680,0,50,regular,1
Starlite,ferry,ARCHER,Calapan,Batangas,05/09/2026,23:00,02:00,,Reclining Seat,680,0,50,regular,0
Starlite,ferry,ARCHER,Calapan,Batangas,05/09/2026,23:00,02:00,,Economy Bed Bunk,680,0,50,regular,1
Starlite,ferry,ARCHER,Calapan,Batangas,05/09/2026,23:00,02:00,,Tourist Bed Bunk,680,0,50,regular,1
Starlite,ferry,ARCHER,Calapan,Batangas,06/09/2026,01:00,04:00,,Reclining Seat,680,0,50,regular,0
Starlite,ferry,ARCHER,Calapan,Batangas,06/09/2026,01:00,04:00,,Economy Bed Bunk,680,0,50,regular,1
Starlite,ferry,ARCHER,Calapan,Batangas,06/09/2026,01:00,04:00,,Tourist Bed Bunk,680,0,50,regular,1
Starlite,ferry,ARCHER,Calapan,Batangas,06/09/2026,03:00,06:00,,Reclining Seat,680,0,50,regular,0
Starlite,ferry,ARCHER,Calapan,Batangas,06/09/2026,03:00,06:00,,Economy Bed Bunk,680,0,50,regular,1
Starlite,ferry,ARCHER,Calapan,Batangas,06/09/2026,03:00,06:00,,Tourist Bed Bunk,680,0,50,regular,1
Starlite,ferry,ARCHER,Calapan,Batangas,06/09/2026,05:00,08:00,,Reclining Seat,680,0,50,regular,0
Starlite,ferry,ARCHER,Calapan,Batangas,06/09/2026,05:00,08:00,,Economy Bed Bunk,680,0,50,regular,1
Starlite,ferry,ARCHER,Calapan,Batangas,06/09/2026,05:00,08:00,,Tourist Bed Bunk,680,0,50,regular,1
Starlite,ferry,ARCHER,Calapan,Batangas,06/09/2026,07:00,10:00,,Reclining Seat,680,0,50,regular,0
Starlite,ferry,ARCHER,Calapan,Batangas,06/09/2026,07:00,10:00,,Economy Bed Bunk,680,0,50,regular,1
Starlite,ferry,ARCHER,Calapan,Batangas,06/09/2026,07:00,10:00,,Tourist Bed Bunk,680,0,50,regular,1
Starlite,ferry,ARCHER,Calapan,Batangas,06/09/2026,09:00,12:00,,Reclining Seat,680,0,50,regular,0
Starlite,ferry,ARCHER,Calapan,Batangas,06/09/2026,09:00,12:00,,Economy Bed Bunk,680,0,50,regular,1
Starlite,ferry,ARCHER,Calapan,Batangas,06/09/2026,09:00,12:00,,Tourist Bed Bunk,680,0,50,regular,1
Starlite,ferry,ARCHER,Calapan,Batangas,06/09/2026,11:00,14:00,,Reclining Seat,680,0,50,regular,0
Starlite,ferry,ARCHER,Calapan,Batangas,06/09/2026,11:00,14:00,,Economy Bed Bunk,680,0,50,regular,1
Starlite,ferry,ARCHER,Calapan,Batangas,06/09/2026,11:00,14:00,,Tourist Bed Bunk,680,0,50,regular,1
Starlite,ferry,ARCHER,Calapan,Batangas,06/09/2026,13:00,16:00,,Reclining Seat,680,0,50,regular,0
Starlite,ferry,ARCHER,Calapan,Batangas,06/09/2026,13:00,16:00,,Economy Bed Bunk,680,0,50,regular,1
Starlite,ferry,ARCHER,Calapan,Batangas,06/09/2026,13:00,16:00,,Tourist Bed Bunk,680,0,50,regular,1
Starlite,ferry,ARCHER,Calapan,Batangas,06/09/2026,15:00,18:00,,Reclining Seat,680,0,50,regular,0
Starlite,ferry,ARCHER,Calapan,Batangas,06/09/2026,15:00,18:00,,Economy Bed Bunk,680,0,50,regular,1
Starlite,ferry,ARCHER,Calapan,Batangas,06/09/2026,15:00,18:00,,Tourist Bed Bunk,680,0,50,regular,1
Starlite,ferry,ARCHER,Calapan,Batangas,06/09/2026,17:00,20:00,,Reclining Seat,680,0,50,regular,0
Starlite,ferry,ARCHER,Calapan,Batangas,06/09/2026,17:00,20:00,,Economy Bed Bunk,680,0,50,regular,1
Starlite,ferry,ARCHER,Calapan,Batangas,06/09/2026,17:00,20:00,,Tourist Bed Bunk,680,0,50,regular,1
Starlite,ferry,ARCHER,Calapan,Batangas,06/09/2026,19:00,22:00,,Reclining Seat,680,0,50,regular,0
Starlite,ferry,ARCHER,Calapan,Batangas,06/09/2026,19:00,22:00,,Economy Bed Bunk,680,0,50,regular,1
Starlite,ferry,ARCHER,Calapan,Batangas,06/09/2026,19:00,22:00,,Tourist Bed Bunk,680,0,50,regular,1
Starlite,ferry,ARCHER,Calapan,Batangas,06/09/2026,21:00,00:00,,Reclining Seat,680,0,50,regular,0
Starlite,ferry,ARCHER,Calapan,Batangas,06/09/2026,21:00,00:00,,Economy Bed Bunk,680,0,50,regular,1
Starlite,ferry,ARCHER,Calapan,Batangas,06/09/2026,21:00,00:00,,Tourist Bed Bunk,680,0,50,regular,1
Starlite,ferry,ARCHER,Calapan,Batangas,06/09/2026,23:00,02:00,,Reclining Seat,680,0,50,regular,0
Starlite,ferry,ARCHER,Calapan,Batangas,06/09/2026,23:00,02:00,,Economy Bed Bunk,680,0,50,regular,1
Starlite,ferry,ARCHER,Calapan,Batangas,06/09/2026,23:00,02:00,,Tourist Bed Bunk,680,0,50,regular,1
Starlite,ferry,ARCHER,Calapan,Batangas,07/09/2026,01:00,04:00,,Reclining Seat,680,0,50,regular,0
Starlite,ferry,ARCHER,Calapan,Batangas,07/09/2026,01:00,04:00,,Economy Bed Bunk,680,0,50,regular,1
Starlite,ferry,ARCHER,Calapan,Batangas,07/09/2026,01:00,04:00,,Tourist Bed Bunk,680,0,50,regular,1
Starlite,ferry,ARCHER,Calapan,Batangas,07/09/2026,03:00,06:00,,Reclining Seat,680,0,50,regular,0
Starlite,ferry,ARCHER,Calapan,Batangas,07/09/2026,03:00,06:00,,Economy Bed Bunk,680,0,50,regular,1
Starlite,ferry,ARCHER,Calapan,Batangas,07/09/2026,03:00,06:00,,Tourist Bed Bunk,680,0,50,regular,1
Starlite,ferry,ARCHER,Calapan,Batangas,07/09/2026,05:00,08:00,,Reclining Seat,680,0,50,regular,0
Starlite,ferry,ARCHER,Calapan,Batangas,07/09/2026,05:00,08:00,,Economy Bed Bunk,680,0,50,regular,1
Starlite,ferry,ARCHER,Calapan,Batangas,07/09/2026,05:00,08:00,,Tourist Bed Bunk,680,0,50,regular,1
Starlite,ferry,ARCHER,Calapan,Batangas,07/09/2026,07:00,10:00,,Reclining Seat,680,0,50,regular,0
Starlite,ferry,ARCHER,Calapan,Batangas,07/09/2026,07:00,10:00,,Economy Bed Bunk,680,0,50,regular,1
Starlite,ferry,ARCHER,Calapan,Batangas,07/09/2026,07:00,10:00,,Tourist Bed Bunk,680,0,50,regular,1
Starlite,ferry,ARCHER,Calapan,Batangas,07/09/2026,09:00,12:00,,Reclining Seat,680,0,50,regular,0
Starlite,ferry,ARCHER,Calapan,Batangas,07/09/2026,09:00,12:00,,Economy Bed Bunk,680,0,50,regular,1
Starlite,ferry,ARCHER,Calapan,Batangas,07/09/2026,09:00,12:00,,Tourist Bed Bunk,680,0,50,regular,1
Starlite,ferry,ARCHER,Calapan,Batangas,07/09/2026,11:00,14:00,,Reclining Seat,680,0,50,regular,0
Starlite,ferry,ARCHER,Calapan,Batangas,07/09/2026,11:00,14:00,,Economy Bed Bunk,680,0,50,regular,1
Starlite,ferry,ARCHER,Calapan,Batangas,07/09/2026,11:00,14:00,,Tourist Bed Bunk,680,0,50,regular,1
Starlite,ferry,ARCHER,Calapan,Batangas,07/09/2026,13:00,16:00,,Reclining Seat,680,0,50,regular,0
Starlite,ferry,ARCHER,Calapan,Batangas,07/09/2026,13:00,16:00,,Economy Bed Bunk,680,0,50,regular,1
Starlite,ferry,ARCHER,Calapan,Batangas,07/09/2026,13:00,16:00,,Tourist Bed Bunk,680,0,50,regular,1
Starlite,ferry,ARCHER,Calapan,Batangas,07/09/2026,15:00,18:00,,Reclining Seat,680,0,50,regular,0
Starlite,ferry,ARCHER,Calapan,Batangas,07/09/2026,15:00,18:00,,Economy Bed Bunk,680,0,50,regular,1
Starlite,ferry,ARCHER,Calapan,Batangas,07/09/2026,15:00,18:00,,Tourist Bed Bunk,680,0,50,regular,1
Starlite,ferry,ARCHER,Calapan,Batangas,07/09/2026,17:00,20:00,,Reclining Seat,680,0,50,regular,0
Starlite,ferry,ARCHER,Calapan,Batangas,07/09/2026,17:00,20:00,,Economy Bed Bunk,680,0,50,regular,1
Starlite,ferry,ARCHER,Calapan,Batangas,07/09/2026,17:00,20:00,,Tourist Bed Bunk,680,0,50,regular,1
Starlite,ferry,ARCHER,Calapan,Batangas,07/09/2026,19:00,22:00,,Reclining Seat,680,0,50,regular,0
Starlite,ferry,ARCHER,Calapan,Batangas,07/09/2026,19:00,22:00,,Economy Bed Bunk,680,0,50,regular,1
Starlite,ferry,ARCHER,Calapan,Batangas,07/09/2026,19:00,22:00,,Tourist Bed Bunk,680,0,50,regular,1
Starlite,ferry,ARCHER,Calapan,Batangas,07/09/2026,21:00,00:00,,Reclining Seat,680,0,50,regular,0
Starlite,ferry,ARCHER,Calapan,Batangas,07/09/2026,21:00,00:00,,Economy Bed Bunk,680,0,50,regular,1
Starlite,ferry,ARCHER,Calapan,Batangas,07/09/2026,21:00,00:00,,Tourist Bed Bunk,680,0,50,regular,1
Starlite,ferry,ARCHER,Calapan,Batangas,07/09/2026,23:00,02:00,,Reclining Seat,680,0,50,regular,0
Starlite,ferry,ARCHER,Calapan,Batangas,07/09/2026,23:00,02:00,,Economy Bed Bunk,680,0,50,regular,1
Starlite,ferry,ARCHER,Calapan,Batangas,07/09/2026,23:00,02:00,,Tourist Bed Bunk,680,0,50,regular,1
Starlite,ferry,ARCHER,Calapan,Batangas,08/09/2026,01:00,04:00,,Reclining Seat,680,0,50,regular,0
Starlite,ferry,ARCHER,Calapan,Batangas,08/09/2026,01:00,04:00,,Economy Bed Bunk,680,0,50,regular,1
Starlite,ferry,ARCHER,Calapan,Batangas,08/09/2026,01:00,04:00,,Tourist Bed Bunk,680,0,50,regular,1
Starlite,ferry,ARCHER,Calapan,Batangas,08/09/2026,03:00,06:00,,Reclining Seat,680,0,50,regular,0
Starlite,ferry,ARCHER,Calapan,Batangas,08/09/2026,03:00,06:00,,Economy Bed Bunk,680,0,50,regular,1
Starlite,ferry,ARCHER,Calapan,Batangas,08/09/2026,03:00,06:00,,Tourist Bed Bunk,680,0,50,regular,1
Starlite,ferry,ARCHER,Calapan,Batangas,08/09/2026,05:00,08:00,,Reclining Seat,680,0,50,regular,0
Starlite,ferry,ARCHER,Calapan,Batangas,08/09/2026,05:00,08:00,,Economy Bed Bunk,680,0,50,regular,1
Starlite,ferry,ARCHER,Calapan,Batangas,08/09/2026,05:00,08:00,,Tourist Bed Bunk,680,0,50,regular,1
Starlite,ferry,ARCHER,Calapan,Batangas,08/09/2026,07:00,10:00,,Reclining Seat,680,0,50,regular,0
Starlite,ferry,ARCHER,Calapan,Batangas,08/09/2026,07:00,10:00,,Economy Bed Bunk,680,0,50,regular,1
Starlite,ferry,ARCHER,Calapan,Batangas,08/09/2026,07:00,10:00,,Tourist Bed Bunk,680,0,50,regular,1
Starlite,ferry,ARCHER,Calapan,Batangas,08/09/2026,09:00,12:00,,Reclining Seat,680,0,50,regular,0
Starlite,ferry,ARCHER,Calapan,Batangas,08/09/2026,09:00,12:00,,Economy Bed Bunk,680,0,50,regular,1
Starlite,ferry,ARCHER,Calapan,Batangas,08/09/2026,09:00,12:00,,Tourist Bed Bunk,680,0,50,regular,1
Starlite,ferry,ARCHER,Calapan,Batangas,08/09/2026,11:00,14:00,,Reclining Seat,680,0,50,regular,0
Starlite,ferry,ARCHER,Calapan,Batangas,08/09/2026,11:00,14:00,,Economy Bed Bunk,680,0,50,regular,1
Starlite,ferry,ARCHER,Calapan,Batangas,08/09/2026,11:00,14:00,,Tourist Bed Bunk,680,0,50,regular,1
Starlite,ferry,ARCHER,Calapan,Batangas,08/09/2026,13:00,16:00,,Reclining Seat,680,0,50,regular,0
Starlite,ferry,ARCHER,Calapan,Batangas,08/09/2026,13:00,16:00,,Economy Bed Bunk,680,0,50,regular,1
Starlite,ferry,ARCHER,Calapan,Batangas,08/09/2026,13:00,16:00,,Tourist Bed Bunk,680,0,50,regular,1
Starlite,ferry,ARCHER,Calapan,Batangas,08/09/2026,15:00,18:00,,Reclining Seat,680,0,50,regular,0
Starlite,ferry,ARCHER,Calapan,Batangas,08/09/2026,15:00,18:00,,Economy Bed Bunk,680,0,50,regular,1
Starlite,ferry,ARCHER,Calapan,Batangas,08/09/2026,15:00,18:00,,Tourist Bed Bunk,680,0,50,regular,1
Starlite,ferry,ARCHER,Calapan,Batangas,08/09/2026,17:00,20:00,,Reclining Seat,680,0,50,regular,0
Starlite,ferry,ARCHER,Calapan,Batangas,08/09/2026,17:00,20:00,,Economy Bed Bunk,680,0,50,regular,1
Starlite,ferry,ARCHER,Calapan,Batangas,08/09/2026,17:00,20:00,,Tourist Bed Bunk,680,0,50,regular,1
Starlite,ferry,ARCHER,Calapan,Batangas,08/09/2026,19:00,22:00,,Reclining Seat,680,0,50,regular,0
Starlite,ferry,ARCHER,Calapan,Batangas,08/09/2026,19:00,22:00,,Economy Bed Bunk,680,0,50,regular,1
Starlite,ferry,ARCHER,Calapan,Batangas,08/09/2026,19:00,22:00,,Tourist Bed Bunk,680,0,50,regular,1
Starlite,ferry,ARCHER,Calapan,Batangas,08/09/2026,21:00,00:00,,Reclining Seat,680,0,50,regular,0
Starlite,ferry,ARCHER,Calapan,Batangas,08/09/2026,21:00,00:00,,Economy Bed Bunk,680,0,50,regular,1
Starlite,ferry,ARCHER,Calapan,Batangas,08/09/2026,21:00,00:00,,Tourist Bed Bunk,680,0,50,regular,1
Starlite,ferry,ARCHER,Calapan,Batangas,08/09/2026,23:00,02:00,,Reclining Seat,680,0,50,regular,0
Starlite,ferry,ARCHER,Calapan,Batangas,08/09/2026,23:00,02:00,,Economy Bed Bunk,680,0,50,regular,1
Starlite,ferry,ARCHER,Calapan,Batangas,08/09/2026,23:00,02:00,,Tourist Bed Bunk,680,0,50,regular,1
Starlite,ferry,ARCHER,Calapan,Batangas,09/09/2026,01:00,04:00,,Reclining Seat,680,0,50,regular,0
Starlite,ferry,ARCHER,Calapan,Batangas,09/09/2026,01:00,04:00,,Economy Bed Bunk,680,0,50,regular,1
Starlite,ferry,ARCHER,Calapan,Batangas,09/09/2026,01:00,04:00,,Tourist Bed Bunk,680,0,50,regular,1
Starlite,ferry,ARCHER,Calapan,Batangas,09/09/2026,03:00,06:00,,Reclining Seat,680,0,50,regular,0
Starlite,ferry,ARCHER,Calapan,Batangas,09/09/2026,03:00,06:00,,Economy Bed Bunk,680,0,50,regular,1
Starlite,ferry,ARCHER,Calapan,Batangas,09/09/2026,03:00,06:00,,Tourist Bed Bunk,680,0,50,regular,1
Starlite,ferry,ARCHER,Calapan,Batangas,09/09/2026,05:00,08:00,,Reclining Seat,680,0,50,regular,0
Starlite,ferry,ARCHER,Calapan,Batangas,09/09/2026,05:00,08:00,,Economy Bed Bunk,680,0,50,regular,1
Starlite,ferry,ARCHER,Calapan,Batangas,09/09/2026,05:00,08:00,,Tourist Bed Bunk,680,0,50,regular,1
Starlite,ferry,ARCHER,Calapan,Batangas,09/09/2026,07:00,10:00,,Reclining Seat,680,0,50,regular,0
Starlite,ferry,ARCHER,Calapan,Batangas,09/09/2026,07:00,10:00,,Economy Bed Bunk,680,0,50,regular,1
Starlite,ferry,ARCHER,Calapan,Batangas,09/09/2026,07:00,10:00,,Tourist Bed Bunk,680,0,50,regular,1
Starlite,ferry,ARCHER,Calapan,Batangas,09/09/2026,09:00,12:00,,Reclining Seat,680,0,50,regular,0
Starlite,ferry,ARCHER,Calapan,Batangas,09/09/2026,09:00,12:00,,Economy Bed Bunk,680,0,50,regular,1
Starlite,ferry,ARCHER,Calapan,Batangas,09/09/2026,09:00,12:00,,Tourist Bed Bunk,680,0,50,regular,1
Starlite,ferry,ARCHER,Calapan,Batangas,09/09/2026,11:00,14:00,,Reclining Seat,680,0,50,regular,0
Starlite,ferry,ARCHER,Calapan,Batangas,09/09/2026,11:00,14:00,,Economy Bed Bunk,680,0,50,regular,1
Starlite,ferry,ARCHER,Calapan,Batangas,09/09/2026,11:00,14:00,,Tourist Bed Bunk,680,0,50,regular,1
Starlite,ferry,ARCHER,Calapan,Batangas,09/09/2026,13:00,16:00,,Reclining Seat,680,0,50,regular,0
Starlite,ferry,ARCHER,Calapan,Batangas,09/09/2026,13:00,16:00,,Economy Bed Bunk,680,0,50,regular,1
Starlite,ferry,ARCHER,Calapan,Batangas,09/09/2026,13:00,16:00,,Tourist Bed Bunk,680,0,50,regular,1
Starlite,ferry,ARCHER,Calapan,Batangas,09/09/2026,15:00,18:00,,Reclining Seat,680,0,50,regular,0
Starlite,ferry,ARCHER,Calapan,Batangas,09/09/2026,15:00,18:00,,Economy Bed Bunk,680,0,50,regular,1
Starlite,ferry,ARCHER,Calapan,Batangas,09/09/2026,15:00,18:00,,Tourist Bed Bunk,680,0,50,regular,1
Starlite,ferry,ARCHER,Calapan,Batangas,09/09/2026,17:00,20:00,,Reclining Seat,680,0,50,regular,0
Starlite,ferry,ARCHER,Calapan,Batangas,09/09/2026,17:00,20:00,,Economy Bed Bunk,680,0,50,regular,1
Starlite,ferry,ARCHER,Calapan,Batangas,09/09/2026,17:00,20:00,,Tourist Bed Bunk,680,0,50,regular,1
Starlite,ferry,ARCHER,Calapan,Batangas,09/09/2026,19:00,22:00,,Reclining Seat,680,0,50,regular,0
Starlite,ferry,ARCHER,Calapan,Batangas,09/09/2026,19:00,22:00,,Economy Bed Bunk,680,0,50,regular,1
Starlite,ferry,ARCHER,Calapan,Batangas,09/09/2026,19:00,22:00,,Tourist Bed Bunk,680,0,50,regular,1
Starlite,ferry,ARCHER,Calapan,Batangas,09/09/2026,21:00,00:00,,Reclining Seat,680,0,50,regular,0
Starlite,ferry,ARCHER,Calapan,Batangas,09/09/2026,21:00,00:00,,Economy Bed Bunk,680,0,50,regular,1
Starlite,ferry,ARCHER,Calapan,Batangas,09/09/2026,21:00,00:00,,Tourist Bed Bunk,680,0,50,regular,1
Starlite,ferry,ARCHER,Calapan,Batangas,09/09/2026,23:00,02:00,,Reclining Seat,680,0,50,regular,0
Starlite,ferry,ARCHER,Calapan,Batangas,09/09/2026,23:00,02:00,,Economy Bed Bunk,680,0,50,regular,1
Starlite,ferry,ARCHER,Calapan,Batangas,09/09/2026,23:00,02:00,,Tourist Bed Bunk,680,0,50,regular,1
Starlite,ferry,ARCHER,Calapan,Batangas,10/09/2026,01:00,04:00,,Reclining Seat,680,0,50,regular,0
Starlite,ferry,ARCHER,Calapan,Batangas,10/09/2026,01:00,04:00,,Economy Bed Bunk,680,0,50,regular,1
Starlite,ferry,ARCHER,Calapan,Batangas,10/09/2026,01:00,04:00,,Tourist Bed Bunk,680,0,50,regular,1
Starlite,ferry,ARCHER,Calapan,Batangas,10/09/2026,03:00,06:00,,Reclining Seat,680,0,50,regular,0
Starlite,ferry,ARCHER,Calapan,Batangas,10/09/2026,03:00,06:00,,Economy Bed Bunk,680,0,50,regular,1
Starlite,ferry,ARCHER,Calapan,Batangas,10/09/2026,03:00,06:00,,Tourist Bed Bunk,680,0,50,regular,1
Starlite,ferry,ARCHER,Calapan,Batangas,10/09/2026,05:00,08:00,,Reclining Seat,680,0,50,regular,0
Starlite,ferry,ARCHER,Calapan,Batangas,10/09/2026,05:00,08:00,,Economy Bed Bunk,680,0,50,regular,1
Starlite,ferry,ARCHER,Calapan,Batangas,10/09/2026,05:00,08:00,,Tourist Bed Bunk,680,0,50,regular,1
Starlite,ferry,ARCHER,Calapan,Batangas,10/09/2026,07:00,10:00,,Reclining Seat,680,0,50,regular,0
Starlite,ferry,ARCHER,Calapan,Batangas,10/09/2026,07:00,10:00,,Economy Bed Bunk,680,0,50,regular,1
Starlite,ferry,ARCHER,Calapan,Batangas,10/09/2026,07:00,10:00,,Tourist Bed Bunk,680,0,50,regular,1
Starlite,ferry,ARCHER,Calapan,Batangas,10/09/2026,09:00,12:00,,Reclining Seat,680,0,50,regular,0
Starlite,ferry,ARCHER,Calapan,Batangas,10/09/2026,09:00,12:00,,Economy Bed Bunk,680,0,50,regular,1
Starlite,ferry,ARCHER,Calapan,Batangas,10/09/2026,09:00,12:00,,Tourist Bed Bunk,680,0,50,regular,1
Starlite,ferry,ARCHER,Calapan,Batangas,10/09/2026,11:00,14:00,,Reclining Seat,680,0,50,regular,0
Starlite,ferry,ARCHER,Calapan,Batangas,10/09/2026,11:00,14:00,,Economy Bed Bunk,680,0,50,regular,1
Starlite,ferry,ARCHER,Calapan,Batangas,10/09/2026,11:00,14:00,,Tourist Bed Bunk,680,0,50,regular,1
Starlite,ferry,ARCHER,Calapan,Batangas,10/09/2026,13:00,16:00,,Reclining Seat,680,0,50,regular,0
Starlite,ferry,ARCHER,Calapan,Batangas,10/09/2026,13:00,16:00,,Economy Bed Bunk,680,0,50,regular,1
Starlite,ferry,ARCHER,Calapan,Batangas,10/09/2026,13:00,16:00,,Tourist Bed Bunk,680,0,50,regular,1
Starlite,ferry,ARCHER,Calapan,Batangas,10/09/2026,15:00,18:00,,Reclining Seat,680,0,50,regular,0
Starlite,ferry,ARCHER,Calapan,Batangas,10/09/2026,15:00,18:00,,Economy Bed Bunk,680,0,50,regular,1
Starlite,ferry,ARCHER,Calapan,Batangas,10/09/2026,15:00,18:00,,Tourist Bed Bunk,680,0,50,regular,1
Starlite,ferry,ARCHER,Calapan,Batangas,10/09/2026,17:00,20:00,,Reclining Seat,680,0,50,regular,0
Starlite,ferry,ARCHER,Calapan,Batangas,10/09/2026,17:00,20:00,,Economy Bed Bunk,680,0,50,regular,1
Starlite,ferry,ARCHER,Calapan,Batangas,10/09/2026,17:00,20:00,,Tourist Bed Bunk,680,0,50,regular,1
Starlite,ferry,ARCHER,Calapan,Batangas,10/09/2026,19:00,22:00,,Reclining Seat,680,0,50,regular,0
Starlite,ferry,ARCHER,Calapan,Batangas,10/09/2026,19:00,22:00,,Economy Bed Bunk,680,0,50,regular,1
Starlite,ferry,ARCHER,Calapan,Batangas,10/09/2026,19:00,22:00,,Tourist Bed Bunk,680,0,50,regular,1
Starlite,ferry,ARCHER,Calapan,Batangas,10/09/2026,21:00,00:00,,Reclining Seat,680,0,50,regular,0
Starlite,ferry,ARCHER,Calapan,Batangas,10/09/2026,21:00,00:00,,Economy Bed Bunk,680,0,50,regular,1
Starlite,ferry,ARCHER,Calapan,Batangas,10/09/2026,21:00,00:00,,Tourist Bed Bunk,680,0,50,regular,1
Starlite,ferry,ARCHER,Calapan,Batangas,10/09/2026,23:00,02:00,,Reclining Seat,680,0,50,regular,0
Starlite,ferry,ARCHER,Calapan,Batangas,10/09/2026,23:00,02:00,,Economy Bed Bunk,680,0,50,regular,1
Starlite,ferry,ARCHER,Calapan,Batangas,10/09/2026,23:00,02:00,,Tourist Bed Bunk,680,0,50,regular,1
Starlite,ferry,ARCHER,Calapan,Batangas,11/09/2026,01:00,04:00,,Reclining Seat,680,0,50,regular,0
Starlite,ferry,ARCHER,Calapan,Batangas,11/09/2026,01:00,04:00,,Economy Bed Bunk,680,0,50,regular,1
Starlite,ferry,ARCHER,Calapan,Batangas,11/09/2026,01:00,04:00,,Tourist Bed Bunk,680,0,50,regular,1
Starlite,ferry,ARCHER,Calapan,Batangas,11/09/2026,03:00,06:00,,Reclining Seat,680,0,50,regular,0
Starlite,ferry,ARCHER,Calapan,Batangas,11/09/2026,03:00,06:00,,Economy Bed Bunk,680,0,50,regular,1
Starlite,ferry,ARCHER,Calapan,Batangas,11/09/2026,03:00,06:00,,Tourist Bed Bunk,680,0,50,regular,1
Starlite,ferry,ARCHER,Calapan,Batangas,11/09/2026,05:00,08:00,,Reclining Seat,680,0,50,regular,0
Starlite,ferry,ARCHER,Calapan,Batangas,11/09/2026,05:00,08:00,,Economy Bed Bunk,680,0,50,regular,1
Starlite,ferry,ARCHER,Calapan,Batangas,11/09/2026,05:00,08:00,,Tourist Bed Bunk,680,0,50,regular,1
Starlite,ferry,ARCHER,Calapan,Batangas,11/09/2026,07:00,10:00,,Reclining Seat,680,0,50,regular,0
Starlite,ferry,ARCHER,Calapan,Batangas,11/09/2026,07:00,10:00,,Economy Bed Bunk,680,0,50,regular,1
Starlite,ferry,ARCHER,Calapan,Batangas,11/09/2026,07:00,10:00,,Tourist Bed Bunk,680,0,50,regular,1
Starlite,ferry,ARCHER,Calapan,Batangas,11/09/2026,09:00,12:00,,Reclining Seat,680,0,50,regular,0
Starlite,ferry,ARCHER,Calapan,Batangas,11/09/2026,09:00,12:00,,Economy Bed Bunk,680,0,50,regular,1
Starlite,ferry,ARCHER,Calapan,Batangas,11/09/2026,09:00,12:00,,Tourist Bed Bunk,680,0,50,regular,1
Starlite,ferry,ARCHER,Calapan,Batangas,11/09/2026,11:00,14:00,,Reclining Seat,680,0,50,regular,0
Starlite,ferry,ARCHER,Calapan,Batangas,11/09/2026,11:00,14:00,,Economy Bed Bunk,680,0,50,regular,1
Starlite,ferry,ARCHER,Calapan,Batangas,11/09/2026,11:00,14:00,,Tourist Bed Bunk,680,0,50,regular,1
Starlite,ferry,ARCHER,Calapan,Batangas,11/09/2026,13:00,16:00,,Reclining Seat,680,0,50,regular,0
Starlite,ferry,ARCHER,Calapan,Batangas,11/09/2026,13:00,16:00,,Economy Bed Bunk,680,0,50,regular,1
Starlite,ferry,ARCHER,Calapan,Batangas,11/09/2026,13:00,16:00,,Tourist Bed Bunk,680,0,50,regular,1
Starlite,ferry,ARCHER,Calapan,Batangas,11/09/2026,15:00,18:00,,Reclining Seat,680,0,50,regular,0
Starlite,ferry,ARCHER,Calapan,Batangas,11/09/2026,15:00,18:00,,Economy Bed Bunk,680,0,50,regular,1
Starlite,ferry,ARCHER,Calapan,Batangas,11/09/2026,15:00,18:00,,Tourist Bed Bunk,680,0,50,regular,1
Starlite,ferry,ARCHER,Calapan,Batangas,11/09/2026,17:00,20:00,,Reclining Seat,680,0,50,regular,0
Starlite,ferry,ARCHER,Calapan,Batangas,11/09/2026,17:00,20:00,,Economy Bed Bunk,680,0,50,regular,1
Starlite,ferry,ARCHER,Calapan,Batangas,11/09/2026,17:00,20:00,,Tourist Bed Bunk,680,0,50,regular,1
Starlite,ferry,ARCHER,Calapan,Batangas,11/09/2026,19:00,22:00,,Reclining Seat,680,0,50,regular,0
Starlite,ferry,ARCHER,Calapan,Batangas,11/09/2026,19:00,22:00,,Economy Bed Bunk,680,0,50,regular,1
Starlite,ferry,ARCHER,Calapan,Batangas,11/09/2026,19:00,22:00,,Tourist Bed Bunk,680,0,50,regular,1
Starlite,ferry,ARCHER,Calapan,Batangas,11/09/2026,21:00,00:00,,Reclining Seat,680,0,50,regular,0
Starlite,ferry,ARCHER,Calapan,Batangas,11/09/2026,21:00,00:00,,Economy Bed Bunk,680,0,50,regular,1
Starlite,ferry,ARCHER,Calapan,Batangas,11/09/2026,21:00,00:00,,Tourist Bed Bunk,680,0,50,regular,1
Starlite,ferry,ARCHER,Calapan,Batangas,11/09/2026,23:00,02:00,,Reclining Seat,680,0,50,regular,0
Starlite,ferry,ARCHER,Calapan,Batangas,11/09/2026,23:00,02:00,,Economy Bed Bunk,680,0,50,regular,1
Starlite,ferry,ARCHER,Calapan,Batangas,11/09/2026,23:00,02:00,,Tourist Bed Bunk,680,0,50,regular,1
Starlite,ferry,ARCHER,Calapan,Batangas,12/09/2026,01:00,04:00,,Reclining Seat,680,0,50,regular,0
Starlite,ferry,ARCHER,Calapan,Batangas,12/09/2026,01:00,04:00,,Economy Bed Bunk,680,0,50,regular,1
Starlite,ferry,ARCHER,Calapan,Batangas,12/09/2026,01:00,04:00,,Tourist Bed Bunk,680,0,50,regular,1
Starlite,ferry,ARCHER,Calapan,Batangas,12/09/2026,03:00,06:00,,Reclining Seat,680,0,50,regular,0
Starlite,ferry,ARCHER,Calapan,Batangas,12/09/2026,03:00,06:00,,Economy Bed Bunk,680,0,50,regular,1
Starlite,ferry,ARCHER,Calapan,Batangas,12/09/2026,03:00,06:00,,Tourist Bed Bunk,680,0,50,regular,1
Starlite,ferry,ARCHER,Calapan,Batangas,12/09/2026,05:00,08:00,,Reclining Seat,680,0,50,regular,0
Starlite,ferry,ARCHER,Calapan,Batangas,12/09/2026,05:00,08:00,,Economy Bed Bunk,680,0,50,regular,1
Starlite,ferry,ARCHER,Calapan,Batangas,12/09/2026,05:00,08:00,,Tourist Bed Bunk,680,0,50,regular,1
Starlite,ferry,ARCHER,Calapan,Batangas,12/09/2026,07:00,10:00,,Reclining Seat,680,0,50,regular,0
Starlite,ferry,ARCHER,Calapan,Batangas,12/09/2026,07:00,10:00,,Economy Bed Bunk,680,0,50,regular,1
Starlite,ferry,ARCHER,Calapan,Batangas,12/09/2026,07:00,10:00,,Tourist Bed Bunk,680,0,50,regular,1
Starlite,ferry,ARCHER,Calapan,Batangas,12/09/2026,09:00,12:00,,Reclining Seat,680,0,50,regular,0
Starlite,ferry,ARCHER,Calapan,Batangas,12/09/2026,09:00,12:00,,Economy Bed Bunk,680,0,50,regular,1
Starlite,ferry,ARCHER,Calapan,Batangas,12/09/2026,09:00,12:00,,Tourist Bed Bunk,680,0,50,regular,1
Starlite,ferry,ARCHER,Calapan,Batangas,12/09/2026,11:00,14:00,,Reclining Seat,680,0,50,regular,0
Starlite,ferry,ARCHER,Calapan,Batangas,12/09/2026,11:00,14:00,,Economy Bed Bunk,680,0,50,regular,1
Starlite,ferry,ARCHER,Calapan,Batangas,12/09/2026,11:00,14:00,,Tourist Bed Bunk,680,0,50,regular,1
Starlite,ferry,ARCHER,Calapan,Batangas,12/09/2026,13:00,16:00,,Reclining Seat,680,0,50,regular,0
Starlite,ferry,ARCHER,Calapan,Batangas,12/09/2026,13:00,16:00,,Economy Bed Bunk,680,0,50,regular,1
Starlite,ferry,ARCHER,Calapan,Batangas,12/09/2026,13:00,16:00,,Tourist Bed Bunk,680,0,50,regular,1
Starlite,ferry,ARCHER,Calapan,Batangas,12/09/2026,15:00,18:00,,Reclining Seat,680,0,50,regular,0
Starlite,ferry,ARCHER,Calapan,Batangas,12/09/2026,15:00,18:00,,Economy Bed Bunk,680,0,50,regular,1
Starlite,ferry,ARCHER,Calapan,Batangas,12/09/2026,15:00,18:00,,Tourist Bed Bunk,680,0,50,regular,1
Starlite,ferry,ARCHER,Calapan,Batangas,12/09/2026,17:00,20:00,,Reclining Seat,680,0,50,regular,0
Starlite,ferry,ARCHER,Calapan,Batangas,12/09/2026,17:00,20:00,,Economy Bed Bunk,680,0,50,regular,1
Starlite,ferry,ARCHER,Calapan,Batangas,12/09/2026,17:00,20:00,,Tourist Bed Bunk,680,0,50,regular,1
Starlite,ferry,ARCHER,Calapan,Batangas,12/09/2026,19:00,22:00,,Reclining Seat,680,0,50,regular,0
Starlite,ferry,ARCHER,Calapan,Batangas,12/09/2026,19:00,22:00,,Economy Bed Bunk,680,0,50,regular,1
Starlite,ferry,ARCHER,Calapan,Batangas,12/09/2026,19:00,22:00,,Tourist Bed Bunk,680,0,50,regular,1
Starlite,ferry,ARCHER,Calapan,Batangas,12/09/2026,21:00,00:00,,Reclining Seat,680,0,50,regular,0
Starlite,ferry,ARCHER,Calapan,Batangas,12/09/2026,21:00,00:00,,Economy Bed Bunk,680,0,50,regular,1
Starlite,ferry,ARCHER,Calapan,Batangas,12/09/2026,21:00,00:00,,Tourist Bed Bunk,680,0,50,regular,1
Starlite,ferry,ARCHER,Calapan,Batangas,12/09/2026,23:00,02:00,,Reclining Seat,680,0,50,regular,0
Starlite,ferry,ARCHER,Calapan,Batangas,12/09/2026,23:00,02:00,,Economy Bed Bunk,680,0,50,regular,1
Starlite,ferry,ARCHER,Calapan,Batangas,12/09/2026,23:00,02:00,,Tourist Bed Bunk,680,0,50,regular,1
